999
dxflib 3.26.4.0
  0
SECTION
  2
HEADER
  9
$ACADVER
  1
AC1015
  9
$HANDSEED
  5
FFFF
  9
$DIMADEC
 70
0
  9
$DIMASZ
 40
4.0
  9
$DIMATFIT
 70
0
  9
$DIMAUNIT
 70
0
  9
$DIMAZIN
 70
2
  9
$DIMBLK
  1
0
  9
$DIMBLK1
  1
0
  9
$DIMBLK2
  1
0
  9
$DIMDEC
 70
4
  9
$DIMDLI
 40
0.25
  9
$DIMDSEP
 70
46
  9
$DIMEXE
 40
0.0625
  9
$DIMEXO
 40
0.03125
  9
$DIMGAP
 40
0.03125
  9
$DIMLFAC
 40
0.0
  9
$DIMLUNIT
 70
3
  9
$DIMSCALE
 40
1.0
  9
$DIMTAD
 70
1
  9
$DIMTIH
 70
0
  9
$DIMTSZ
 40
0.0
  9
$DIMTXT
 40
0.125
  9
$DIMZIN
 70
8
  9
$DWGCODEPAGE
  3
ANSI_1252
  9
$INSUNITS
 70
1
  9
$LTSCALE
 40
1.0
  9
$MAXACTVP
 70
64
  9
$MEASUREMENT
 70
0
  9
$MIRRTEXT
 70
0
  9
$PDMODE
 70
0
  9
$PDSIZE
 40
0.0
  0
ENDSEC
  0
SECTION
  2
TABLES
  0
TABLE
  2
VPORT
  5
8
100
AcDbSymbolTable
 70
1
  0
VPORT
  5
30
100
AcDbSymbolTableRecord
100
AcDbViewportTableRecord
  2
*Active
 70
0
 10
0.0
 20
0.0
 11
1.0
 21
1.0
 12
286.3055555555554861
 22
148.5
 13
0.0
 23
0.0
 14
10.0
 24
10.0
 15
10.0
 25
10.0
 16
0.0
 26
0.0
 36
1.0
 17
0.0
 27
0.0
 37
0.0
 40
297.0
 41
1.92798353909465
 42
50.0
 43
0.0
 44
0.0
 50
0.0
 51
0.0
 71
0
 72
100
 73
1
 74
3
 75
1
 76
1
 77
0
 78
0
281
0
 65
1
110
0.0
120
0.0
130
0.0
111
1.0
121
0.0
131
0.0
112
0.0
122
1.0
132
0.0
 79
0
146
0.0
  0
ENDTAB
  0
TABLE
  2
LTYPE
  5
5
100
AcDbSymbolTable
 70
41
  0
LTYPE
  5
16
100
AcDbSymbolTableRecord
100
AcDbLinetypeTableRecord
  2
Continuous
 70
0
  3
Solid line
 72
65
 73
0
 40
0.0
  0
LTYPE
  5
31
100
AcDbSymbolTableRecord
100
AcDbLinetypeTableRecord
  2
ACAD_ISO09W100
 70
0
  3
ISO long-dash double-short-dash ____ __ __ ____
 72
65
 73
6
 40
45.0
 49
24.0
 74
0
 49
-3.0
 74
0
 49
6.0
 74
0
 49
-3.0
 74
0
 49
6.0
 74
0
 49
-3.0
 74
0
  0
LTYPE
  5
32
100
AcDbSymbolTableRecord
100
AcDbLinetypeTableRecord
  2
PHANTOM2
 70
0
  3
Phantom (.5x) ___ _ _ ___ _ _ ___ _ _ ___ _ _
 72
65
 73
6
 40
31.7500000000000036
 49
15.875
 74
0
 49
-3.1749999999999998
 74
0
 49
3.1749999999999998
 74
0
 49
-3.1749999999999998
 74
0
 49
3.1749999999999998
 74
0
 49
-3.1749999999999998
 74
0
  0
LTYPE
  5
33
100
AcDbSymbolTableRecord
100
AcDbLinetypeTableRecord
  2
ACAD_ISO02W100
 70
0
  3
ISO dash __ __ __ __ __ __ __ __ __ __ __ __ __
 72
65
 73
2
 40
15.0
 49
12.0
 74
0
 49
-3.0
 74
0
  0
LTYPE
  5
34
100
AcDbSymbolTableRecord
100
AcDbLinetypeTableRecord
  2
ACAD_ISO06W100
 70
0
  3
ISO long-dash triple-dot ____ ... ____ ... ____
 72
65
 73
8
 40
36.0000000000000071
 49
24.0
 74
0
 49
-2.9500000000000002
 74
0
 49
0.1
 74
0
 49
-2.9000000000000004
 74
0
 49
0.1
 74
0
 49
-2.9000000000000004
 74
0
 49
0.1
 74
0
 49
-2.9500000000000002
 74
0
  0
LTYPE
  5
35
100
AcDbSymbolTableRecord
100
AcDbLinetypeTableRecord
  2
CENTER
 70
0
  3
Center ____ _ ____ _ ____ _ ____ _ ____ _ ____
 72
65
 73
4
 40
50.8000000000000043
 49
31.75
 74
0
 49
-6.3499999999999996
 74
0
 49
6.3499999999999996
 74
0
 49
-6.3499999999999996
 74
0
  0
LTYPE
  5
36
100
AcDbSymbolTableRecord
100
AcDbLinetypeTableRecord
  2
BORDER
 70
0
  3
Border __ __ . __ __ . __ __ . __ __ . __ __ .
 72
65
 73
6
 40
44.4499999999999957
 49
12.6999999999999993
 74
0
 49
-6.3499999999999996
 74
0
 49
12.6999999999999993
 74
0
 49
-6.2999999999999998
 74
0
 49
0.1
 74
0
 49
-6.2999999999999998
 74
0
  0
LTYPE
  5
37
100
AcDbSymbolTableRecord
100
AcDbLinetypeTableRecord
  2
HIDDEN
 70
0
  3
Hidden __ __ __ __ __ __ __ __ __ __ __ __ __ __
 72
65
 73
2
 40
9.5249999999999986
 49
6.3499999999999996
 74
0
 49
-3.1749999999999998
 74
0
  0
LTYPE
  5
38
100
AcDbSymbolTableRecord
100
AcDbLinetypeTableRecord
  2
ACAD_ISO07W100
 70
0
  3
ISO dot . . . . . . . . . . . . . . . . . . . . 
 72
65
 73
2
 40
3.0
 49
0.1
 74
0
 49
-2.8999999999999999
 74
0
  0
LTYPE
  5
39
100
AcDbSymbolTableRecord
100
AcDbLinetypeTableRecord
  2
DIVIDE2
 70
0
  3
Divide (.5x) __..__..__..__..__..__..__..__.._
 72
65
 73
6
 40
15.8749999999999982
 49
6.3499999999999996
 74
0
 49
-3.125
 74
0
 49
0.1
 74
0
 49
-3.0750000000000002
 74
0
 49
0.1
 74
0
 49
-3.125
 74
0
  0
LTYPE
  5
3A
100
AcDbSymbolTableRecord
100
AcDbLinetypeTableRecord
  2
DOTX2
 70
0
  3
Dot (2x) .  .  .  .  .  .  .  .  .  .  .  .  .  .
 72
65
 73
2
 40
12.6999999999999993
 49
0.1
 74
0
 49
-12.5999999999999996
 74
0
  0
LTYPE
  5
3B
100
AcDbSymbolTableRecord
100
AcDbLinetypeTableRecord
  2
ACAD_ISO11W100
 70
0
  3
ISO double-dash dot __ __ . __ __ . __ __ . __ _
 72
65
 73
6
 40
33.0
 49
12.0
 74
0
 49
-3.0
 74
0
 49
12.0
 74
0
 49
-2.9500000000000002
 74
0
 49
0.1
 74
0
 49
-2.9500000000000002
 74
0
  0
LTYPE
  5
3C
100
AcDbSymbolTableRecord
100
AcDbLinetypeTableRecord
  2
ACAD_ISO14W100
 70
0
  3
ISO dash triple-dot __ . . . __ . . . __ . . . _
 72
65
 73
8
 40
24.0000000000000036
 49
12.0
 74
0
 49
-2.9500000000000002
 74
0
 49
0.1
 74
0
 49
-2.9000000000000004
 74
0
 49
0.1
 74
0
 49
-2.9000000000000004
 74
0
 49
0.1
 74
0
 49
-2.9500000000000002
 74
0
  0
LTYPE
  5
3D
100
AcDbSymbolTableRecord
100
AcDbLinetypeTableRecord
  2
CENTER2
 70
0
  3
Center (.5x) ___ _ ___ _ ___ _ ___ _ ___ _ ___
 72
65
 73
4
 40
28.5750000000000028
 49
19.0500000000000007
 74
0
 49
-3.1749999999999998
 74
0
 49
3.1749999999999998
 74
0
 49
-3.1749999999999998
 74
0
  0
LTYPE
  5
3E
100
AcDbSymbolTableRecord
100
AcDbLinetypeTableRecord
  2
DASHED2
 70
0
  3
Dashed (.5x) _ _ _ _ _ _ _ _ _ _ _ _ _ _ _ _ _ 
 72
65
 73
2
 40
9.5249999999999986
 49
6.3499999999999996
 74
0
 49
-3.1749999999999998
 74
0
  0
LTYPE
  5
3F
100
AcDbSymbolTableRecord
100
AcDbLinetypeTableRecord
  2
DASHDOT
 70
0
  3
Dash dot __ . __ . __ . __ . __ . __ . __ . __
 72
65
 73
4
 40
25.4000000000000021
 49
12.6999999999999993
 74
0
 49
-6.2999999999999998
 74
0
 49
0.1
 74
0
 49
-6.2999999999999998
 74
0
  0
LTYPE
  5
40
100
AcDbSymbolTableRecord
100
AcDbLinetypeTableRecord
  2
DASHDOTX2
 70
0
  3
Dash dot (2x) ____  .  ____  .  ____  .  ___
 72
65
 73
4
 40
50.7999999999999972
 49
25.3999999999999986
 74
0
 49
-12.6499999999999986
 74
0
 49
0.1
 74
0
 49
-12.6499999999999986
 74
0
  0
LTYPE
  5
14
100
AcDbSymbolTableRecord
100
AcDbLinetypeTableRecord
  2
BYBLOCK
 70
0
  3

 72
65
 73
0
 40
0.0
  0
LTYPE
  5
41
100
AcDbSymbolTableRecord
100
AcDbLinetypeTableRecord
  2
ACAD_ISO15W100
 70
0
  3
ISO double-dash triple-dot __ __ . . . __ __ . .
 72
65
 73
10
 40
39.0000000000000071
 49
12.0
 74
0
 49
-3.0
 74
0
 49
12.0
 74
0
 49
-2.9500000000000002
 74
0
 49
0.1
 74
0
 49
-2.9000000000000004
 74
0
 49
0.1
 74
0
 49
-2.9000000000000004
 74
0
 49
0.1
 74
0
 49
-2.9500000000000002
 74
0
  0
LTYPE
  5
42
100
AcDbSymbolTableRecord
100
AcDbLinetypeTableRecord
  2
ACAD_ISO12W100
 70
0
  3
ISO dash double-dot __ . . __ . . __ . . __ . . 
 72
65
 73
6
 40
21.0
 49
12.0
 74
0
 49
-2.9500000000000002
 74
0
 49
0.1
 74
0
 49
-2.9000000000000004
 74
0
 49
0.1
 74
0
 49
-2.9500000000000002
 74
0
  0
LTYPE
  5
43
100
AcDbSymbolTableRecord
100
AcDbLinetypeTableRecord
  2
DOT2
 70
0
  3
Dot (.5x) ........................................
 72
65
 73
2
 40
3.1749999999999998
 49
0.1
 74
0
 49
-3.0749999999999997
 74
0
  0
LTYPE
  5
44
100
AcDbSymbolTableRecord
100
AcDbLinetypeTableRecord
  2
ACAD_ISO13W100
 70
0
  3
ISO double-dash double-dot __ __ . . __ __ . . _
 72
65
 73
8
 40
36.0000000000000071
 49
12.0
 74
0
 49
-3.0
 74
0
 49
12.0
 74
0
 49
-2.9500000000000002
 74
0
 49
0.1
 74
0
 49
-2.9000000000000004
 74
0
 49
0.1
 74
0
 49
-2.9500000000000002
 74
0
  0
LTYPE
  5
45
100
AcDbSymbolTableRecord
100
AcDbLinetypeTableRecord
  2
BORDER2
 70
0
  3
Border (.5x) __.__.__.__.__.__.__.__.__.__.__.
 72
65
 73
6
 40
22.2250000000000014
 49
6.3499999999999996
 74
0
 49
-3.1749999999999998
 74
0
 49
6.3499999999999996
 74
0
 49
-3.125
 74
0
 49
0.1
 74
0
 49
-3.125
 74
0
  0
LTYPE
  5
15
100
AcDbSymbolTableRecord
100
AcDbLinetypeTableRecord
  2
BYLAYER
 70
0
  3

 72
65
 73
0
 40
0.0
  0
LTYPE
  5
46
100
AcDbSymbolTableRecord
100
AcDbLinetypeTableRecord
  2
ACAD_ISO04W100
 70
0
  3
ISO long-dash dot ____ . ____ . ____ . ____ . _
 72
65
 73
4
 40
30.0
 49
24.0
 74
0
 49
-2.9500000000000002
 74
0
 49
0.1
 74
0
 49
-2.9500000000000002
 74
0
  0
LTYPE
  5
47
100
AcDbSymbolTableRecord
100
AcDbLinetypeTableRecord
  2
ACAD_ISO08W100
 70
0
  3
ISO long-dash short-dash ____ __ ____ __ ____ _
 72
65
 73
4
 40
36.0
 49
24.0
 74
0
 49
-3.0
 74
0
 49
6.0
 74
0
 49
-3.0
 74
0
  0
LTYPE
  5
48
100
AcDbSymbolTableRecord
100
AcDbLinetypeTableRecord
  2
DASHDOT2
 70
0
  3
Dash dot (.5x) _._._._._._._._._._._._._._._.
 72
65
 73
4
 40
12.6999999999999993
 49
6.3499999999999996
 74
0
 49
-3.125
 74
0
 49
0.1
 74
0
 49
-3.125
 74
0
  0
LTYPE
  5
49
100
AcDbSymbolTableRecord
100
AcDbLinetypeTableRecord
  2
DASHEDX2
 70
0
  3
Dashed (2x) ____  ____  ____  ____  ____  ___
 72
65
 73
2
 40
38.0999999999999943
 49
25.3999999999999986
 74
0
 49
-12.6999999999999993
 74
0
  0
LTYPE
  5
4A
100
AcDbSymbolTableRecord
100
AcDbLinetypeTableRecord
  2
PHANTOM
 70
0
  3
Phantom ______  __  __  ______  __  __  ______ 
 72
65
 73
6
 40
63.5000000000000071
 49
31.75
 74
0
 49
-6.3499999999999996
 74
0
 49
6.3499999999999996
 74
0
 49
-6.3499999999999996
 74
0
 49
6.3499999999999996
 74
0
 49
-6.3499999999999996
 74
0
  0
LTYPE
  5
4B
100
AcDbSymbolTableRecord
100
AcDbLinetypeTableRecord
  2
DIVIDEX2
 70
0
  3
Divide (2x) ________  .  .  ________  .  .  _
 72
65
 73
6
 40
63.5
 49
25.3999999999999986
 74
0
 49
-12.6499999999999986
 74
0
 49
0.1
 74
0
 49
-12.5999999999999979
 74
0
 49
0.1
 74
0
 49
-12.6499999999999986
 74
0
  0
LTYPE
  5
4C
100
AcDbSymbolTableRecord
100
AcDbLinetypeTableRecord
  2
HIDDEN2
 70
0
  3
Hidden (.5x) _ _ _ _ _ _ _ _ _ _ _ _ _ _ _ _ _ 
 72
65
 73
2
 40
4.7624999999999993
 49
3.1749999999999998
 74
0
 49
-1.5874999999999999
 74
0
  0
LTYPE
  5
4D
100
AcDbSymbolTableRecord
100
AcDbLinetypeTableRecord
  2
DOT
 70
0
  3
Dot . . . . . . . . . . . . . . . . . . . . . . . .
 72
65
 73
2
 40
6.3499999999999996
 49
0.1
 74
0
 49
-6.25
 74
0
  0
LTYPE
  5
4E
100
AcDbSymbolTableRecord
100
AcDbLinetypeTableRecord
  2
PHANTOMX2
 70
0
  3
Phantom (2x) ____________    ____    ____   _
 72
65
 73
6
 40
127.0000000000000142
 49
63.5
 74
0
 49
-12.6999999999999993
 74
0
 49
12.6999999999999993
 74
0
 49
-12.6999999999999993
 74
0
 49
12.6999999999999993
 74
0
 49
-12.6999999999999993
 74
0
  0
LTYPE
  5
4F
100
AcDbSymbolTableRecord
100
AcDbLinetypeTableRecord
  2
DIVIDE
 70
0
  3
Divide ____ . . ____ . . ____ . . ____ . . ____
 72
65
 73
6
 40
31.7500000000000036
 49
12.6999999999999993
 74
0
 49
-6.2999999999999998
 74
0
 49
0.1
 74
0
 49
-6.25
 74
0
 49
0.1
 74
0
 49
-6.2999999999999998
 74
0
  0
LTYPE
  5
50
100
AcDbSymbolTableRecord
100
AcDbLinetypeTableRecord
  2
ACAD_ISO05W100
 70
0
  3
ISO long-dash double-dot ____ .. ____ .. ____ . 
 72
65
 73
6
 40
33.0000000000000071
 49
24.0
 74
0
 49
-2.9500000000000002
 74
0
 49
0.1
 74
0
 49
-2.9000000000000004
 74
0
 49
0.1
 74
0
 49
-2.9500000000000002
 74
0
  0
LTYPE
  5
51
100
AcDbSymbolTableRecord
100
AcDbLinetypeTableRecord
  2
HIDDENX2
 70
0
  3
Hidden (2x) ____ ____ ____ ____ ____ ____ ____ 
 72
65
 73
2
 40
19.0499999999999972
 49
12.6999999999999993
 74
0
 49
-6.3499999999999996
 74
0
  0
LTYPE
  5
52
100
AcDbSymbolTableRecord
100
AcDbLinetypeTableRecord
  2
ACAD_ISO03W100
 70
0
  3
ISO dash space __    __    __    __    __    __
 72
65
 73
2
 40
30.0
 49
12.0
 74
0
 49
-18.0
 74
0
  0
LTYPE
  5
53
100
AcDbSymbolTableRecord
100
AcDbLinetypeTableRecord
  2
ACAD_ISO10W100
 70
0
  3
ISO dash dot __ . __ . __ . __ . __ . __ . __ . 
 72
65
 73
4
 40
18.0
 49
12.0
 74
0
 49
-2.9500000000000002
 74
0
 49
0.1
 74
0
 49
-2.9500000000000002
 74
0
  0
LTYPE
  5
54
100
AcDbSymbolTableRecord
100
AcDbLinetypeTableRecord
  2
CENTERX2
 70
0
  3
Center (2x) ________  __  ________  __  _____
 72
65
 73
4
 40
101.6000000000000085
 49
63.5
 74
0
 49
-12.6999999999999993
 74
0
 49
12.6999999999999993
 74
0
 49
-12.6999999999999993
 74
0
  0
LTYPE
  5
55
100
AcDbSymbolTableRecord
100
AcDbLinetypeTableRecord
  2
DASHED
 70
0
  3
Dashed __ __ __ __ __ __ __ __ __ __ __ __ __ _
 72
65
 73
2
 40
19.0499999999999972
 49
12.6999999999999993
 74
0
 49
-6.3499999999999996
 74
0
  0
LTYPE
  5
56
100
AcDbSymbolTableRecord
100
AcDbLinetypeTableRecord
  2
BORDERX2
 70
0
  3
Border (2x) ____  ____  .  ____  ____  .  ___
 72
65
 73
6
 40
88.8999999999999773
 49
25.3999999999999986
 74
0
 49
-12.6999999999999993
 74
0
 49
25.3999999999999986
 74
0
 49
-12.6499999999999986
 74
0
 49
0.1
 74
0
 49
-12.6499999999999986
 74
0
  0
ENDTAB
  0
TABLE
  2
LAYER
  5
2
100
AcDbSymbolTable
 70
5
  0
LAYER
  5
57
100
AcDbSymbolTableRecord
100
AcDbLayerTableRecord
  2
Building
 70
0
 62
7
420
0
  6
Continuous
370
25
390
F
  0
LAYER
  5
58
100
AcDbSymbolTableRecord
100
AcDbLayerTableRecord
  2
Roof_Framing
 70
0
 62
7
420
0
  6
Continuous
370
25
390
F
  0
LAYER
  5
10
100
AcDbSymbolTableRecord
100
AcDbLayerTableRecord
  2
0
 70
0
 62
7
420
16777215
  6
Continuous
370
25
390
F
  0
LAYER
  5
59
100
AcDbSymbolTableRecord
100
AcDbLayerTableRecord
  2
Corners_1
 70
1
 62
7
420
0
  6
Continuous
370
25
390
F
  0
LAYER
  5
5A
100
AcDbSymbolTableRecord
100
AcDbLayerTableRecord
  2
Corners_2
 70
0
 62
7
420
0
  6
Continuous
370
25
390
F
  0
ENDTAB
  0
TABLE
  2
STYLE
  5
3
100
AcDbSymbolTable
 70
23
  0
STYLE
  5
5B
100
AcDbSymbolTableRecord
100
AcDbTextStyleTableRecord
  2
Standard
 70
0
 40
0.0
 41
1.0
 50
0.0
 71
0
 42
2.5
  3

  4

1001
ACAD
1000
txt
1071
0
  0
STYLE
  5
5C
100
AcDbSymbolTableRecord
100
AcDbTextStyleTableRecord
  2
textstyle0
 70
0
 40
0.0
 41
1.0
 50
0.0
 71
0
 42
3.0
  3

  4

1001
ACAD
1000
Liberation Sans
1071
0
  0
STYLE
  5
5D
100
AcDbSymbolTableRecord
100
AcDbTextStyleTableRecord
  2
textstyle1
 70
0
 40
0.0
 41
1.0
 50
0.0
 71
0
 42
3.0
  3

  4

1001
ACAD
1000
Liberation Sans
1071
0
  0
STYLE
  5
5E
100
AcDbSymbolTableRecord
100
AcDbTextStyleTableRecord
  2
textstyle2
 70
0
 40
0.0
 41
1.0
 50
0.0
 71
0
 42
3.0
  3

  4

1001
ACAD
1000
Liberation Sans
1071
0
  0
STYLE
  5
5F
100
AcDbSymbolTableRecord
100
AcDbTextStyleTableRecord
  2
textstyle3
 70
0
 40
0.0
 41
1.0
 50
0.0
 71
0
 42
3.0
  3

  4

1001
ACAD
1000
Liberation Sans
1071
0
  0
STYLE
  5
60
100
AcDbSymbolTableRecord
100
AcDbTextStyleTableRecord
  2
textstyle4
 70
0
 40
0.0
 41
1.0
 50
0.0
 71
0
 42
3.0
  3

  4

1001
ACAD
1000
Liberation Sans
1071
0
  0
STYLE
  5
61
100
AcDbSymbolTableRecord
100
AcDbTextStyleTableRecord
  2
textstyle5
 70
0
 40
0.0
 41
1.0
 50
0.0
 71
0
 42
3.0
  3

  4

1001
ACAD
1000
Liberation Sans
1071
0
  0
STYLE
  5
62
100
AcDbSymbolTableRecord
100
AcDbTextStyleTableRecord
  2
textstyle6
 70
0
 40
0.0
 41
1.0
 50
0.0
 71
0
 42
3.0
  3

  4

1001
ACAD
1000
Liberation Sans
1071
0
  0
STYLE
  5
63
100
AcDbSymbolTableRecord
100
AcDbTextStyleTableRecord
  2
textstyle7
 70
0
 40
0.0
 41
1.0
 50
0.0
 71
0
 42
3.0
  3

  4

1001
ACAD
1000
Liberation Sans
1071
0
  0
STYLE
  5
64
100
AcDbSymbolTableRecord
100
AcDbTextStyleTableRecord
  2
textstyle8
 70
0
 40
0.0
 41
1.0
 50
0.0
 71
0
 42
3.0
  3

  4

1001
ACAD
1000
Liberation Sans
1071
0
  0
STYLE
  5
65
100
AcDbSymbolTableRecord
100
AcDbTextStyleTableRecord
  2
textstyle9
 70
0
 40
0.0
 41
1.0
 50
0.0
 71
0
 42
3.0
  3

  4

1001
ACAD
1000
Liberation Sans
1071
0
  0
STYLE
  5
66
100
AcDbSymbolTableRecord
100
AcDbTextStyleTableRecord
  2
textstyle10
 70
0
 40
0.0
 41
1.0
 50
0.0
 71
0
 42
3.0
  3

  4

1001
ACAD
1000
Liberation Sans
1071
0
  0
STYLE
  5
67
100
AcDbSymbolTableRecord
100
AcDbTextStyleTableRecord
  2
textstyle11
 70
0
 40
0.0
 41
1.0
 50
0.0
 71
0
 42
3.0
  3

  4

1001
ACAD
1000
Liberation Sans
1071
0
  0
STYLE
  5
68
100
AcDbSymbolTableRecord
100
AcDbTextStyleTableRecord
  2
textstyle12
 70
0
 40
0.0
 41
1.0
 50
0.0
 71
0
 42
3.0
  3

  4

1001
ACAD
1000
Liberation Sans
1071
0
  0
STYLE
  5
69
100
AcDbSymbolTableRecord
100
AcDbTextStyleTableRecord
  2
textstyle13
 70
0
 40
0.0
 41
1.0
 50
0.0
 71
0
 42
6.0
  3

  4

1001
ACAD
1000
Liberation Sans
1071
0
  0
STYLE
  5
6A
100
AcDbSymbolTableRecord
100
AcDbTextStyleTableRecord
  2
textstyle14
 70
0
 40
0.0
 41
1.0
 50
0.0
 71
0
 42
3.0
  3

  4

1001
ACAD
1000
Liberation Sans
1071
0
  0
STYLE
  5
6B
100
AcDbSymbolTableRecord
100
AcDbTextStyleTableRecord
  2
textstyle15
 70
0
 40
0.0
 41
1.0
 50
0.0
 71
0
 42
3.0
  3

  4

1001
ACAD
1000
Liberation Sans
1071
0
  0
STYLE
  5
6C
100
AcDbSymbolTableRecord
100
AcDbTextStyleTableRecord
  2
textstyle16
 70
0
 40
0.0
 41
1.0
 50
0.0
 71
0
 42
3.0
  3

  4

1001
ACAD
1000
Liberation Sans
1071
0
  0
STYLE
  5
6D
100
AcDbSymbolTableRecord
100
AcDbTextStyleTableRecord
  2
textstyle17
 70
0
 40
0.0
 41
1.0
 50
0.0
 71
0
 42
6.0
  3

  4

1001
ACAD
1000
Liberation Sans
1071
0
  0
STYLE
  5
6E
100
AcDbSymbolTableRecord
100
AcDbTextStyleTableRecord
  2
textstyle18
 70
0
 40
0.0
 41
1.0
 50
0.0
 71
0
 42
3.0
  3

  4

1001
ACAD
1000
Liberation Sans
1071
0
  0
STYLE
  5
6F
100
AcDbSymbolTableRecord
100
AcDbTextStyleTableRecord
  2
textstyle19
 70
0
 40
0.0
 41
1.0
 50
0.0
 71
0
 42
3.0
  3

  4

1001
ACAD
1000
Liberation Sans
1071
0
  0
STYLE
  5
70
100
AcDbSymbolTableRecord
100
AcDbTextStyleTableRecord
  2
textstyle20
 70
0
 40
0.0
 41
1.0
 50
0.0
 71
0
 42
3.0
  3

  4

1001
ACAD
1000
Liberation Sans
1071
0
  0
STYLE
  5
71
100
AcDbSymbolTableRecord
100
AcDbTextStyleTableRecord
  2
textstyle21
 70
0
 40
0.0
 41
1.0
 50
0.0
 71
0
 42
3.0
  3

  4

1001
ACAD
1000
Liberation Sans
1071
0
  0
ENDTAB
  0
TABLE
  2
VIEW
  5
6
100
AcDbSymbolTable
 70
0
  0
ENDTAB
  0
TABLE
  2
UCS
  5
7
100
AcDbSymbolTable
 70
0
  0
ENDTAB
  0
TABLE
  2
APPID
  5
9
100
AcDbSymbolTable
 70
1
  0
APPID
  5
12
100
AcDbSymbolTableRecord
100
AcDbRegAppTableRecord
  2
ACAD
 70
0
  0
APPID
  5
72
100
AcDbSymbolTableRecord
100
AcDbRegAppTableRecord
  2
QCAD
 70
0
  0
ENDTAB
  0
TABLE
  2
DIMSTYLE
  5
A
100
AcDbSymbolTable
 70
1
100
AcDbDimStyleTable
 71
0
  0
DIMSTYLE
105
27
100
AcDbSymbolTableRecord
100
AcDbDimStyleTableRecord
  2
Standard
 41
4.0
 42
0.03125
 43
3.75
 44
0.0625
 70
0
 73
0
 74
0
 77
1
 78
8
140
0.125
141
2.5
143
0.03937007874016
147
0.03125
171
3
172
1
271
2
272
2
274
3
278
44
283
0
284
8
340
5B
  0
ENDTAB
  0
TABLE
  2
BLOCK_RECORD
  5
1
100
AcDbSymbolTable
 70
1
  0
BLOCK_RECORD
  5
1F
100
AcDbSymbolTableRecord
100
AcDbBlockTableRecord
  2
*Model_Space
340
22
  0
BLOCK_RECORD
  5
1B
100
AcDbSymbolTableRecord
100
AcDbBlockTableRecord
  2
*Paper_Space
340
1E
  0
BLOCK_RECORD
  5
23
100
AcDbSymbolTableRecord
100
AcDbBlockTableRecord
  2
*Paper_Space0
340
26
  0
ENDTAB
  0
ENDSEC
  0
SECTION
  2
BLOCKS
  0
BLOCK
  5
20
100
AcDbEntity
  8
0
100
AcDbBlockBegin
  2
*Model_Space
 70
0
 10
0.0
 20
0.0
 30
0.0
  3
*Model_Space
  1

  0
ENDBLK
  5
21
100
AcDbEntity
  8
0
100
AcDbBlockEnd
  0
BLOCK
  5
1C
100
AcDbEntity
 67
1
  8
0
100
AcDbBlockBegin
  2
*Paper_Space
 70
0
 10
0.0
 20
0.0
 30
0.0
  3
*Paper_Space
  1

  0
ENDBLK
  5
1D
100
AcDbEntity
 67
1
  8
0
100
AcDbBlockEnd
  0
BLOCK
  5
24
100
AcDbEntity
  8
0
100
AcDbBlockBegin
  2
*Paper_Space0
 70
0
 10
0.0
 20
0.0
 30
0.0
  3
*Paper_Space0
  1

  0
ENDBLK
  5
25
100
AcDbEntity
  8
0
100
AcDbBlockEnd
  0
ENDSEC
  0
SECTION
  2
ENTITIES
  0
LINE
  5
73
100
AcDbEntity
  8
Corners_2
 62
256
370
-1
 48
1.0
  6
BYLAYER
100
AcDbLine
 10
0.7410878306384099
 20
73.875800294336841
 30
0.0
 11
0.7410878306384099
 21
-1.2193797918188523
 31
0.0
  0
LINE
  5
74
100
AcDbEntity
  8
Corners_2
 62
256
370
-1
 48
1.0
  6
BYLAYER
100
AcDbLine
 10
0.7410878306384099
 20
-1.2193797918188523
 30
0.0
 11
3.2158920163210265
 21
0.2094490709766319
 31
0.0
  0
LINE
  5
75
100
AcDbEntity
  8
Corners_2
 62
256
370
-1
 48
1.0
  6
BYLAYER
100
AcDbLine
 10
3.2158920163210265
 20
0.2094490709766319
 30
0.0
 11
3.2158920163210265
 21
65.3621219641769926
 31
0.0
  0
LINE
  5
76
100
AcDbEntity
  8
Corners_2
 62
256
370
-1
 48
1.0
  6
BYLAYER
100
AcDbLine
 10
0.7410878306384072
 20
73.875800294336841
 30
0.0
 11
3.2158920163210261
 21
75.3044788479611071
 31
0.0
  0
LINE
  5
77
100
AcDbEntity
  8
Corners_2
 62
256
370
-1
 48
1.0
  6
BYLAYER
100
AcDbLine
 10
3.2158920163210265
 20
70.3849673961977231
 30
0.0
 11
3.2158920163210265
 21
75.3044788479611071
 31
0.0
  0
LINE
  5
78
100
AcDbEntity
  8
Corners_2
 62
256
370
-1
 48
1.0
  6
BYLAYER
100
AcDbLine
 10
3.2158920163210261
 20
70.3849673961976947
 30
0.0
 11
1.5185259414253967
 21
68.7492026999208576
 31
0.0
  0
LINE
  5
79
100
AcDbEntity
  8
Corners_2
 62
256
370
-1
 48
1.0
  6
BYLAYER
100
AcDbLine
 10
2.8175640471020236
 20
64.9782502471532126
 30
0.0
 11
3.2158920163210265
 21
65.3621219641769926
 31
0.0
  0
LINE
  5
7A
100
AcDbEntity
  8
Building
 62
256
370
-1
 48
1.0
  6
BYLAYER
100
AcDbLine
 10
-33.1990838587232702
 20
94.2304643335747727
 30
0.0
 11
-4.5350657389540174
 21
77.6906582151241167
 31
0.0
  0
LINE
  5
7B
100
AcDbEntity
  8
Corners_2
 62
256
370
-1
 48
1.0
  6
BYLAYER
100
AcDbLine
 10
-0.5865867937957505
 20
75.4122938928988162
 30
0.0
 11
0.7394986700754664
 21
74.6471116920894104
 31
0.0
  0
LINE
  5
7C
100
AcDbEntity
  8
Building
 62
256
370
-1
 48
1.0
  6
BYLAYER
100
AcDbLine
 10
0.7410878306383235
 20
74.646194709428741
 30
0.0
 11
0.7410878306383436
 21
-0.4693797918188853
 31
0.0
  0
LINE
  5
7D
100
AcDbEntity
  8
Corners_2
 62
256
370
-1
 48
1.0
  6
BYLAYER
100
AcDbLine
 10
0.7410878306383646
 20
69.1980568024620624
 30
0.0
 11
0.7410878306383823
 21
-0.4693797918188523
 31
0.0
  0
LINE
  5
7E
100
AcDbEntity
  8
Building
 62
256
370
-1
 48
1.0
  6
BYLAYER
100
AcDbLine
 10
0.7410878306383436
 20
-0.4693797918188853
 30
0.0
 11
-33.1990838587232773
 21
19.125987469376156
 31
0.0
  0
LINE
  5
7F
100
AcDbEntity
  8
Building
 62
256
370
-1
 48
1.0
  6
BYLAYER
100
AcDbLine
 10
0.7410878306383436
 20
-0.4693797918188853
 30
0.0
 11
-33.1990838587232773
 21
19.125987469376156
 31
0.0
  0
LINE
  5
80
100
AcDbEntity
  8
Building
 62
256
370
-1
 48
1.0
  6
BYLAYER
100
AcDbLine
 10
30.943849940593708
 20
92.0837675438817058
 30
0.0
 11
34.6812595199999549
 21
94.2415619706237919
 31
0.0
  0
LINE
  5
81
100
AcDbEntity
  8
Building
 62
256
370
-1
 48
1.0
  6
BYLAYER
100
AcDbLine
 10
0.7410878306383637
 20
74.6461947094287552
 30
0.0
 11
17.9433341237979675
 21
84.5779162374506939
 31
0.0
  0
LINE
  5
82
100
AcDbEntity
  8
Building
 62
256
370
-1
 48
1.0
  6
BYLAYER
100
AcDbLine
 10
68.6214312093615746
 20
113.8369292318188286
 30
0.0
 11
68.6214312093615746
 21
38.7213547305711856
 31
0.0
  0
LINE
  5
83
100
AcDbEntity
  8
Building
 62
256
370
-1
 48
1.0
  6
BYLAYER
100
AcDbLine
 10
68.6214312093615746
 20
113.8369292318188286
 30
0.0
 11
68.6214312093615746
 21
38.7213547305711856
 31
0.0
  0
LINE
  5
84
100
AcDbEntity
  8
Building
 62
256
370
-1
 48
1.0
  6
BYLAYER
100
AcDbLine
 10
0.7410878306383637
 20
-0.4693797918188736
 30
0.0
 11
34.6812595199999549
 21
19.1259874693761631
 31
0.0
  0
LINE
  5
85
100
AcDbEntity
  8
Building
 62
256
370
-1
 48
1.0
  6
BYLAYER
100
AcDbLine
 10
0.7410878306383637
 20
-0.4693797918188736
 30
0.0
 11
34.6812595199999549
 21
19.1259874693761631
 31
0.0
  0
LINE
  5
86
100
AcDbEntity
  8
Building
 62
256
370
-1
 48
1.0
  6
BYLAYER
100
AcDbLine
 10
34.6812595199999549
 20
19.1259874693761631
 30
0.0
 11
68.6214312093615746
 21
38.7213547305711856
 31
0.0
  0
LINE
  5
87
100
AcDbEntity
  8
Building
 62
256
370
-1
 48
1.0
  6
BYLAYER
100
AcDbLine
 10
34.6812595199999549
 20
19.1259874693761631
 30
0.0
 11
68.6214312093615746
 21
38.7213547305711856
 31
0.0
  0
LINE
  5
88
100
AcDbEntity
  8
Building
 62
256
370
-1
 48
1.0
  6
BYLAYER
100
AcDbLine
 10
34.6812595199999549
 20
94.2415619706237919
 30
0.0
 11
34.6812595199999549
 21
19.1259874693761631
 31
0.0
  0
LINE
  5
89
100
AcDbEntity
  8
Building
 62
256
370
-1
 48
1.0
  6
BYLAYER
100
AcDbLine
 10
34.6812595199999549
 20
94.2415619706237919
 30
0.0
 11
34.6812595199999549
 21
19.1259874693761631
 31
0.0
  0
LINE
  5
8A
100
AcDbEntity
  8
Building
 62
256
370
-1
 48
1.0
  6
BYLAYER
100
AcDbLine
 10
16.4737715824778519
 20
78.4223852753882227
 30
0.0
 11
32.7367705169636594
 21
87.8118320880441559
 31
0.0
  0
LINE
  5
8B
100
AcDbEntity
  8
Building
 62
256
370
-1
 48
1.0
  6
BYLAYER
100
AcDbLine
 10
32.7367705169636594
 20
59.2352548321347427
 30
0.0
 11
16.4737715824778519
 21
49.8458080194787883
 31
0.0
  0
LINE
  5
8C
100
AcDbEntity
  8
Building
 62
256
370
-1
 48
1.0
  6
BYLAYER
100
AcDbLine
 10
16.4737715824778519
 20
67.3999911909660057
 30
0.0
 11
16.4737715824778519
 21
67.3999911909660057
 31
0.0
  0
LINE
  5
8D
100
AcDbEntity
  8
Building
 62
256
370
-1
 48
1.0
  6
BYLAYER
100
AcDbLine
 10
16.4737715824778519
 20
67.3999911909660057
 30
0.0
 11
32.7367705169636594
 21
76.7894380036219673
 31
0.0
  0
LINE
  5
8E
100
AcDbEntity
  8
Building
 62
256
370
-1
 48
1.0
  6
BYLAYER
100
AcDbLine
 10
16.4714594216436154
 20
67.7328460258985103
 30
0.0
 11
32.7367705169636594
 21
77.1236277652345166
 31
0.0
  0
LINE
  5
8F
100
AcDbEntity
  8
Building
 62
256
370
-1
 48
1.0
  6
BYLAYER
100
AcDbLine
 10
-33.1990838587232773
 20
94.2304643335747727
 30
0.0
 11
-33.1990838587232773
 21
19.125987469376156
 31
0.0
  0
LINE
  5
90
100
AcDbEntity
  8
Building
 62
256
370
-1
 48
1.0
  6
BYLAYER
100
AcDbLine
 10
16.4737715824778519
 20
49.8458080194787883
 30
0.0
 11
16.4737715824778519
 21
67.3999911909660057
 31
0.0
  0
LINE
  5
91
100
AcDbEntity
  8
Building
 62
256
370
-1
 48
1.0
  6
BYLAYER
100
AcDbLine
 10
16.4737715824778519
 20
67.3999911909660057
 30
0.0
 11
16.4737715824778519
 21
67.3999911909660057
 31
0.0
  0
LINE
  5
92
100
AcDbEntity
  8
Building
 62
256
370
-1
 48
1.0
  6
BYLAYER
100
AcDbLine
 10
16.4737715824778519
 20
67.3999911909660057
 30
0.0
 11
16.4737715824778519
 21
78.4223852753882227
 31
0.0
  0
LINE
  5
93
100
AcDbEntity
  8
Building
 62
256
370
-1
 48
1.0
  6
BYLAYER
100
AcDbLine
 10
32.7367705169636594
 20
87.8118320880441559
 30
0.0
 11
32.7367705169636594
 21
77.1236277652345166
 31
0.0
  0
LINE
  5
94
100
AcDbEntity
  8
Building
 62
256
370
-1
 48
1.0
  6
BYLAYER
100
AcDbLine
 10
32.7367705169636594
 20
77.1236277652345166
 30
0.0
 11
32.7367705169636594
 21
77.1236277652345166
 31
0.0
  0
LINE
  5
95
100
AcDbEntity
  8
Building
 62
256
370
-1
 48
1.0
  6
BYLAYER
100
AcDbLine
 10
32.7367705169636594
 20
76.7894380036219673
 30
0.0
 11
32.7367705169636594
 21
59.2352548321347427
 31
0.0
  0
LINE
  5
96
100
AcDbEntity
  8
Building
 62
256
370
-1
 48
1.0
  6
BYLAYER
100
AcDbLine
 10
32.7367705169636594
 20
76.7894380036219673
 30
0.0
 11
32.7367705169636594
 21
77.1236277652345166
 31
0.0
  0
LINE
  5
97
100
AcDbEntity
  8
Building
 62
256
370
-1
 48
1.0
  6
BYLAYER
100
AcDbLine
 10
32.7367705169636594
 20
77.1236277652345166
 30
0.0
 11
32.7367705169636594
 21
77.1236277652345166
 31
0.0
  0
LINE
  5
98
100
AcDbEntity
  8
Building
 62
256
370
-1
 48
1.0
  6
BYLAYER
100
AcDbLine
 10
34.3277160649024466
 20
89.1386017463542544
 30
0.0
 11
34.3277160649024466
 21
89.9550753822373679
 31
0.0
  0
LINE
  5
99
100
AcDbEntity
  8
Building
 62
256
370
-1
 48
1.0
  6
BYLAYER
100
AcDbLine
 10
34.3277160649024466
 20
89.9550753822373679
 30
0.0
 11
14.9513870160817959
 21
78.7468060917201456
 31
0.0
  0
MTEXT
  5
9A
100
AcDbEntity
  8
Building
 62
256
370
-1
 48
1.0
  6
BYLAYER
100
AcDbMText
 10
-194.811116731600066
 20
96.6904069186616084
 30
0.0
 40
3.0
 41
0.0
 71
1
 72
1
  1

  7
textstyle3
 50
90.0
 73
2
 44
1.0
  0
MTEXT
  5
9B
100
AcDbEntity
  8
Building
 62
256
370
-1
 48
1.0
  6
BYLAYER
100
AcDbMText
 10
-48.9427519316001352
 20
244.4051678786615867
 30
0.0
 40
3.0
 41
0.0
 71
1
 72
1
  1

  7
textstyle4
 50
90.0
 73
2
 44
1.0
  0
MTEXT
  5
9C
100
AcDbEntity
  8
Building
 62
256
370
-1
 48
1.0
  6
BYLAYER
100
AcDbMText
 10
289.3650573434609328
 20
390.3529707755109257
 30
0.0
 40
3.0
 41
0.0
 71
1
 72
1
  1

  7
textstyle5
 50
90.0
 73
2
 44
1.0
  0
MTEXT
  5
9D
100
AcDbEntity
  8
Building
 62
256
370
-1
 48
1.0
  6
BYLAYER
100
AcDbMText
 10
-201.6120328728767674
 20
-58.5717470968159972
 30
0.0
 40
3.0
 41
0.0
 71
1
 72
1
  1

  7
textstyle6
 50
90.0
 73
2
 44
1.0
  0
MTEXT
  5
9E
100
AcDbEntity
  8
Building
 62
256
370
-1
 48
1.0
  6
BYLAYER
100
AcDbMText
 10
-55.7436680728768579
 20
89.1430138631838815
 30
0.0
 40
3.0
 41
0.0
 71
1
 72
1
  1

  7
textstyle7
 50
90.0
 73
2
 44
1.0
  0
MTEXT
  5
9F
100
AcDbEntity
  8
Building
 62
256
370
-1
 48
1.0
  6
BYLAYER
100
AcDbMText
 10
282.5641412021842029
 20
235.0908167600332206
 30
0.0
 40
3.0
 41
0.0
 71
1
 72
1
  1

  7
textstyle8
 50
90.0
 73
2
 44
1.0
  0
LINE
  5
A0
100
AcDbEntity
  8
Building
 62
256
370
-1
 48
1.0
  6
BYLAYER
100
AcDbLine
 10
14.9513870160817959
 20
78.7468060917201456
 30
0.0
 11
14.9520614451589466
 21
77.9307222090440064
 31
0.0
  0
LINE
  5
A1
100
AcDbEntity
  8
Building
 62
256
370
-1
 48
1.0
  6
BYLAYER
100
AcDbLine
 10
14.9520614451589466
 20
77.9307222090440064
 30
0.0
 11
34.3277160649024466
 21
89.1386017463542544
 31
0.0
  0
HATCH
  5
A2
100
AcDbEntity
  8
Building
 62
256
370
-1
 48
1.0
  6
BYLAYER
100
AcDbHatch
 10
0.0
 20
0.0
 30
0.0
210
0.0
220
0.0
230
1.0
  2
SOLID
 70
1
 71
0
 91
1
 92
1
 93
4
 72
1
 10
34.3277160649024466
 20
89.9550753822373679
 11
14.9513870160817959
 21
78.7468060917201456
 72
1
 10
14.9513870160817959
 20
78.7468060917201456
 11
14.9520614451589466
 21
77.9307222090440064
 72
1
 10
14.9520614451589466
 20
77.9307222090440064
 11
34.3277160649024466
 21
89.1386017463542544
 72
1
 10
34.3277160649024466
 20
89.1386017463542544
 11
34.3277160649024466
 21
89.9550753822373679
 97
0
 75
0
 76
1
 98
0
1001
ACAD
1010
0.0
1020
0.0
1030
0
  0
HATCH
  5
A3
100
AcDbEntity
  8
Building
 62
256
370
-1
 48
1.0
  6
BYLAYER
100
AcDbHatch
 10
0.0
 20
0.0
 30
0.0
210
0.0
220
0.0
230
1.0
  2
SOLID
 70
1
 71
0
 91
1
 92
1
 93
4
 72
1
 10
16.1202281273803436
 20
49.233452792566446
 11
15.4131412171852986
 21
48.8252159746248822
 72
1
 10
15.4131412171852986
 20
48.8252159746248822
 11
15.4131412171852986
 21
78.2182668664174514
 72
1
 10
15.4131412171852986
 20
78.2182668664174514
 11
16.1202281273803436
 21
78.626503684358994
 72
1
 10
16.1202281273803436
 20
78.626503684358994
 11
16.1202281273803436
 21
49.233452792566446
 97
0
 75
0
 76
1
 98
0
1001
ACAD
1010
0.0
1020
0.0
1030
0
  0
HATCH
  5
A4
100
AcDbEntity
  8
Building
 62
256
370
-1
 48
1.0
  6
BYLAYER
100
AcDbHatch
 10
0.0
 20
0.0
 30
0.0
210
0.0
220
0.0
230
1.0
  2
SOLID
 70
1
 71
0
 91
1
 92
1
 93
4
 72
1
 10
33.7974008822561842
 20
59.4393732411055211
 11
33.0903139720611676
 21
59.0311364231639573
 72
1
 10
33.0903139720611676
 20
59.0311364231639573
 11
33.0903139720611676
 21
88.4241873149565265
 72
1
 10
33.0903139720611676
 20
88.4241873149565265
 11
33.7974008822561842
 21
88.832424132898069
 72
1
 10
33.7974008822561842
 20
88.832424132898069
 11
33.7974008822561842
 21
59.4393732411055211
 97
0
 75
0
 76
1
 98
0
1001
ACAD
1010
0.0
1020
0.0
1030
0
  0
LINE
  5
A5
100
AcDbEntity
  8
Building
 62
256
370
-1
 48
1.0
  6
BYLAYER
100
AcDbLine
 10
32.7043116082710839
 20
59.2165146724635036
 30
0.0
 11
32.7367705169636594
 21
59.2727351514772138
 31
0.0
  0
LINE
  5
A6
100
AcDbEntity
  8
Building
 62
256
370
-1
 48
1.0
  6
BYLAYER
100
AcDbLine
 10
31.9972246992625884
 20
58.808277855206974
 30
0.0
 11
32.7367705169636594
 21
60.0892087859902659
 31
0.0
  0
LINE
  5
A7
100
AcDbEntity
  8
Building
 62
256
370
-1
 48
1.0
  6
BYLAYER
100
AcDbLine
 10
31.2901377902540077
 20
58.4000410379504302
 30
0.0
 11
32.7367705169636594
 21
60.9056824205033465
 31
0.0
  0
LINE
  5
A8
100
AcDbEntity
  8
Building
 62
256
370
-1
 48
1.0
  6
BYLAYER
100
AcDbLine
 10
30.5830508812455406
 20
57.991804220693929
 30
0.0
 11
32.7367705169636594
 21
61.7221560550163915
 31
0.0
  0
LINE
  5
A9
100
AcDbEntity
  8
Building
 62
256
370
-1
 48
1.0
  6
BYLAYER
100
AcDbLine
 10
29.8759639722370451
 20
57.5835674034374065
 30
0.0
 11
32.7367705169636594
 21
62.5386296895294578
 31
0.0
  0
LINE
  5
AA
100
AcDbEntity
  8
Building
 62
256
370
-1
 48
1.0
  6
BYLAYER
100
AcDbLine
 10
29.168877063228436
 20
57.1753305861808485
 30
0.0
 11
32.7367705169636594
 21
63.3551033240425525
 31
0.0
  0
LINE
  5
AB
100
AcDbEntity
  8
Building
 62
256
370
-1
 48
1.0
  6
BYLAYER
100
AcDbLine
 10
28.4617901542199974
 20
56.7670937689243402
 30
0.0
 11
32.7367705169636594
 21
64.171576958555562
 31
0.0
  0
LINE
  5
AC
100
AcDbEntity
  8
Building
 62
256
370
-1
 48
1.0
  6
BYLAYER
100
AcDbLine
 10
27.7547032452113882
 20
56.3588569516677751
 30
0.0
 11
32.7367705169636594
 21
64.9880505930686354
 31
0.0
  0
LINE
  5
AD
100
AcDbEntity
  8
Building
 62
256
370
-1
 48
1.0
  6
BYLAYER
100
AcDbLine
 10
27.0476163362029212
 20
55.9506201344112668
 30
0.0
 11
32.7367705169636594
 21
65.8045242275817088
 31
0.0
  0
LINE
  5
AE
100
AcDbEntity
  8
Building
 62
256
370
-1
 48
1.0
  6
BYLAYER
100
AcDbLine
 10
26.3405294271944257
 20
55.5423833171547372
 30
0.0
 11
32.7367705169636594
 21
66.6209978620947822
 31
0.0
  0
LINE
  5
AF
100
AcDbEntity
  8
Building
 62
256
370
-1
 48
1.0
  6
BYLAYER
100
AcDbLine
 10
25.6334425181858734
 20
55.1341464998982076
 30
0.0
 11
32.7367705169636594
 21
67.4374714966077988
 31
0.0
  0
LINE
  5
B0
100
AcDbEntity
  8
Building
 62
256
370
-1
 48
1.0
  6
BYLAYER
100
AcDbLine
 10
24.9263556091773211
 20
54.7259096826416638
 30
0.0
 11
32.7367705169636025
 21
68.2539451311208722
 31
0.0
  0
LINE
  5
B1
100
AcDbEntity
  8
Building
 62
256
370
-1
 48
1.0
  6
BYLAYER
100
AcDbLine
 10
24.219268700168854
 20
54.3176728653851626
 30
0.0
 11
32.7367705169636025
 21
69.0704187656339172
 31
0.0
  0
LINE
  5
B2
100
AcDbEntity
  8
Building
 62
256
370
-1
 48
1.0
  6
BYLAYER
100
AcDbLine
 10
23.5121817911602733
 20
53.9094360481285904
 30
0.0
 11
32.7367705169636594
 21
69.8868924001470191
 31
0.0
  0
LINE
  5
B3
100
AcDbEntity
  8
Building
 62
256
370
-1
 48
1.0
  6
BYLAYER
100
AcDbLine
 10
22.8050948821517778
 20
53.5011992308720821
 30
0.0
 11
32.7367705169636594
 21
70.7033660346600641
 31
0.0
  0
LINE
  5
B4
100
AcDbEntity
  8
Building
 62
256
370
-1
 48
1.0
  6
BYLAYER
100
AcDbLine
 10
22.0980079731432539
 20
53.0929624136155383
 30
0.0
 11
32.7367705169636594
 21
71.5198396691731091
 31
0.0
  0
LINE
  5
B5
100
AcDbEntity
  8
Building
 62
256
370
-1
 48
1.0
  6
BYLAYER
100
AcDbLine
 10
21.3909210641347016
 20
52.6847255963590015
 30
0.0
 11
32.7367705169636594
 21
72.3363133036862109
 31
0.0
  0
LINE
  5
B6
100
AcDbEntity
  8
Building
 62
256
370
-1
 48
1.0
  6
BYLAYER
100
AcDbLine
 10
20.6838341551262062
 20
52.2764887791024861
 30
0.0
 11
32.7367705169636594
 21
73.1527869381992559
 31
0.0
  0
LINE
  5
B7
100
AcDbEntity
  8
Building
 62
256
370
-1
 48
1.0
  6
BYLAYER
100
AcDbLine
 10
19.9767472461177391
 20
51.868251961845985
 30
0.0
 11
32.7367705169636594
 21
73.9692605727122725
 31
0.0
  0
LINE
  5
B8
100
AcDbEntity
  8
Building
 62
256
370
-1
 48
1.0
  6
BYLAYER
100
AcDbLine
 10
19.2696603371091868
 20
51.460015144589434
 30
0.0
 11
32.7367705169636594
 21
74.7857342072253459
 31
0.0
  0
LINE
  5
B9
100
AcDbEntity
  8
Building
 62
256
370
-1
 48
1.0
  6
BYLAYER
100
AcDbLine
 10
18.5625734281006913
 20
51.0517783273329186
 30
0.0
 11
32.7367705169636594
 21
75.6022078417384193
 31
0.0
  0
LINE
  5
BA
100
AcDbEntity
  8
Building
 62
256
370
-1
 48
1.0
  6
BYLAYER
100
AcDbLine
 10
17.8554865190921959
 20
50.6435415100764033
 30
0.0
 11
32.7367705169636594
 21
76.4186814762514359
 31
0.0
  0
LINE
  5
BB
100
AcDbEntity
  8
Building
 62
256
370
-1
 48
1.0
  6
BYLAYER
100
AcDbLine
 10
17.1483996100836436
 20
50.2353046928198594
 30
0.0
 11
32.3507681792768977
 21
76.566579450050682
 31
0.0
  0
LINE
  5
BC
100
AcDbEntity
  8
Building
 62
256
370
-1
 48
1.0
  6
BYLAYER
100
AcDbLine
 10
16.4737715824778803
 20
49.8832883073097548
 30
0.0
 11
31.6436812702682886
 21
76.1583426327941311
 31
0.0
  0
LINE
  5
BD
100
AcDbEntity
  8
Building
 62
256
370
-1
 48
1.0
  6
BYLAYER
100
AcDbLine
 10
16.4737715824778803
 20
50.6997619418227856
 30
0.0
 11
30.9365943612597931
 21
75.7501058155376086
 31
0.0
  0
LINE
  5
BE
100
AcDbEntity
  8
Building
 62
256
370
-1
 48
1.0
  6
BYLAYER
100
AcDbLine
 10
16.4737715824779087
 20
51.5162355763358732
 30
0.0
 11
30.2295074522513261
 21
75.3418689982811145
 31
0.0
  0
LINE
  5
BF
100
AcDbEntity
  8
Building
 62
256
370
-1
 48
1.0
  6
BYLAYER
100
AcDbLine
 10
16.4737715824778519
 20
52.3327092108488543
 30
0.0
 11
29.5224205432428022
 21
74.9336321810245636
 31
0.0
  0
LINE
  5
C0
100
AcDbEntity
  8
Building
 62
256
370
-1
 48
1.0
  6
BYLAYER
100
AcDbLine
 10
16.4737715824778803
 20
53.1491828453619348
 30
0.0
 11
28.8153336342343067
 21
74.5253953637680411
 31
0.0
  0
LINE
  5
C1
100
AcDbEntity
  8
Building
 62
256
370
-1
 48
1.0
  6
BYLAYER
100
AcDbLine
 10
16.4737715824778803
 20
53.9656564798749869
 30
0.0
 11
28.1082467252257544
 21
74.1171585465115186
 31
0.0
  0
LINE
  5
C2
100
AcDbEntity
  8
Building
 62
256
370
-1
 48
1.0
  6
BYLAYER
100
AcDbLine
 10
16.4737715824778519
 20
54.7821301143880959
 30
0.0
 11
27.4011598162172021
 21
73.7089217292549677
 31
0.0
  0
LINE
  5
C3
100
AcDbEntity
  8
Building
 62
256
370
-1
 48
1.0
  6
BYLAYER
100
AcDbLine
 10
16.4737715824778803
 20
55.5986037489011267
 30
0.0
 11
26.694072907208735
 21
73.3006849119984452
 31
0.0
  0
LINE
  5
C4
100
AcDbEntity
  8
Building
 62
256
370
-1
 48
1.0
  6
BYLAYER
100
AcDbLine
 10
16.4737715824778803
 20
56.4150773834142356
 30
0.0
 11
25.9869859982001827
 21
72.8924480947419227
 31
0.0
  0
LINE
  5
C5
100
AcDbEntity
  8
Building
 62
256
370
-1
 48
1.0
  6
BYLAYER
100
AcDbLine
 10
16.4737715824778803
 20
57.2315510179272238
 30
0.0
 11
25.2798990891916304
 21
72.4842112774853717
 31
0.0
  0
LINE
  5
C6
100
AcDbEntity
  8
Building
 62
256
370
-1
 48
1.0
  6
BYLAYER
100
AcDbLine
 10
16.4737715824778803
 20
58.0480246524403256
 30
0.0
 11
24.572812180183135
 21
72.0759744602288492
 31
0.0
  0
LINE
  5
C7
100
AcDbEntity
  8
Building
 62
256
370
-1
 48
1.0
  6
BYLAYER
100
AcDbLine
 10
16.4737715824778803
 20
58.8644982869533564
 30
0.0
 11
23.8657252711746679
 21
71.6677376429723552
 31
0.0
  0
LINE
  5
C8
100
AcDbEntity
  8
Building
 62
256
370
-1
 48
1.0
  6
BYLAYER
100
AcDbLine
 10
16.4737715824778519
 20
59.680971921466444
 30
0.0
 11
23.1586383621660872
 21
71.2595008257158042
 31
0.0
  0
LINE
  5
C9
100
AcDbEntity
  8
Building
 62
256
370
-1
 48
1.0
  6
BYLAYER
100
AcDbLine
 10
16.4737715824778803
 20
60.4974455559795175
 30
0.0
 11
22.4515514531575633
 21
70.8512640084592533
 31
0.0
  0
LINE
  5
CA
100
AcDbEntity
  8
Building
 62
256
370
-1
 48
1.0
  6
BYLAYER
100
AcDbLine
 10
16.4737715824778803
 20
61.3139191904925624
 30
0.0
 11
21.7444645441490678
 21
70.4430271912027308
 31
0.0
  0
LINE
  5
CB
100
AcDbEntity
  8
Building
 62
256
370
-1
 48
1.0
  6
BYLAYER
100
AcDbLine
 10
16.4737715824778519
 20
62.1303928250055506
 30
0.0
 11
21.0373776351405724
 21
70.0347903739462367
 31
0.0
  0
LINE
  5
CC
100
AcDbEntity
  8
Building
 62
256
370
-1
 48
1.0
  6
BYLAYER
100
AcDbLine
 10
16.4737715824778803
 20
62.9468664595186667
 30
0.0
 11
20.33029072613202
 21
69.6265535566896858
 31
0.0
  0
LINE
  5
CD
100
AcDbEntity
  8
Building
 62
256
370
-1
 48
1.0
  6
BYLAYER
100
AcDbLine
 10
16.4737715824779087
 20
63.7633400940316974
 30
0.0
 11
19.623203817123553
 21
69.2183167394331917
 31
0.0
  0
LINE
  5
CE
100
AcDbEntity
  8
Building
 62
256
370
-1
 48
1.0
  6
BYLAYER
100
AcDbLine
 10
16.4737715824778803
 20
64.5798137285447353
 30
0.0
 11
18.9161169081150291
 21
68.8100799221766692
 31
0.0
  0
LINE
  5
CF
100
AcDbEntity
  8
Building
 62
256
370
-1
 48
1.0
  6
BYLAYER
100
AcDbLine
 10
16.4737715824778803
 20
65.3962873630578372
 30
0.0
 11
18.2090299991064768
 21
68.4018431049200899
 31
0.0
  0
LINE
  5
D0
100
AcDbEntity
  8
Building
 62
256
370
-1
 48
1.0
  6
BYLAYER
100
AcDbLine
 10
16.4737715824778803
 20
66.212760997570939
 30
0.0
 11
17.5019430900979245
 21
67.9936062876635674
 31
0.0
  0
LINE
  5
D1
100
AcDbEntity
  8
Building
 62
256
370
-1
 48
1.0
  6
BYLAYER
100
AcDbLine
 10
16.4737715824778803
 20
67.029234632083984
 30
0.0
 11
16.794856181089429
 21
67.5853694704070449
 31
0.0
  0
LINE
  5
D2
100
AcDbEntity
  8
Building
 62
256
370
-1
 48
1.0
  6
BYLAYER
100
AcDbLine
 10
3.3137733738743438
 20
76.1332135347046375
 30
0.0
 11
17.9476776005052017
 21
84.5821020792451606
 31
0.0
  0
LINE
  5
D3
100
AcDbEntity
  8
Building
 62
256
370
-1
 48
1.0
  6
BYLAYER
100
AcDbLine
 10
30.948193417300935
 20
92.0879533856761725
 30
0.0
 11
52.3338667712992347
 21
104.4349776534084953
 31
0.0
  0
LINE
  5
D4
100
AcDbEntity
  8
Building
 62
256
370
-1
 48
1.0
  6
BYLAYER
100
AcDbLine
 10
62.7363063767417657
 20
110.4408289598395498
 30
0.0
 11
66.2445083812323077
 21
112.4662903315037568
 31
0.0
  0
LINE
  5
D5
100
AcDbEntity
  8
Building
 62
256
370
-1
 48
1.0
  6
BYLAYER
100
AcDbLine
 10
66.2445083812323503
 20
112.466290331503771
 30
0.0
 11
35.4567890507618841
 21
106.5860553443279883
 31
0.0
  0
LINE
  5
D6
100
AcDbEntity
  8
Roof_Framing
 62
256
370
-1
 48
1.0
  6
BYLAYER
100
AcDbLine
 10
72.2437156969960768
 20
117.6338349535160717
 30
0.0
 11
34.0315838094778513
 21
110.3355900771188942
 31
0.0
  0
LINE
  5
D7
100
AcDbEntity
  8
Roof_Framing
 62
256
370
-1
 48
1.0
  6
BYLAYER
100
AcDbLine
 10
72.2437156969960768
 20
114.6128825007484693
 30
0.0
 11
68.0011942358259489
 21
113.8025911354791475
 31
0.0
  0
LINE
  5
D8
100
AcDbEntity
  8
Roof_Framing
 62
256
370
-1
 48
1.0
  6
BYLAYER
100
AcDbLine
 10
-5.5219432714476726
 20
72.7358108143764497
 30
0.0
 11
32.6901886160705359
 21
109.5611352011155049
 31
0.0
  0
LINE
  5
D9
100
AcDbEntity
  8
Roof_Framing
 62
256
370
-1
 48
1.0
  6
BYLAYER
100
AcDbLine
 10
32.6901886160705359
 20
106.5401827483479451
 30
0.0
 11
34.045484962487663
 21
107.3226634587835946
 31
0.0
  0
LINE
  5
DA
100
AcDbEntity
  8
Roof_Framing
 62
256
370
-1
 48
1.0
  6
BYLAYER
100
AcDbLine
 10
64.8193031399483033
 20
113.1948726115271029
 30
0.0
 11
68.0011942358259489
 21
115.031938292264158
 31
0.0
  0
LINE
  5
DB
100
AcDbEntity
  8
Building
 62
256
370
-1
 48
1.0
  6
BYLAYER
100
AcDbLine
 10
3.3137733738742985
 20
76.1332135347046091
 30
0.0
 11
1.6259511084309684
 21
75.15874889540666
 31
0.0
  0
LINE
  5
DC
100
AcDbEntity
  8
Roof_Framing
 62
256
370
-1
 48
1.0
  6
BYLAYER
100
AcDbLine
 10
68.0011942358259489
 20
115.031938292264158
 30
0.0
 11
68.0011942358259489
 21
113.8025911354791475
 31
0.0
  0
LINE
  5
DD
100
AcDbEntity
  8
Roof_Framing
 62
256
370
-1
 48
1.0
  6
BYLAYER
100
AcDbLine
 10
72.2437156969961052
 20
114.6128825007484409
 30
0.0
 11
72.2437156969960768
 21
117.6338349535159864
 31
0.0
  0
LINE
  5
DE
100
AcDbEntity
  8
Roof_Framing
 62
256
370
-1
 48
1.0
  6
BYLAYER
100
AcDbLine
 10
-5.5219432714477108
 20
69.7148583616088047
 30
0.0
 11
-5.5219432714476859
 21
72.7358108143763786
 31
0.0
  0
LINE
  5
DF
100
AcDbEntity
  8
Roof_Framing
 62
256
370
-1
 48
1.0
  6
BYLAYER
100
AcDbLine
 10
64.8193031399482607
 20
113.1948726115271029
 30
0.0
 11
34.0315838094777803
 21
107.3146376243512918
 31
0.0
  0
LINE
  5
E0
100
AcDbEntity
  8
Roof_Framing
 62
256
370
-1
 48
1.0
  6
BYLAYER
100
AcDbLine
 10
32.6901886160706141
 20
106.540182748348002
 30
0.0
 11
32.6901886160705359
 21
109.5611352011155049
 31
0.0
  0
LINE
  5
E1
100
AcDbEntity
  8
Roof_Framing
 62
256
370
-1
 48
1.0
  6
BYLAYER
100
AcDbLine
 10
34.0315838094777874
 20
107.3146376243512918
 30
0.0
 11
34.0315838094778513
 21
110.3355900771188942
 31
0.0
  0
LINE
  5
E2
100
AcDbEntity
  8
Roof_Framing
 62
256
370
-1
 48
1.0
  6
BYLAYER
100
AcDbLine
 10
-6.8209813771243448
 20
73.4858108143764497
 30
0.0
 11
31.3911505103938779
 21
110.3111352011155049
 31
0.0
  0
LINE
  5
E3
100
AcDbEntity
  8
Roof_Framing
 62
256
370
-1
 48
1.0
  6
BYLAYER
100
AcDbLine
 10
-6.8209813771243679
 20
70.4648583616088047
 30
0.0
 11
-6.820981377124343
 21
73.4858108143763786
 31
0.0
  0
LINE
  5
E4
100
AcDbEntity
  8
Roof_Framing
 62
256
370
-1
 48
1.0
  6
BYLAYER
100
AcDbLine
 10
-8.120019482801009
 20
74.2358108143764355
 30
0.0
 11
30.0921124047172199
 21
111.0611352011155049
 31
0.0
  0
LINE
  5
E5
100
AcDbEntity
  8
Roof_Framing
 62
256
370
-1
 48
1.0
  6
BYLAYER
100
AcDbLine
 10
-8.1200194828010268
 20
71.2148583616088047
 30
0.0
 11
-8.1200194828010019
 21
74.2358108143763786
 31
0.0
  0
LINE
  5
E6
100
AcDbEntity
  8
Roof_Framing
 62
256
370
-1
 48
1.0
  6
BYLAYER
100
AcDbLine
 10
2.8175640471020262
 20
64.9782502471532268
 30
0.0
 11
7.0600855082721656
 21
69.0668006971825719
 31
0.0
  0
LINE
  5
E7
100
AcDbEntity
  8
Roof_Framing
 62
256
370
-1
 48
1.0
  6
BYLAYER
100
AcDbLine
 10
2.8175640471020369
 20
67.9992026999208292
 30
0.0
 11
41.0296959346202641
 21
104.8245270866598986
 31
0.0
  0
LINE
  5
E8
100
AcDbEntity
  8
Roof_Framing
 62
256
370
-1
 48
1.0
  6
BYLAYER
100
AcDbLine
 10
10.241976604149805
 20
72.1332135347046091
 30
0.0
 11
7.060085508272155
 21
70.2961478539675824
 31
0.0
  0
LINE
  5
E9
100
AcDbEntity
  8
Roof_Framing
 62
256
370
-1
 48
1.0
  6
BYLAYER
100
AcDbLine
 10
7.060085508272155
 20
70.2961478539675824
 30
0.0
 11
7.060085508272155
 21
69.0668006971825719
 31
0.0
  0
LINE
  5
EA
100
AcDbEntity
  8
Roof_Framing
 62
256
370
-1
 48
1.0
  6
BYLAYER
100
AcDbLine
 10
2.8175640471020156
 20
64.9782502471531984
 30
0.0
 11
2.8175640471020404
 21
67.9992026999207724
 31
0.0
  0
LINE
  5
EB
100
AcDbEntity
  8
Roof_Framing
 62
256
370
-1
 48
1.0
  6
BYLAYER
100
AcDbLine
 10
41.0296959346203423
 20
101.8035746338923957
 30
0.0
 11
41.0296959346202641
 21
104.8245270866598986
 31
0.0
  0
LINE
  5
EC
100
AcDbEntity
  8
Roof_Framing
 62
256
370
-1
 48
1.0
  6
BYLAYER
100
AcDbLine
 10
1.5185259414253771
 20
68.7492026999208292
 30
0.0
 11
39.7306578289436061
 21
105.5745270866598986
 31
0.0
  0
LINE
  5
ED
100
AcDbEntity
  8
Roof_Framing
 62
256
370
-1
 48
1.0
  6
BYLAYER
100
AcDbLine
 10
1.5185259414253576
 20
65.7282502471531984
 30
0.0
 11
1.5185259414253824
 21
68.7492026999207724
 31
0.0
  0
LINE
  5
EE
100
AcDbEntity
  8
Roof_Framing
 62
256
370
-1
 48
1.0
  6
BYLAYER
100
AcDbLine
 10
70.9446775913194188
 20
118.3838349535160717
 30
0.0
 11
32.7325457038011933
 21
111.0855900771188942
 31
0.0
  0
LINE
  5
EF
100
AcDbEntity
  8
Roof_Framing
 62
256
370
-1
 48
1.0
  6
BYLAYER
100
AcDbLine
 10
69.6456394856427607
 20
119.1338349535160717
 30
0.0
 11
31.4335075981245353
 21
111.8355900771188942
 31
0.0
  0
LINE
  5
F0
100
AcDbEntity
  8
Roof_Framing
 62
256
370
-1
 48
1.0
  6
BYLAYER
100
AcDbLine
 10
80.5089422513948847
 20
112.8371687366195033
 30
0.0
 11
42.2968103638766593
 21
105.5389238602223259
 31
0.0
  0
LINE
  5
F1
100
AcDbEntity
  8
Roof_Framing
 62
256
370
-1
 48
1.0
  6
BYLAYER
100
AcDbLine
 10
80.5089422513948847
 20
109.8162162838519009
 30
0.0
 11
76.2664207902247568
 21
109.0059249185825792
 31
0.0
  0
LINE
  5
F2
100
AcDbEntity
  8
Roof_Framing
 62
256
370
-1
 48
1.0
  6
BYLAYER
100
AcDbLine
 10
73.0845296943471112
 20
108.3982063946305345
 30
0.0
 11
76.2664207902247568
 21
110.2352720753675897
 31
0.0
  0
LINE
  5
F3
100
AcDbEntity
  8
Roof_Framing
 62
256
370
-1
 48
1.0
  6
BYLAYER
100
AcDbLine
 10
76.2664207902247568
 20
110.2352720753675897
 30
0.0
 11
76.2664207902247568
 21
109.0059249185825792
 31
0.0
  0
LINE
  5
F4
100
AcDbEntity
  8
Roof_Framing
 62
256
370
-1
 48
1.0
  6
BYLAYER
100
AcDbLine
 10
80.5089422513949131
 20
109.8162162838518725
 30
0.0
 11
80.5089422513948847
 21
112.837168736619418
 31
0.0
  0
LINE
  5
F5
100
AcDbEntity
  8
Roof_Framing
 62
256
370
-1
 48
1.0
  6
BYLAYER
100
AcDbLine
 10
73.0845296943470686
 20
108.3982063946305345
 30
0.0
 11
42.2968103638765882
 21
102.5179714074547235
 31
0.0
  0
LINE
  5
F6
100
AcDbEntity
  8
Roof_Framing
 62
256
370
-1
 48
1.0
  6
BYLAYER
100
AcDbLine
 10
42.2968103638765953
 20
102.5179714074547235
 30
0.0
 11
42.2968103638766593
 21
105.5389238602223259
 31
0.0
  0
LINE
  5
F7
100
AcDbEntity
  8
Roof_Framing
 62
256
370
-1
 48
1.0
  6
BYLAYER
100
AcDbLine
 10
79.2099041457182267
 20
113.5871687366195033
 30
0.0
 11
40.9977722582000013
 21
106.2889238602223259
 31
0.0
  0
LINE
  5
F8
100
AcDbEntity
  8
Corners_2
 62
256
370
-1
 48
1.0
  6
BYLAYER
100
AcDbLine
 10
62.7406498534489856
 20
110.4416585329373817
 30
0.0
 11
68.6214312093615746
 21
113.8369292318188428
 31
0.0
  0
LINE
  5
F9
100
AcDbEntity
  8
Roof_Framing
 62
256
370
-1
 48
1.0
  6
BYLAYER
100
AcDbLine
 10
-5.5219432714477108
 20
69.7148583616088189
 30
0.0
 11
-6.8209813771243679
 21
70.4648583616088047
 31
0.0
  0
LINE
  5
FA
100
AcDbEntity
  8
Roof_Framing
 62
256
370
-1
 48
1.0
  6
BYLAYER
100
AcDbLine
 10
-6.8209813771243679
 20
70.4648583616088189
 30
0.0
 11
-8.1200194828010268
 21
71.2148583616088047
 31
0.0
  0
LINE
  5
FB
100
AcDbEntity
  8
Roof_Framing
 62
256
370
-1
 48
1.0
  6
BYLAYER
100
AcDbLine
 10
2.8175640471020156
 20
64.9782502471532126
 30
0.0
 11
1.5185259414253576
 21
65.7282502471531984
 31
0.0
  0
LINE
  5
FC
100
AcDbEntity
  8
Roof_Framing
 62
256
370
-1
 48
1.0
  6
BYLAYER
100
AcDbLine
 10
-5.5219432714476859
 20
72.7358108143764497
 30
0.0
 11
-6.820981377124343
 21
73.4858108143764355
 31
0.0
  0
LINE
  5
FD
100
AcDbEntity
  8
Roof_Framing
 62
256
370
-1
 48
1.0
  6
BYLAYER
100
AcDbLine
 10
-6.820981377124343
 20
73.4858108143764497
 30
0.0
 11
-8.1200194828010019
 21
74.2358108143764355
 31
0.0
  0
LINE
  5
FE
100
AcDbEntity
  8
Roof_Framing
 62
256
370
-1
 48
1.0
  6
BYLAYER
100
AcDbLine
 10
2.8175640471020404
 20
67.9992026999208434
 30
0.0
 11
1.5185259414253833
 21
68.7492026999208292
 31
0.0
  0
LINE
  5
FF
100
AcDbEntity
  8
Roof_Framing
 62
256
370
-1
 48
1.0
  6
BYLAYER
100
AcDbLine
 10
32.6901886160705359
 20
109.5611352011154764
 30
0.0
 11
31.3911505103938779
 21
110.3111352011155049
 31
0.0
  0
LINE
  5
100
100
AcDbEntity
  8
Roof_Framing
 62
256
370
-1
 48
1.0
  6
BYLAYER
100
AcDbLine
 10
31.3911505103938779
 20
110.3111352011154764
 30
0.0
 11
30.0921124047172199
 21
111.0611352011155049
 31
0.0
  0
LINE
  5
101
100
AcDbEntity
  8
Roof_Framing
 62
256
370
-1
 48
1.0
  6
BYLAYER
100
AcDbLine
 10
41.0296959346202641
 20
104.8245270866598702
 30
0.0
 11
39.7306578289436061
 21
105.5745270866598986
 31
0.0
  0
LINE
  5
102
100
AcDbEntity
  8
Roof_Framing
 62
256
370
-1
 48
1.0
  6
BYLAYER
100
AcDbLine
 10
41.0296959346203423
 20
101.8035746338923957
 30
0.0
 11
10.241976604149805
 21
72.1332135347046091
 31
0.0
  0
LINE
  5
103
100
AcDbEntity
  8
Roof_Framing
 62
256
370
-1
 48
1.0
  6
BYLAYER
100
AcDbLine
 10
2.0701779985122344
 20
77.0314438212402877
 30
0.0
 11
32.6901886160706141
 21
106.5401827483480162
 31
0.0
  0
LINE
  5
104
100
AcDbEntity
  8
Roof_Framing
 62
256
370
-1
 48
1.0
  6
BYLAYER
100
AcDbLine
 10
0.7411694407961096
 20
74.6462418270753005
 30
0.0
 11
35.5444063400384067
 21
108.1863879852582926
 31
0.0
  0
LINE
  5
105
100
AcDbEntity
  8
Corners_1
 62
256
370
-1
 48
1.0
  6
BYLAYER
100
AcDbLine
 10
0.7410878306383637
 20
-0.4693797918188737
 30
0.0
 11
0.7410878306383066
 21
69.1980568024620482
 31
0.0
  0
LINE
  5
106
100
AcDbEntity
  8
Corners_2
 62
256
370
-1
 48
1.0
  6
BYLAYER
100
AcDbLine
 10
0.7410878306384028
 20
-0.4693797918188523
 30
0.0
 11
0.7410878306383459
 21
69.1980568024620766
 31
0.0
  0
LINE
  5
107
100
AcDbEntity
  8
Roof_Framing
 62
256
370
-1
 48
1.0
  6
BYLAYER
100
AcDbLine
 10
31.4335075981245353
 20
111.8355900771188942
 30
0.0
 11
32.7325457038011933
 21
111.0855900771188942
 31
0.0
  0
LINE
  5
108
100
AcDbEntity
  8
Roof_Framing
 62
256
370
-1
 48
1.0
  6
BYLAYER
100
AcDbLine
 10
32.7325457038011933
 20
111.0855900771188942
 30
0.0
 11
34.0315838094778513
 21
110.3355900771189084
 31
0.0
  0
LINE
  5
109
100
AcDbEntity
  8
Roof_Framing
 62
256
370
-1
 48
1.0
  6
BYLAYER
100
AcDbLine
 10
40.9977722582000013
 20
106.2889238602223259
 30
0.0
 11
42.2968103638766593
 21
105.5389238602223401
 31
0.0
  0
LINE
  5
10A
100
AcDbEntity
  8
Roof_Framing
 62
256
370
-1
 48
1.0
  6
BYLAYER
100
AcDbLine
 10
69.6456394856427607
 20
119.1338349535160717
 30
0.0
 11
70.9446775913194188
 21
118.3838349535160717
 31
0.0
  0
LINE
  5
10B
100
AcDbEntity
  8
Roof_Framing
 62
256
370
-1
 48
1.0
  6
BYLAYER
100
AcDbLine
 10
70.9446775913194188
 20
118.3838349535160717
 30
0.0
 11
72.243715696996091
 21
117.6338349535160859
 31
0.0
  0
LINE
  5
10C
100
AcDbEntity
  8
Roof_Framing
 62
256
370
-1
 48
1.0
  6
BYLAYER
100
AcDbLine
 10
79.2099041457182267
 20
113.5871687366195033
 30
0.0
 11
80.5089422513948989
 21
112.8371687366195175
 31
0.0
  0
LINE
  5
10D
100
AcDbEntity
  8
Roof_Framing
 62
256
370
-1
 48
1.0
  6
BYLAYER
100
AcDbLine
 10
69.4124983241001701
 20
113.065983021023527
 30
0.0
 11
68.6214312093615746
 21
113.5227058326649114
 31
0.0
  0
LINE
  5
10E
100
AcDbEntity
  8
Corners_1
 62
256
370
-1
 48
1.0
  6
BYLAYER
100
AcDbLine
 10
-2.3974042306259769
 20
72.7031261230664683
 30
0.0
 11
-2.383235407882573
 21
0.5844490709765982
 31
0.0
  0
LINE
  5
10F
100
AcDbEntity
  8
Corners_2
 62
256
370
-1
 48
1.0
  6
BYLAYER
100
AcDbLine
 10
0.0915687778000809
 20
69.5730568024620482
 30
0.0
 11
0.0915687778000809
 21
-0.8443797918188523
 31
0.0
  0
LINE
  5
110
100
AcDbEntity
  8
Corners_2
 62
256
370
-1
 48
1.0
  6
BYLAYER
100
AcDbLine
 10
-2.3832354078825695
 20
71.0018856652574897
 30
0.0
 11
-2.3832354078825695
 21
0.584449070976611
 31
0.0
  0
LINE
  5
111
100
AcDbEntity
  8
Corners_2
 62
256
370
-1
 48
1.0
  6
BYLAYER
100
AcDbLine
 10
-2.3832354078825695
 20
72.6448554847858645
 30
0.0
 11
-2.3832354078825695
 21
0.584449070976611
 31
0.0
  0
LINE
  5
112
100
AcDbEntity
  8
Corners_1
 62
256
370
-1
 48
1.0
  6
BYLAYER
100
AcDbLine
 10
-2.383235407882573
 20
0.5844490709765982
 30
0.0
 11
0.0915687778000418
 21
-0.8443797918188736
 31
0.0
  0
LINE
  5
113
100
AcDbEntity
  8
Corners_1
 62
256
370
-1
 48
1.0
  6
BYLAYER
100
AcDbLine
 10
-2.383235407882573
 20
0.5844490709765982
 30
0.0
 11
0.0915687778000418
 21
-0.8443797918188736
 31
0.0
  0
LINE
  5
114
100
AcDbEntity
  8
Corners_2
 62
256
370
-1
 48
1.0
  6
BYLAYER
100
AcDbLine
 10
0.0915687778000809
 20
-0.8443797918188523
 30
0.0
 11
2.5663729634826975
 21
0.5844490709766319
 31
0.0
  0
LINE
  5
115
100
AcDbEntity
  8
Corners_2
 62
256
370
-1
 48
1.0
  6
BYLAYER
100
AcDbLine
 10
-2.3832354078825695
 20
0.584449070976611
 30
0.0
 11
0.0915687778000454
 21
-0.8443797918188731
 31
0.0
  0
LINE
  5
116
100
AcDbEntity
  8
Corners_2
 62
256
370
-1
 48
1.0
  6
BYLAYER
100
AcDbLine
 10
-2.3832354078825695
 20
0.584449070976611
 30
0.0
 11
0.0915687778000454
 21
-0.8443797918188731
 31
0.0
  0
LINE
  5
117
100
AcDbEntity
  8
Corners_1
 62
256
370
-1
 48
1.0
  6
BYLAYER
100
AcDbLine
 10
0.0915687778000418
 20
-0.8443797918188736
 30
0.0
 11
0.0768002674026027
 21
74.3266807247761108
 31
0.0
  0
LINE
  5
118
100
AcDbEntity
  8
Corners_2
 62
256
370
-1
 48
1.0
  6
BYLAYER
100
AcDbLine
 10
0.0915687778000809
 20
-0.8443797918188523
 30
0.0
 11
0.0915687778000809
 21
69.5730568024620197
 31
0.0
  0
LINE
  5
119
100
AcDbEntity
  8
Corners_2
 62
256
370
-1
 48
1.0
  6
BYLAYER
100
AcDbLine
 10
0.0915687778000454
 20
-0.8443797918188731
 30
0.0
 11
0.0915687778000454
 21
74.2437466967842852
 31
0.0
  0
LINE
  5
11A
100
AcDbEntity
  8
Roof_Framing
 62
256
370
-1
 48
1.0
  6
BYLAYER
100
AcDbLine
 10
2.0701779985122344
 20
77.0314438212402877
 30
0.0
 11
-0.6702162576358486
 21
75.4492764597674892
 31
0.0
  0
LINE
  5
11B
100
AcDbEntity
  8
Corners_1
 62
256
370
-1
 48
1.0
  6
BYLAYER
100
AcDbLine
 10
0.0915687778000347
 20
-0.8443797918188753
 30
0.0
 11
0.7410878306383637
 21
-0.4693797918188753
 31
0.0
  0
LINE
  5
11C
100
AcDbEntity
  8
Corners_2
 62
256
370
-1
 48
1.0
  6
BYLAYER
100
AcDbLine
 10
0.0915687778000738
 20
-0.8443797918188523
 30
0.0
 11
0.7410878306384028
 21
-0.4693797918188523
 31
0.0
  0
LINE
  5
11D
100
AcDbEntity
  8
Corners_2
 62
256
370
-1
 48
1.0
  6
BYLAYER
100
AcDbLine
 10
0.0915687778000382
 20
-0.8443797918188731
 30
0.0
 11
0.7410878306383673
 21
-0.4693797918188731
 31
0.0
  0
LINE
  5
11E
100
AcDbEntity
  8
Corners_1
 62
256
370
-1
 48
1.0
  6
BYLAYER
100
AcDbLine
 10
-1.2689044197992296
 20
75.1036236881818127
 30
0.0
 11
0.0768002674026014
 21
74.3266807247760966
 31
0.0
  0
LINE
  5
11F
100
AcDbEntity
  8
Corners_1
 62
256
370
-1
 48
1.0
  6
BYLAYER
100
AcDbLine
 10
-92.4447476713069705
 20
74.804341023626165
 30
0.0
 11
-83.4960890003463732
 21
74.804341023626165
 31
0.0
  0
LINE
  5
120
100
AcDbEntity
  8
Corners_1
 62
256
370
-1
 48
1.0
  6
BYLAYER
100
AcDbLine
 10
-83.4960890003463732
 20
74.804341023626165
 30
0.0
 11
-83.4960890003463589
 21
63.602182277329149
 31
0.0
  0
LINE
  5
121
100
AcDbEntity
  8
Corners_1
 62
256
370
-1
 48
1.0
  6
BYLAYER
100
AcDbLine
 10
-83.4960890003463589
 20
63.6021822773291561
 30
0.0
 11
-79.6526543095531707
 21
63.602182277329149
 31
0.0
  0
LINE
  5
122
100
AcDbEntity
  8
Corners_1
 62
256
370
-1
 48
1.0
  6
BYLAYER
100
AcDbLine
 10
-79.6526543095531707
 20
63.602182277329149
 30
0.0
 11
-79.6526543095531565
 21
30.4802194699671141
 31
0.0
  0
LINE
  5
123
100
AcDbEntity
  8
Corners_1
 62
256
370
-1
 48
1.0
  6
BYLAYER
100
AcDbLine
 10
-79.6526543095531707
 20
28.9665728374576403
 30
0.0
 11
-79.6526543095531707
 21
4.9210753467142752
 31
0.0
  0
LINE
  5
124
100
AcDbEntity
  8
Corners_1
 62
256
370
-1
 48
1.0
  6
BYLAYER
100
AcDbLine
 10
-92.6526543095531707
 20
74.602182277329149
 30
0.0
 11
-92.6526543095531565
 21
28.783474245908355
 31
0.0
  0
LINE
  5
125
100
AcDbEntity
  8
Corners_1
 62
256
370
-1
 48
1.0
  6
BYLAYER
100
AcDbLine
 10
-92.6526543095531565
 20
28.783474245908355
 30
0.0
 11
-92.6526543095531707
 21
4.9210753467142823
 31
0.0
  0
ARC
  5
126
100
AcDbEntity
  8
Corners_1
 62
256
370
-1
 48
1.0
  6
BYLAYER
100
AcDbCircle
 10
-36.3807734294223764
 20
51.9617181045699965
 30
0.0
 40
61.1903793915980216
100
AcDbArc
 50
238.5634900903230005
 51
290.4803602719227911
  0
LEADER
  5
127
100
AcDbEntity
  8
Corners_1
 62
256
370
-1
 48
1.0
  6
BYLAYER
100
AcDbLeader
  3
Standard
 71
1
 72
0
 73
3
 74
0
 75
0
 40
1.0
 41
10.0
 76
2
 10
-78.0563210844869957
 20
7.4213586338171647
 10
-68.2948253214024135
 20
-0.2470533991123167
1001
ACAD
1000
DSTYLE
1002
{
1070
40
1040
1.0
1002
}
  0
LEADER
  5
128
100
AcDbEntity
  8
Corners_1
 62
256
370
-1
 48
1.0
  6
BYLAYER
100
AcDbLeader
  3
Standard
 71
1
 72
0
 73
3
 74
0
 75
0
 40
1.0
 41
10.0
 76
3
 10
-1.1458333150412656
 20
-0.1299653604211377
 10
-14.9710985913659762
 20
-5.3609506523572108
 10
-14.9710985913659798
 20
-5.3609506523572117
1001
ACAD
1000
DSTYLE
1002
{
1070
40
1040
1.0
1002
}
  0
MTEXT
  5
129
100
AcDbEntity
  8
Corners_1
 62
256
370
-1
 48
1.0
  6
BYLAYER
100
AcDbMText
 10
-50.0
 20
0.0
 30
0.0
 40
3.0
 41
0.0
 71
1
 72
1
  1
\H4.00001;Flip
  7
textstyle9
 50
0.0
 73
2
 44
1.0
  0
MTEXT
  5
12A
100
AcDbEntity
  8
Corners_1
 62
256
370
-1
 48
1.0
  6
BYLAYER
100
AcDbMText
 10
-90.3805608406198075
 20
85.4976813972943006
 30
0.0
 40
3.0
 41
0.0
 71
3
 72
1
  1
\H2.50001;Cutout for rafter
  7
textstyle10
 50
0.0
 73
2
 44
1.0
  0
LINE
  5
12B
100
AcDbEntity
  8
Corners_1
 62
256
370
100
 48
4.0
  6
BYLAYER
100
AcDbLine
 10
-91.3500381534438333
 20
73.4583274438042793
 30
0.0
 11
-91.3037898867322895
 21
73.4583274438042793
 31
0.0
  0
LINE
  5
12C
100
AcDbEntity
  8
Corners_1
 62
256
370
100
 48
4.0
  6
BYLAYER
100
AcDbLine
 10
-91.3037898867322895
 20
73.4583274438042793
 30
0.0
 11
-91.0725485531745562
 21
73.4120791770927212
 31
0.0
  0
LINE
  5
12D
100
AcDbEntity
  8
Corners_1
 62
256
370
100
 48
4.0
  6
BYLAYER
100
AcDbLine
 10
-91.0725485531745562
 20
73.4120791770927212
 30
0.0
 11
-90.9800520197514686
 21
73.3658309103811632
 31
0.0
  0
LINE
  5
12E
100
AcDbEntity
  8
Corners_1
 62
256
370
100
 48
4.0
  6
BYLAYER
100
AcDbLine
 10
-90.9800520197514686
 20
73.3658309103811632
 30
0.0
 11
-90.656314152770662
 21
73.3195826436696336
 31
0.0
  0
LINE
  5
12F
100
AcDbEntity
  8
Corners_1
 62
256
370
100
 48
4.0
  6
BYLAYER
100
AcDbLine
 10
-90.656314152770662
 20
73.3195826436696336
 30
0.0
 11
-90.5638176193475601
 21
73.2733343769580756
 31
0.0
  0
LINE
  5
130
100
AcDbEntity
  8
Corners_1
 62
256
370
100
 48
4.0
  6
BYLAYER
100
AcDbLine
 10
-90.5638176193475601
 20
73.2733343769580756
 30
0.0
 11
-90.4713210859244867
 21
73.2733343769580756
 31
0.0
  0
LINE
  5
131
100
AcDbEntity
  8
Corners_1
 62
256
370
100
 48
4.0
  6
BYLAYER
100
AcDbLine
 10
-90.4713210859244867
 20
73.2733343769580756
 30
0.0
 11
-90.4250728192129287
 21
73.227086110246546
 31
0.0
  0
LINE
  5
132
100
AcDbEntity
  8
Corners_1
 62
256
370
100
 48
4.0
  6
BYLAYER
100
AcDbLine
 10
-90.4250728192129287
 20
73.227086110246546
 30
0.0
 11
-90.3325762857898411
 21
73.227086110246546
 31
0.0
  0
LINE
  5
133
100
AcDbEntity
  8
Corners_1
 62
256
370
100
 48
4.0
  6
BYLAYER
100
AcDbLine
 10
-90.3325762857898411
 20
73.227086110246546
 30
0.0
 11
-90.2863280190782973
 21
73.227086110246546
 31
0.0
  0
LINE
  5
134
100
AcDbEntity
  8
Corners_1
 62
256
370
100
 48
4.0
  6
BYLAYER
100
AcDbLine
 10
-90.2863280190782973
 20
73.227086110246546
 30
0.0
 11
-90.2400797523667677
 21
73.227086110246546
 31
0.0
  0
LINE
  5
135
100
AcDbEntity
  8
Corners_1
 62
256
370
100
 48
4.0
  6
BYLAYER
100
AcDbLine
 10
-90.2400797523667677
 20
73.227086110246546
 30
0.0
 11
-90.1938314856552239
 21
73.227086110246546
 31
0.0
  0
LINE
  5
136
100
AcDbEntity
  8
Corners_1
 62
256
370
100
 48
4.0
  6
BYLAYER
100
AcDbLine
 10
-90.1938314856552239
 20
73.227086110246546
 30
0.0
 11
-90.0088384188090487
 21
73.180837843534988
 31
0.0
  0
LINE
  5
137
100
AcDbEntity
  8
Corners_1
 62
256
370
100
 48
4.0
  6
BYLAYER
100
AcDbLine
 10
-90.0088384188090487
 20
73.180837843534988
 30
0.0
 11
-89.9625901520974907
 21
73.180837843534988
 31
0.0
  0
LINE
  5
138
100
AcDbEntity
  8
Corners_1
 62
256
370
100
 48
4.0
  6
BYLAYER
100
AcDbLine
 10
-89.9625901520974907
 20
73.180837843534988
 30
0.0
 11
-89.8700936186744173
 21
73.180837843534988
 31
0.0
  0
LINE
  5
139
100
AcDbEntity
  8
Corners_1
 62
256
370
100
 48
4.0
  6
BYLAYER
100
AcDbLine
 10
-89.8700936186744173
 20
73.180837843534988
 30
0.0
 11
-89.8238453519628592
 21
73.180837843534988
 31
0.0
  0
LINE
  5
13A
100
AcDbEntity
  8
Corners_1
 62
256
370
100
 48
4.0
  6
BYLAYER
100
AcDbLine
 10
-89.8238453519628592
 20
73.180837843534988
 30
0.0
 11
-89.5001074849820526
 21
73.227086110246546
 31
0.0
  0
LINE
  5
13B
100
AcDbEntity
  8
Corners_1
 62
256
370
100
 48
4.0
  6
BYLAYER
100
AcDbLine
 10
-89.5001074849820526
 20
73.227086110246546
 30
0.0
 11
-89.407610951558965
 21
73.227086110246546
 31
0.0
  0
LINE
  5
13C
100
AcDbEntity
  8
Corners_1
 62
256
370
100
 48
4.0
  6
BYLAYER
100
AcDbLine
 10
-89.407610951558965
 20
73.227086110246546
 30
0.0
 11
-89.176369618001246
 21
73.3195826436696336
 31
0.0
  0
LINE
  5
13D
100
AcDbEntity
  8
Corners_1
 62
256
370
100
 48
4.0
  6
BYLAYER
100
AcDbLine
 10
-89.176369618001246
 20
73.3195826436696336
 30
0.0
 11
-89.1301213512897021
 21
73.3195826436696336
 31
0.0
  0
LINE
  5
13E
100
AcDbEntity
  8
Corners_1
 62
256
370
100
 48
4.0
  6
BYLAYER
100
AcDbLine
 10
-89.1301213512897021
 20
73.3195826436696336
 30
0.0
 11
-89.0376248178666003
 21
73.3195826436696336
 31
0.0
  0
LINE
  5
13F
100
AcDbEntity
  8
Corners_1
 62
256
370
100
 48
4.0
  6
BYLAYER
100
AcDbLine
 10
-89.0376248178666003
 20
73.3195826436696336
 30
0.0
 11
-88.9913765511550707
 21
73.3195826436696336
 31
0.0
  0
LINE
  5
140
100
AcDbEntity
  8
Corners_1
 62
256
370
100
 48
4.0
  6
BYLAYER
100
AcDbLine
 10
-88.9913765511550707
 20
73.3195826436696336
 30
0.0
 11
-88.8988800177319689
 21
73.3195826436696336
 31
0.0
  0
LINE
  5
141
100
AcDbEntity
  8
Corners_1
 62
256
370
100
 48
4.0
  6
BYLAYER
100
AcDbLine
 10
-88.8988800177319689
 20
73.3195826436696336
 30
0.0
 11
-88.8063834843088671
 21
73.3195826436696336
 31
0.0
  0
LINE
  5
142
100
AcDbEntity
  8
Corners_1
 62
256
370
100
 48
4.0
  6
BYLAYER
100
AcDbLine
 10
-88.8063834843088671
 20
73.3195826436696336
 30
0.0
 11
-88.6676386841742499
 21
73.3195826436696336
 31
0.0
  0
LINE
  5
143
100
AcDbEntity
  8
Corners_1
 62
256
370
100
 48
4.0
  6
BYLAYER
100
AcDbLine
 10
-88.6676386841742499
 20
73.3195826436696336
 30
0.0
 11
-88.4826456173280746
 21
73.3195826436696336
 31
0.0
  0
LINE
  5
144
100
AcDbEntity
  8
Corners_1
 62
256
370
100
 48
4.0
  6
BYLAYER
100
AcDbLine
 10
-88.4826456173280746
 20
73.3195826436696336
 30
0.0
 11
-88.4363973506165166
 21
73.3195826436696336
 31
0.0
  0
LINE
  5
145
100
AcDbEntity
  8
Corners_1
 62
256
370
100
 48
4.0
  6
BYLAYER
100
AcDbLine
 10
-88.4363973506165166
 20
73.3195826436696336
 30
0.0
 11
-88.3901490839049728
 21
73.3195826436696336
 31
0.0
  0
LINE
  5
146
100
AcDbEntity
  8
Corners_1
 62
256
370
100
 48
4.0
  6
BYLAYER
100
AcDbLine
 10
-88.3901490839049728
 20
73.3195826436696336
 30
0.0
 11
-88.343900817193429
 21
73.3658309103811632
 31
0.0
  0
LINE
  5
147
100
AcDbEntity
  8
Corners_1
 62
256
370
100
 48
4.0
  6
BYLAYER
100
AcDbLine
 10
-88.343900817193429
 20
73.3658309103811632
 30
0.0
 11
-88.2976525504818994
 21
73.3658309103811632
 31
0.0
  0
LINE
  5
148
100
AcDbEntity
  8
Corners_1
 62
256
370
100
 48
4.0
  6
BYLAYER
100
AcDbLine
 10
-88.2976525504818994
 20
73.3658309103811632
 30
0.0
 11
-88.2514042837703556
 21
73.3658309103811632
 31
0.0
  0
LINE
  5
149
100
AcDbEntity
  8
Corners_1
 62
256
370
100
 48
4.0
  6
BYLAYER
100
AcDbLine
 10
-88.2514042837703556
 20
73.3658309103811632
 30
0.0
 11
-88.158907750347268
 21
73.3658309103811632
 31
0.0
  0
LINE
  5
14A
100
AcDbEntity
  8
Corners_1
 62
256
370
100
 48
4.0
  6
BYLAYER
100
AcDbLine
 10
-88.158907750347268
 20
73.3658309103811632
 30
0.0
 11
-88.0201629502126082
 21
73.3658309103811632
 31
0.0
  0
LINE
  5
14B
100
AcDbEntity
  8
Corners_1
 62
256
370
100
 48
4.0
  6
BYLAYER
100
AcDbLine
 10
-88.0201629502126082
 20
73.3658309103811632
 30
0.0
 11
-87.9739146835010786
 21
73.3658309103811632
 31
0.0
  0
LINE
  5
14C
100
AcDbEntity
  8
Corners_1
 62
256
370
100
 48
4.0
  6
BYLAYER
100
AcDbLine
 10
-87.9739146835010786
 20
73.3658309103811632
 30
0.0
 11
-87.9276664167895348
 21
73.3658309103811632
 31
0.0
  0
LINE
  5
14D
100
AcDbEntity
  8
Corners_1
 62
256
370
100
 48
4.0
  6
BYLAYER
100
AcDbLine
 10
-87.9276664167895348
 20
73.3658309103811632
 30
0.0
 11
-87.8814181500779767
 21
73.4120791770927212
 31
0.0
  0
LINE
  5
14E
100
AcDbEntity
  8
Corners_1
 62
256
370
100
 48
4.0
  6
BYLAYER
100
AcDbLine
 10
-87.8814181500779767
 20
73.4120791770927212
 30
0.0
 11
-87.8351698833664472
 21
73.4120791770927212
 31
0.0
  0
LINE
  5
14F
100
AcDbEntity
  8
Corners_1
 62
256
370
100
 48
4.0
  6
BYLAYER
100
AcDbLine
 10
-87.8351698833664472
 20
73.4120791770927212
 30
0.0
 11
-87.7889216166548891
 21
73.4120791770927212
 31
0.0
  0
LINE
  5
150
100
AcDbEntity
  8
Corners_1
 62
256
370
100
 48
4.0
  6
BYLAYER
100
AcDbLine
 10
-87.7889216166548891
 20
73.4120791770927212
 30
0.0
 11
-87.6964250832318015
 21
73.4120791770927212
 31
0.0
  0
LINE
  5
151
100
AcDbEntity
  8
Corners_1
 62
256
370
100
 48
4.0
  6
BYLAYER
100
AcDbLine
 10
-87.6964250832318015
 20
73.4120791770927212
 30
0.0
 11
-87.6501768165202577
 21
73.4120791770927212
 31
0.0
  0
LINE
  5
152
100
AcDbEntity
  8
Corners_1
 62
256
370
100
 48
4.0
  6
BYLAYER
100
AcDbLine
 10
-87.6501768165202577
 20
73.4120791770927212
 30
0.0
 11
-87.6039285498087281
 21
73.4120791770927212
 31
0.0
  0
LINE
  5
153
100
AcDbEntity
  8
Corners_1
 62
256
370
100
 48
4.0
  6
BYLAYER
100
AcDbLine
 10
-87.6039285498087281
 20
73.4120791770927212
 30
0.0
 11
-87.5576802830971701
 21
73.4120791770927212
 31
0.0
  0
LINE
  5
154
100
AcDbEntity
  8
Corners_1
 62
256
370
100
 48
4.0
  6
BYLAYER
100
AcDbLine
 10
-87.5576802830971701
 20
73.4120791770927212
 30
0.0
 11
-87.5114320163856263
 21
73.4583274438042793
 31
0.0
  0
LINE
  5
155
100
AcDbEntity
  8
Corners_1
 62
256
370
100
 48
4.0
  6
BYLAYER
100
AcDbLine
 10
-87.5114320163856263
 20
73.4583274438042793
 30
0.0
 11
-87.3726872162509949
 21
73.4583274438042793
 31
0.0
  0
LINE
  5
156
100
AcDbEntity
  8
Corners_1
 62
256
370
100
 48
4.0
  6
BYLAYER
100
AcDbLine
 10
-87.3726872162509949
 20
73.4583274438042793
 30
0.0
 11
-87.3726872162509949
 21
73.5045757105158089
 31
0.0
  0
LINE
  5
157
100
AcDbEntity
  8
Corners_1
 62
256
370
100
 48
4.0
  6
BYLAYER
100
AcDbLine
 10
-87.3726872162509949
 20
73.5045757105158089
 30
0.0
 11
-87.3264389495394511
 21
73.5045757105158089
 31
0.0
  0
LINE
  5
158
100
AcDbEntity
  8
Corners_1
 62
256
370
100
 48
4.0
  6
BYLAYER
100
AcDbLine
 10
-87.3264389495394511
 20
73.5045757105158089
 30
0.0
 11
-87.2801906828279073
 21
73.5045757105158089
 31
0.0
  0
LINE
  5
159
100
AcDbEntity
  8
Corners_1
 62
256
370
100
 48
4.0
  6
BYLAYER
100
AcDbLine
 10
-87.2801906828279073
 20
73.5045757105158089
 30
0.0
 11
-87.0951976159817463
 21
73.5045757105158089
 31
0.0
  0
LINE
  5
15A
100
AcDbEntity
  8
Corners_1
 62
256
370
100
 48
4.0
  6
BYLAYER
100
AcDbLine
 10
-87.0951976159817463
 20
73.5045757105158089
 30
0.0
 11
-87.0027010825586302
 21
73.5045757105158089
 31
0.0
  0
LINE
  5
15B
100
AcDbEntity
  8
Corners_1
 62
256
370
100
 48
4.0
  6
BYLAYER
100
AcDbLine
 10
-87.0027010825586302
 20
73.5045757105158089
 30
0.0
 11
-86.9564528158471006
 21
73.4583274438042793
 31
0.0
  0
LINE
  5
15C
100
AcDbEntity
  8
Corners_1
 62
256
370
100
 48
4.0
  6
BYLAYER
100
AcDbLine
 10
-86.9564528158471006
 20
73.4583274438042793
 30
0.0
 11
-86.8639562824239988
 21
73.4583274438042793
 31
0.0
  0
LINE
  5
15D
100
AcDbEntity
  8
Corners_1
 62
256
370
100
 48
4.0
  6
BYLAYER
100
AcDbLine
 10
-86.8639562824239988
 20
73.4583274438042793
 30
0.0
 11
-86.7252114822893816
 21
73.4583274438042793
 31
0.0
  0
LINE
  5
15E
100
AcDbEntity
  8
Corners_1
 62
256
370
100
 48
4.0
  6
BYLAYER
100
AcDbLine
 10
-86.7252114822893816
 20
73.4583274438042793
 30
0.0
 11
-86.6789632155778236
 21
73.4583274438042793
 31
0.0
  0
LINE
  5
15F
100
AcDbEntity
  8
Corners_1
 62
256
370
100
 48
4.0
  6
BYLAYER
100
AcDbLine
 10
-86.6789632155778236
 20
73.4583274438042793
 30
0.0
 11
-86.586466682154736
 21
73.4583274438042793
 31
0.0
  0
LINE
  5
160
100
AcDbEntity
  8
Corners_1
 62
256
370
100
 48
4.0
  6
BYLAYER
100
AcDbLine
 10
-86.586466682154736
 20
73.4583274438042793
 30
0.0
 11
-86.4939701487316626
 21
73.4583274438042793
 31
0.0
  0
LINE
  5
161
100
AcDbEntity
  8
Corners_1
 62
256
370
100
 48
4.0
  6
BYLAYER
100
AcDbLine
 10
-86.4939701487316626
 20
73.4583274438042793
 30
0.0
 11
-86.3552253485970311
 21
73.4583274438042793
 31
0.0
  0
LINE
  5
162
100
AcDbEntity
  8
Corners_1
 62
256
370
100
 48
4.0
  6
BYLAYER
100
AcDbLine
 10
-86.3552253485970311
 20
73.4583274438042793
 30
0.0
 11
-86.2164805484623855
 21
73.4583274438042793
 31
0.0
  0
LINE
  5
163
100
AcDbEntity
  8
Corners_1
 62
256
370
100
 48
4.0
  6
BYLAYER
100
AcDbLine
 10
-86.2164805484623855
 20
73.4583274438042793
 30
0.0
 11
-86.0777357483277541
 21
73.4583274438042793
 31
0.0
  0
LINE
  5
164
100
AcDbEntity
  8
Corners_1
 62
256
370
100
 48
4.0
  6
BYLAYER
100
AcDbLine
 10
-86.0777357483277541
 20
73.4583274438042793
 30
0.0
 11
-86.0314874816162103
 21
73.4583274438042793
 31
0.0
  0
LINE
  5
165
100
AcDbEntity
  8
Corners_1
 62
256
370
100
 48
4.0
  6
BYLAYER
100
AcDbLine
 10
-86.0314874816162103
 20
73.4583274438042793
 30
0.0
 11
-85.9852392149046523
 21
73.4583274438042793
 31
0.0
  0
LINE
  5
166
100
AcDbEntity
  8
Corners_1
 62
256
370
100
 48
4.0
  6
BYLAYER
100
AcDbLine
 10
-85.9852392149046523
 20
73.4583274438042793
 30
0.0
 11
-85.8927426814815647
 21
73.4583274438042793
 31
0.0
  0
LINE
  5
167
100
AcDbEntity
  8
Corners_1
 62
256
370
100
 48
4.0
  6
BYLAYER
100
AcDbLine
 10
-85.8927426814815647
 20
73.4583274438042793
 30
0.0
 11
-85.7539978813469332
 21
73.3195826436696336
 31
0.0
  0
LINE
  5
168
100
AcDbEntity
  8
Corners_1
 62
256
370
100
 48
4.0
  6
BYLAYER
100
AcDbLine
 10
-85.7539978813469332
 20
73.3195826436696336
 30
0.0
 11
-85.615253081212316
 21
73.3195826436696336
 31
0.0
  0
LINE
  5
169
100
AcDbEntity
  8
Corners_1
 62
256
370
100
 48
4.0
  6
BYLAYER
100
AcDbLine
 10
-85.615253081212316
 20
73.3195826436696336
 30
0.0
 11
-85.5227565477892142
 21
73.2733343769580756
 31
0.0
  0
LINE
  5
16A
100
AcDbEntity
  8
Corners_1
 62
256
370
100
 48
4.0
  6
BYLAYER
100
AcDbLine
 10
-85.5227565477892142
 20
73.2733343769580756
 30
0.0
 11
-85.4302600143661266
 21
73.2733343769580756
 31
0.0
  0
LINE
  5
16B
100
AcDbEntity
  8
Corners_1
 62
256
370
100
 48
4.0
  6
BYLAYER
100
AcDbLine
 10
-85.4302600143661266
 20
73.2733343769580756
 30
0.0
 11
-85.4302600143661408
 21
73.180837843534988
 31
0.0
  0
LINE
  5
16C
100
AcDbEntity
  8
Corners_1
 62
256
370
100
 48
4.0
  6
BYLAYER
100
AcDbLine
 10
-85.4302600143661408
 20
73.180837843534988
 30
0.0
 11
-85.2915152142314952
 21
72.9958447766888128
 31
0.0
  0
LINE
  5
16D
100
AcDbEntity
  8
Corners_1
 62
256
370
100
 48
4.0
  6
BYLAYER
100
AcDbLine
 10
-85.2915152142314952
 20
72.9958447766888128
 30
0.0
 11
-85.2452669475199372
 21
72.9033482432657252
 31
0.0
  0
LINE
  5
16E
100
AcDbEntity
  8
Corners_1
 62
256
370
100
 48
4.0
  6
BYLAYER
100
AcDbLine
 10
-85.2452669475199372
 20
72.9033482432657252
 30
0.0
 11
-85.2452669475199514
 21
72.764603443131108
 31
0.0
  0
LINE
  5
16F
100
AcDbEntity
  8
Corners_1
 62
256
370
100
 48
4.0
  6
BYLAYER
100
AcDbLine
 10
-85.2452669475199514
 20
72.764603443131108
 30
0.0
 11
-85.1990186808083934
 21
72.7183551764195499
 31
0.0
  0
LINE
  5
170
100
AcDbEntity
  8
Corners_1
 62
256
370
100
 48
4.0
  6
BYLAYER
100
AcDbLine
 10
-85.1990186808083934
 20
72.7183551764195499
 30
0.0
 11
-85.1990186808083934
 21
72.5796103762849043
 31
0.0
  0
LINE
  5
171
100
AcDbEntity
  8
Corners_1
 62
256
370
100
 48
4.0
  6
BYLAYER
100
AcDbLine
 10
-85.1990186808083934
 20
72.5796103762849043
 30
0.0
 11
-85.1990186808083934
 21
72.5333621095733747
 31
0.0
  0
LINE
  5
172
100
AcDbEntity
  8
Corners_1
 62
256
370
100
 48
4.0
  6
BYLAYER
100
AcDbLine
 10
-85.1990186808083934
 20
72.5333621095733747
 30
0.0
 11
-85.1065221473853057
 21
72.3946173094387291
 31
0.0
  0
LINE
  5
173
100
AcDbEntity
  8
Corners_1
 62
256
370
100
 48
4.0
  6
BYLAYER
100
AcDbLine
 10
-85.1065221473853057
 20
72.3946173094387291
 30
0.0
 11
-85.10652214738532
 21
72.3021207760156415
 31
0.0
  0
LINE
  5
174
100
AcDbEntity
  8
Corners_1
 62
256
370
100
 48
4.0
  6
BYLAYER
100
AcDbLine
 10
-85.10652214738532
 20
72.3021207760156415
 30
0.0
 11
-85.0140256139622181
 21
72.1633759758810243
 31
0.0
  0
LINE
  5
175
100
AcDbEntity
  8
Corners_1
 62
256
370
100
 48
4.0
  6
BYLAYER
100
AcDbLine
 10
-85.0140256139622181
 20
72.1633759758810243
 30
0.0
 11
-85.0140256139622181
 21
72.0708794424579366
 31
0.0
  0
LINE
  5
176
100
AcDbEntity
  8
Corners_1
 62
256
370
100
 48
4.0
  6
BYLAYER
100
AcDbLine
 10
-85.0140256139622181
 20
72.0708794424579366
 30
0.0
 11
-85.0140256139622323
 21
71.978382909034849
 31
0.0
  0
LINE
  5
177
100
AcDbEntity
  8
Corners_1
 62
256
370
100
 48
4.0
  6
BYLAYER
100
AcDbLine
 10
-85.0140256139622323
 20
71.978382909034849
 30
0.0
 11
-85.0140256139622181
 21
71.932134642323291
 31
0.0
  0
LINE
  5
178
100
AcDbEntity
  8
Corners_1
 62
256
370
100
 48
4.0
  6
BYLAYER
100
AcDbLine
 10
-85.0140256139622181
 20
71.932134642323291
 30
0.0
 11
-85.0140256139622181
 21
71.7933898421886738
 31
0.0
  0
LINE
  5
179
100
AcDbEntity
  8
Corners_1
 62
256
370
100
 48
4.0
  6
BYLAYER
100
AcDbLine
 10
-85.0140256139622181
 20
71.7933898421886738
 30
0.0
 11
-84.9677773472506743
 21
71.6083967753424702
 31
0.0
  0
LINE
  5
17A
100
AcDbEntity
  8
Corners_1
 62
256
370
100
 48
4.0
  6
BYLAYER
100
AcDbLine
 10
-84.9677773472506743
 20
71.6083967753424702
 30
0.0
 11
-84.9677773472506885
 21
71.5621485086309406
 31
0.0
  0
LINE
  5
17B
100
AcDbEntity
  8
Corners_1
 62
256
370
100
 48
4.0
  6
BYLAYER
100
AcDbLine
 10
-84.9677773472506885
 20
71.5621485086309406
 30
0.0
 11
-84.9677773472506743
 21
71.469651975207853
 31
0.0
  0
LINE
  5
17C
100
AcDbEntity
  8
Corners_1
 62
256
370
100
 48
4.0
  6
BYLAYER
100
AcDbLine
 10
-84.9677773472506743
 20
71.469651975207853
 30
0.0
 11
-84.9677773472506743
 21
71.4234037084962949
 31
0.0
  0
LINE
  5
17D
100
AcDbEntity
  8
Corners_1
 62
256
370
100
 48
4.0
  6
BYLAYER
100
AcDbLine
 10
-84.9677773472506743
 20
71.4234037084962949
 30
0.0
 11
-84.9677773472506885
 21
71.2846589083616777
 31
0.0
  0
LINE
  5
17E
100
AcDbEntity
  8
Corners_1
 62
256
370
100
 48
4.0
  6
BYLAYER
100
AcDbLine
 10
-84.9677773472506885
 20
71.2846589083616777
 30
0.0
 11
-84.9215290805391447
 21
71.1921623749385901
 31
0.0
  0
LINE
  5
17F
100
AcDbEntity
  8
Corners_1
 62
256
370
100
 48
4.0
  6
BYLAYER
100
AcDbLine
 10
-84.9215290805391447
 20
71.1921623749385901
 30
0.0
 11
-84.9215290805391447
 21
71.1459141082270321
 31
0.0
  0
LINE
  5
180
100
AcDbEntity
  8
Corners_1
 62
256
370
100
 48
4.0
  6
BYLAYER
100
AcDbLine
 10
-84.9215290805391447
 20
71.1459141082270321
 30
0.0
 11
-84.9215290805391447
 21
71.0534175748039445
 31
0.0
  0
LINE
  5
181
100
AcDbEntity
  8
Corners_1
 62
256
370
100
 48
4.0
  6
BYLAYER
100
AcDbLine
 10
-84.9215290805391447
 20
71.0534175748039445
 30
0.0
 11
-84.9215290805391447
 21
71.0071693080924149
 31
0.0
  0
LINE
  5
182
100
AcDbEntity
  8
Corners_1
 62
256
370
100
 48
4.0
  6
BYLAYER
100
AcDbLine
 10
-84.9215290805391447
 20
71.0071693080924149
 30
0.0
 11
-84.9215290805391305
 21
70.8221762412462112
 31
0.0
  0
LINE
  5
183
100
AcDbEntity
  8
Corners_1
 62
256
370
100
 48
4.0
  6
BYLAYER
100
AcDbLine
 10
-84.9215290805391305
 20
70.8221762412462112
 30
0.0
 11
-84.9215290805391447
 21
70.7759279745346532
 31
0.0
  0
LINE
  5
184
100
AcDbEntity
  8
Corners_1
 62
256
370
100
 48
4.0
  6
BYLAYER
100
AcDbLine
 10
-84.9215290805391447
 20
70.7759279745346532
 30
0.0
 11
-84.9215290805391305
 21
70.5446866409769484
 31
0.0
  0
LINE
  5
185
100
AcDbEntity
  8
Corners_1
 62
256
370
100
 48
4.0
  6
BYLAYER
100
AcDbLine
 10
-84.9215290805391305
 20
70.5446866409769484
 30
0.0
 11
-84.9215290805391447
 21
70.4059418408423312
 31
0.0
  0
LINE
  5
186
100
AcDbEntity
  8
Corners_1
 62
256
370
100
 48
4.0
  6
BYLAYER
100
AcDbLine
 10
-84.9215290805391447
 20
70.4059418408423312
 30
0.0
 11
-84.9215290805391447
 21
70.174700507284598
 31
0.0
  0
LINE
  5
187
100
AcDbEntity
  8
Corners_1
 62
256
370
100
 48
4.0
  6
BYLAYER
100
AcDbLine
 10
-84.9215290805391447
 20
70.174700507284598
 30
0.0
 11
-84.9215290805391447
 21
70.0822039738615103
 31
0.0
  0
LINE
  5
188
100
AcDbEntity
  8
Corners_1
 62
256
370
100
 48
4.0
  6
BYLAYER
100
AcDbLine
 10
-84.9215290805391447
 20
70.0822039738615103
 30
0.0
 11
-84.9215290805391305
 21
69.9434591737268647
 31
0.0
  0
LINE
  5
189
100
AcDbEntity
  8
Corners_1
 62
256
370
100
 48
4.0
  6
BYLAYER
100
AcDbLine
 10
-84.9215290805391305
 20
69.9434591737268647
 30
0.0
 11
-84.9215290805391447
 21
69.8972109070153351
 31
0.0
  0
LINE
  5
18A
100
AcDbEntity
  8
Corners_1
 62
256
370
100
 48
4.0
  6
BYLAYER
100
AcDbLine
 10
-84.9215290805391447
 20
69.8972109070153351
 30
0.0
 11
-84.9215290805391447
 21
69.6659695734576019
 31
0.0
  0
LINE
  5
18B
100
AcDbEntity
  8
Corners_1
 62
256
370
100
 48
4.0
  6
BYLAYER
100
AcDbLine
 10
-84.9215290805391447
 20
69.6659695734576019
 30
0.0
 11
-84.9215290805391447
 21
69.5734730400345143
 31
0.0
  0
LINE
  5
18C
100
AcDbEntity
  8
Corners_1
 62
256
370
100
 48
4.0
  6
BYLAYER
100
AcDbLine
 10
-84.9215290805391447
 20
69.5734730400345143
 30
0.0
 11
-84.9677773472506743
 21
69.2959834397652514
 31
0.0
  0
LINE
  5
18D
100
AcDbEntity
  8
Corners_1
 62
256
370
100
 48
4.0
  6
BYLAYER
100
AcDbLine
 10
-84.9677773472506743
 20
69.2959834397652514
 30
0.0
 11
-84.9677773472506743
 21
69.2497351730537218
 31
0.0
  0
LINE
  5
18E
100
AcDbEntity
  8
Corners_1
 62
256
370
100
 48
4.0
  6
BYLAYER
100
AcDbLine
 10
-84.9677773472506743
 20
69.2497351730537218
 30
0.0
 11
-85.0140256139622323
 21
69.0184938394959886
 31
0.0
  0
LINE
  5
18F
100
AcDbEntity
  8
Corners_1
 62
256
370
100
 48
4.0
  6
BYLAYER
100
AcDbLine
 10
-85.0140256139622323
 20
69.0184938394959886
 30
0.0
 11
-85.0140256139622181
 21
68.9722455727844306
 31
0.0
  0
LINE
  5
190
100
AcDbEntity
  8
Corners_1
 62
256
370
100
 48
4.0
  6
BYLAYER
100
AcDbLine
 10
-85.0140256139622181
 20
68.9722455727844306
 30
0.0
 11
-85.0140256139622181
 21
68.925997306072901
 31
0.0
  0
LINE
  5
191
100
AcDbEntity
  8
Corners_1
 62
256
370
100
 48
4.0
  6
BYLAYER
100
AcDbLine
 10
-85.0140256139622181
 20
68.925997306072901
 30
0.0
 11
-85.0602738806737761
 21
68.925997306072901
 31
0.0
  0
LINE
  5
192
100
AcDbEntity
  8
Corners_1
 62
256
370
100
 48
4.0
  6
BYLAYER
100
AcDbLine
 10
-85.0602738806737761
 20
68.925997306072901
 30
0.0
 11
-85.0602738806737761
 21
68.879749039361343
 31
0.0
  0
LINE
  5
193
100
AcDbEntity
  8
Corners_1
 62
256
370
100
 48
4.0
  6
BYLAYER
100
AcDbLine
 10
-85.0602738806737761
 20
68.879749039361343
 30
0.0
 11
-85.0602738806737761
 21
68.7872525059382554
 31
0.0
  0
LINE
  5
194
100
AcDbEntity
  8
Corners_1
 62
256
370
100
 48
4.0
  6
BYLAYER
100
AcDbLine
 10
-85.0602738806737761
 20
68.7872525059382554
 30
0.0
 11
-85.0602738806737619
 21
68.6022594390920801
 31
0.0
  0
LINE
  5
195
100
AcDbEntity
  8
Corners_1
 62
256
370
100
 48
4.0
  6
BYLAYER
100
AcDbLine
 10
-85.0602738806737619
 20
68.6022594390920801
 30
0.0
 11
-85.0602738806737619
 21
68.4172663722459049
 31
0.0
  0
LINE
  5
196
100
AcDbEntity
  8
Corners_1
 62
256
370
100
 48
4.0
  6
BYLAYER
100
AcDbLine
 10
-85.0602738806737619
 20
68.4172663722459049
 30
0.0
 11
-85.0602738806737761
 21
68.093528505265084
 31
0.0
  0
LINE
  5
197
100
AcDbEntity
  8
Corners_1
 62
256
370
100
 48
4.0
  6
BYLAYER
100
AcDbLine
 10
-85.0602738806737761
 20
68.093528505265084
 30
0.0
 11
-85.0602738806737619
 21
68.0010319718419964
 31
0.0
  0
LINE
  5
198
100
AcDbEntity
  8
Corners_1
 62
256
370
100
 48
4.0
  6
BYLAYER
100
AcDbLine
 10
-85.0602738806737619
 20
68.0010319718419964
 30
0.0
 11
-85.0602738806737619
 21
67.7235423715727336
 31
0.0
  0
LINE
  5
199
100
AcDbEntity
  8
Corners_1
 62
256
370
100
 48
4.0
  6
BYLAYER
100
AcDbLine
 10
-85.0602738806737619
 20
67.7235423715727336
 30
0.0
 11
-85.0602738806737761
 21
67.5847975714381164
 31
0.0
  0
LINE
  5
19A
100
AcDbEntity
  8
Corners_1
 62
256
370
100
 48
4.0
  6
BYLAYER
100
AcDbLine
 10
-85.0602738806737761
 20
67.5847975714381164
 30
0.0
 11
-85.0602738806737761
 21
67.3073079711688251
 31
0.0
  0
LINE
  5
19B
100
AcDbEntity
  8
Corners_1
 62
256
370
100
 48
4.0
  6
BYLAYER
100
AcDbLine
 10
-85.0602738806737761
 20
67.3073079711688251
 30
0.0
 11
-85.0602738806737761
 21
67.2610597044572955
 31
0.0
  0
LINE
  5
19C
100
AcDbEntity
  8
Corners_1
 62
256
370
100
 48
4.0
  6
BYLAYER
100
AcDbLine
 10
-85.0602738806737761
 20
67.2610597044572955
 30
0.0
 11
-85.10652214738532
 21
66.9835701041880327
 31
0.0
  0
LINE
  5
19D
100
AcDbEntity
  8
Corners_1
 62
256
370
100
 48
4.0
  6
BYLAYER
100
AcDbLine
 10
-85.10652214738532
 20
66.9835701041880327
 30
0.0
 11
-85.10652214738532
 21
66.7985770373418575
 31
0.0
  0
LINE
  5
19E
100
AcDbEntity
  8
Corners_1
 62
256
370
100
 48
4.0
  6
BYLAYER
100
AcDbLine
 10
-85.10652214738532
 20
66.7985770373418575
 30
0.0
 11
-85.1065221473853057
 21
66.6135839704956823
 31
0.0
  0
LINE
  5
19F
100
AcDbEntity
  8
Corners_1
 62
256
370
100
 48
4.0
  6
BYLAYER
100
AcDbLine
 10
-85.1065221473853057
 20
66.6135839704956823
 30
0.0
 11
-85.10652214738532
 21
66.4748391703610366
 31
0.0
  0
LINE
  5
1A0
100
AcDbEntity
  8
Corners_1
 62
256
370
100
 48
4.0
  6
BYLAYER
100
AcDbLine
 10
-85.10652214738532
 20
66.4748391703610366
 30
0.0
 11
-85.1990186808084076
 21
66.2435978368033034
 31
0.0
  0
LINE
  5
1A1
100
AcDbEntity
  8
Corners_1
 62
256
370
100
 48
4.0
  6
BYLAYER
100
AcDbLine
 10
-85.1990186808084076
 20
66.2435978368033034
 30
0.0
 11
-85.1990186808084076
 21
66.0123565032455986
 31
0.0
  0
LINE
  5
1A2
100
AcDbEntity
  8
Corners_1
 62
256
370
100
 48
4.0
  6
BYLAYER
100
AcDbLine
 10
-85.1990186808084076
 20
66.0123565032455986
 30
0.0
 11
-85.1990186808083934
 21
65.6886186362647777
 31
0.0
  0
LINE
  5
1A3
100
AcDbEntity
  8
Corners_1
 62
256
370
100
 48
4.0
  6
BYLAYER
100
AcDbLine
 10
-85.1990186808083934
 20
65.6886186362647777
 30
0.0
 11
-85.1990186808084076
 21
65.5961221028416901
 31
0.0
  0
LINE
  5
1A4
100
AcDbEntity
  8
Corners_1
 62
256
370
100
 48
4.0
  6
BYLAYER
100
AcDbLine
 10
-85.1990186808084076
 20
65.5961221028416901
 30
0.0
 11
-85.1990186808084076
 21
65.3186325025724273
 31
0.0
  0
LINE
  5
1A5
100
AcDbEntity
  8
Corners_1
 62
256
370
100
 48
4.0
  6
BYLAYER
100
AcDbLine
 10
-85.1990186808084076
 20
65.3186325025724273
 30
0.0
 11
-85.1990186808084076
 21
65.133639435726252
 31
0.0
  0
LINE
  5
1A6
100
AcDbEntity
  8
Corners_1
 62
256
370
100
 48
4.0
  6
BYLAYER
100
AcDbLine
 10
-85.1990186808084076
 20
65.133639435726252
 30
0.0
 11
-85.1990186808084076
 21
64.7174050353223436
 31
0.0
  0
LINE
  5
1A7
100
AcDbEntity
  8
Corners_1
 62
256
370
100
 48
4.0
  6
BYLAYER
100
AcDbLine
 10
-85.1990186808084076
 20
64.7174050353223436
 30
0.0
 11
-85.1990186808084076
 21
64.624908501899256
 31
0.0
  0
LINE
  5
1A8
100
AcDbEntity
  8
Corners_1
 62
256
370
100
 48
4.0
  6
BYLAYER
100
AcDbLine
 10
-85.1990186808084076
 20
64.624908501899256
 30
0.0
 11
-85.1990186808084076
 21
64.3936671683415227
 31
0.0
  0
LINE
  5
1A9
100
AcDbEntity
  8
Corners_1
 62
256
370
100
 48
4.0
  6
BYLAYER
100
AcDbLine
 10
-85.1990186808084076
 20
64.3936671683415227
 30
0.0
 11
-85.1990186808084076
 21
64.3011706349184351
 31
0.0
  0
LINE
  5
1AA
100
AcDbEntity
  8
Corners_1
 62
256
370
100
 48
4.0
  6
BYLAYER
100
AcDbLine
 10
-85.1990186808084076
 20
64.3011706349184351
 30
0.0
 11
-85.1990186808084076
 21
63.9774327679376356
 31
0.0
  0
LINE
  5
1AB
100
AcDbEntity
  8
Corners_1
 62
256
370
100
 48
4.0
  6
BYLAYER
100
AcDbLine
 10
-85.1990186808084076
 20
63.9774327679376356
 30
0.0
 11
-85.1990186808083934
 21
63.6999431676683514
 31
0.0
  0
LINE
  5
1AC
100
AcDbEntity
  8
Corners_1
 62
256
370
100
 48
4.0
  6
BYLAYER
100
AcDbLine
 10
-85.1990186808083934
 20
63.6999431676683514
 30
0.0
 11
-85.1990186808084076
 21
63.098715700418289
 31
0.0
  0
LINE
  5
1AD
100
AcDbEntity
  8
Corners_1
 62
256
370
100
 48
4.0
  6
BYLAYER
100
AcDbLine
 10
-85.1990186808084076
 20
63.098715700418289
 30
0.0
 11
-85.1990186808084076
 21
62.9599709002836576
 31
0.0
  0
LINE
  5
1AE
100
AcDbEntity
  8
Corners_1
 62
256
370
100
 48
4.0
  6
BYLAYER
100
AcDbLine
 10
-85.1990186808084076
 20
62.9599709002836576
 30
0.0
 11
-85.1990186808084076
 21
62.7287295667259244
 31
0.0
  0
LINE
  5
1AF
100
AcDbEntity
  8
Corners_1
 62
256
370
100
 48
4.0
  6
BYLAYER
100
AcDbLine
 10
-85.1990186808084076
 20
62.7287295667259244
 30
0.0
 11
-85.1990186808083934
 21
62.6362330333028297
 31
0.0
  0
LINE
  5
1B0
100
AcDbEntity
  8
Corners_1
 62
256
370
100
 48
4.0
  6
BYLAYER
100
AcDbLine
 10
-85.1990186808083934
 20
62.6362330333028297
 30
0.0
 11
-85.1990186808084076
 21
62.589984766591293
 31
0.0
  0
LINE
  5
1B1
100
AcDbEntity
  8
Corners_1
 62
256
370
100
 48
4.0
  6
BYLAYER
100
AcDbLine
 10
-85.1990186808084076
 20
62.589984766591293
 30
0.0
 11
-85.10652214738532
 21
62.4974882331682053
 31
0.0
  0
LINE
  5
1B2
100
AcDbEntity
  8
Corners_1
 62
256
370
100
 48
4.0
  6
BYLAYER
100
AcDbLine
 10
-85.10652214738532
 20
62.4974882331682053
 30
0.0
 11
-85.0140256139622323
 21
62.4049916997451177
 31
0.0
  0
LINE
  5
1B3
100
AcDbEntity
  8
Corners_1
 62
256
370
100
 48
4.0
  6
BYLAYER
100
AcDbLine
 10
-85.0140256139622323
 20
62.4049916997451177
 30
0.0
 11
-84.9215290805391447
 21
62.312495166322023
 31
0.0
  0
LINE
  5
1B4
100
AcDbEntity
  8
Corners_1
 62
256
370
100
 48
4.0
  6
BYLAYER
100
AcDbLine
 10
-84.9215290805391447
 20
62.312495166322023
 30
0.0
 11
-84.7827842804044991
 21
62.1737503661873987
 31
0.0
  0
LINE
  5
1B5
100
AcDbEntity
  8
Corners_1
 62
256
370
100
 48
4.0
  6
BYLAYER
100
AcDbLine
 10
-84.7827842804044991
 20
62.1737503661873987
 30
0.0
 11
-84.5977912135583381
 21
62.0350055660527531
 31
0.0
  0
LINE
  5
1B6
100
AcDbEntity
  8
Corners_1
 62
256
370
100
 48
4.0
  6
BYLAYER
100
AcDbLine
 10
-84.5977912135583381
 20
62.0350055660527531
 30
0.0
 11
-84.5515429468467801
 21
62.0350055660527531
 31
0.0
  0
LINE
  5
1B7
100
AcDbEntity
  8
Corners_1
 62
256
370
100
 48
4.0
  6
BYLAYER
100
AcDbLine
 10
-84.5515429468467801
 20
62.0350055660527531
 30
0.0
 11
-84.5052946801352363
 21
62.0350055660527602
 31
0.0
  0
LINE
  5
1B8
100
AcDbEntity
  8
Corners_1
 62
256
370
100
 48
4.0
  6
BYLAYER
100
AcDbLine
 10
-84.5052946801352363
 20
62.0350055660527602
 30
0.0
 11
-84.4590464134236925
 21
61.9887572993412093
 31
0.0
  0
LINE
  5
1B9
100
AcDbEntity
  8
Corners_1
 62
256
370
100
 48
4.0
  6
BYLAYER
100
AcDbLine
 10
-84.4590464134236925
 20
61.9887572993412093
 30
0.0
 11
-84.3203016132890468
 21
61.9425090326296583
 31
0.0
  0
LINE
  5
1BA
100
AcDbEntity
  8
Corners_1
 62
256
370
100
 48
4.0
  6
BYLAYER
100
AcDbLine
 10
-84.3203016132890468
 20
61.9425090326296583
 30
0.0
 11
-84.1353085464428858
 21
61.803764232495034
 31
0.0
  0
LINE
  5
1BB
100
AcDbEntity
  8
Corners_1
 62
256
370
100
 48
4.0
  6
BYLAYER
100
AcDbLine
 10
-84.1353085464428858
 20
61.803764232495034
 30
0.0
 11
-84.089060279731342
 21
61.803764232495034
 31
0.0
  0
LINE
  5
1BC
100
AcDbEntity
  8
Corners_1
 62
256
370
100
 48
4.0
  6
BYLAYER
100
AcDbLine
 10
-84.089060279731342
 20
61.803764232495034
 30
0.0
 11
-83.9503154795967106
 21
61.7575159657834902
 31
0.0
  0
LINE
  5
1BD
100
AcDbEntity
  8
Corners_1
 62
256
370
100
 48
4.0
  6
BYLAYER
100
AcDbLine
 10
-83.9503154795967106
 20
61.7575159657834902
 30
0.0
 11
-83.7653224127505212
 21
61.7575159657834831
 31
0.0
  0
LINE
  5
1BE
100
AcDbEntity
  8
Corners_1
 62
256
370
100
 48
4.0
  6
BYLAYER
100
AcDbLine
 10
-83.7653224127505212
 20
61.7575159657834831
 30
0.0
 11
-83.6265776126158897
 21
61.7575159657834902
 31
0.0
  0
LINE
  5
1BF
100
AcDbEntity
  8
Corners_1
 62
256
370
100
 48
4.0
  6
BYLAYER
100
AcDbLine
 10
-83.6265776126158897
 20
61.7575159657834902
 30
0.0
 11
-83.4878328124812583
 21
61.7112676990719464
 31
0.0
  0
LINE
  5
1C0
100
AcDbEntity
  8
Corners_1
 62
256
370
100
 48
4.0
  6
BYLAYER
100
AcDbLine
 10
-83.4878328124812583
 20
61.7112676990719464
 30
0.0
 11
-83.0715984120773641
 21
61.7112676990719464
 31
0.0
  0
LINE
  5
1C1
100
AcDbEntity
  8
Corners_1
 62
256
370
100
 48
4.0
  6
BYLAYER
100
AcDbLine
 10
-83.0715984120773641
 20
61.7112676990719464
 30
0.0
 11
-83.0253501453658203
 21
61.7112676990719464
 31
0.0
  0
LINE
  5
1C2
100
AcDbEntity
  8
Corners_1
 62
256
370
100
 48
4.0
  6
BYLAYER
100
AcDbLine
 10
-83.0253501453658203
 20
61.7112676990719464
 30
0.0
 11
-82.8403570785196308
 21
61.7112676990719464
 31
0.0
  0
LINE
  5
1C3
100
AcDbEntity
  8
Corners_1
 62
256
370
100
 48
4.0
  6
BYLAYER
100
AcDbLine
 10
-82.8403570785196308
 20
61.7112676990719464
 30
0.0
 11
-82.3316261446926489
 21
61.6650194323603955
 31
0.0
  0
LINE
  5
1C4
100
AcDbEntity
  8
Corners_1
 62
256
370
100
 48
4.0
  6
BYLAYER
100
AcDbLine
 10
-82.3316261446926489
 20
61.6650194323603955
 30
0.0
 11
-81.9153917442887547
 21
61.6650194323603955
 31
0.0
  0
LINE
  5
1C5
100
AcDbEntity
  8
Corners_1
 62
256
370
100
 48
4.0
  6
BYLAYER
100
AcDbLine
 10
-81.9153917442887547
 20
61.6650194323603955
 30
0.0
 11
-81.8691434775771825
 21
61.6650194323603955
 31
0.0
  0
LINE
  5
1C6
100
AcDbEntity
  8
Corners_1
 62
256
370
100
 48
4.0
  6
BYLAYER
100
AcDbLine
 10
-81.8691434775771825
 20
61.6650194323603955
 30
0.0
 11
-81.7303986774425653
 21
61.6650194323604026
 31
0.0
  0
LINE
  5
1C7
100
AcDbEntity
  8
Corners_1
 62
256
370
100
 48
4.0
  6
BYLAYER
100
AcDbLine
 10
-81.7303986774425653
 20
61.6650194323604026
 30
0.0
 11
-81.6841504107310215
 21
61.6650194323603955
 31
0.0
  0
LINE
  5
1C8
100
AcDbEntity
  8
Corners_1
 62
256
370
100
 48
4.0
  6
BYLAYER
100
AcDbLine
 10
-81.6841504107310215
 20
61.6650194323603955
 30
0.0
 11
-81.5916538773079338
 21
61.6187711656488517
 31
0.0
  0
LINE
  5
1C9
100
AcDbEntity
  8
Corners_1
 62
256
370
100
 48
4.0
  6
BYLAYER
100
AcDbLine
 10
-81.5916538773079338
 20
61.6187711656488517
 30
0.0
 11
-81.54540561059639
 21
61.572522898937315
 31
0.0
  0
LINE
  5
1CA
100
AcDbEntity
  8
Corners_1
 62
256
370
100
 48
4.0
  6
BYLAYER
100
AcDbLine
 10
-81.54540561059639
 20
61.572522898937315
 30
0.0
 11
-81.4991573438848462
 21
61.572522898937315
 31
0.0
  0
LINE
  5
1CB
100
AcDbEntity
  8
Corners_1
 62
256
370
100
 48
4.0
  6
BYLAYER
100
AcDbLine
 10
-81.4991573438848462
 20
61.572522898937315
 30
0.0
 11
-81.4529090771732882
 21
61.5725228989373008
 31
0.0
  0
LINE
  5
1CC
100
AcDbEntity
  8
Corners_1
 62
256
370
100
 48
4.0
  6
BYLAYER
100
AcDbLine
 10
-81.4529090771732882
 20
61.5725228989373008
 30
0.0
 11
-81.3604125437502148
 21
61.572522898937315
 31
0.0
  0
LINE
  5
1CD
100
AcDbEntity
  8
Corners_1
 62
256
370
100
 48
4.0
  6
BYLAYER
100
AcDbLine
 10
-81.3604125437502148
 20
61.572522898937315
 30
0.0
 11
-81.2216677436155834
 21
61.4800263655142203
 31
0.0
  0
LINE
  5
1CE
100
AcDbEntity
  8
Corners_1
 62
256
370
100
 48
4.0
  6
BYLAYER
100
AcDbLine
 10
-81.2216677436155834
 20
61.4800263655142203
 30
0.0
 11
-81.1291712101924958
 21
61.248785031956487
 31
0.0
  0
LINE
  5
1CF
100
AcDbEntity
  8
Corners_1
 62
256
370
100
 48
4.0
  6
BYLAYER
100
AcDbLine
 10
-81.1291712101924958
 20
61.248785031956487
 30
0.0
 11
-81.0829229434809378
 21
61.2025367652449646
 31
0.0
  0
LINE
  5
1D0
100
AcDbEntity
  8
Corners_1
 62
256
370
100
 48
4.0
  6
BYLAYER
100
AcDbLine
 10
-81.0829229434809378
 20
61.2025367652449646
 30
0.0
 11
-81.0366746767694082
 21
61.0175436983987751
 31
0.0
  0
LINE
  5
1D1
100
AcDbEntity
  8
Corners_1
 62
256
370
100
 48
4.0
  6
BYLAYER
100
AcDbLine
 10
-81.0366746767694082
 20
61.0175436983987751
 30
0.0
 11
-81.0366746767694082
 21
60.9250471649756804
 31
0.0
  0
LINE
  5
1D2
100
AcDbEntity
  8
Corners_1
 62
256
370
100
 48
4.0
  6
BYLAYER
100
AcDbLine
 10
-81.0366746767694082
 20
60.9250471649756804
 30
0.0
 11
-81.036674676769394
 21
60.8787988982641366
 31
0.0
  0
LINE
  5
1D3
100
AcDbEntity
  8
Corners_1
 62
256
370
100
 48
4.0
  6
BYLAYER
100
AcDbLine
 10
-81.036674676769394
 20
60.8787988982641366
 30
0.0
 11
-81.0366746767694082
 21
60.8325506315525928
 31
0.0
  0
LINE
  5
1D4
100
AcDbEntity
  8
Corners_1
 62
256
370
100
 48
4.0
  6
BYLAYER
100
AcDbLine
 10
-81.0366746767694082
 20
60.8325506315525928
 30
0.0
 11
-80.9904264100578501
 21
60.6938058314179685
 31
0.0
  0
LINE
  5
1D5
100
AcDbEntity
  8
Corners_1
 62
256
370
100
 48
4.0
  6
BYLAYER
100
AcDbLine
 10
-80.9904264100578501
 20
60.6938058314179685
 30
0.0
 11
-80.9904264100578501
 21
60.6013092979948809
 31
0.0
  0
LINE
  5
1D6
100
AcDbEntity
  8
Corners_1
 62
256
370
100
 48
4.0
  6
BYLAYER
100
AcDbLine
 10
-80.9904264100578501
 20
60.6013092979948809
 30
0.0
 11
-80.9441781433463063
 21
60.5088127645717861
 31
0.0
  0
LINE
  5
1D7
100
AcDbEntity
  8
Corners_1
 62
256
370
100
 48
4.0
  6
BYLAYER
100
AcDbLine
 10
-80.9441781433463063
 20
60.5088127645717861
 30
0.0
 11
-80.9441781433463063
 21
60.4625644978602423
 31
0.0
  0
LINE
  5
1D8
100
AcDbEntity
  8
Corners_1
 62
256
370
100
 48
4.0
  6
BYLAYER
100
AcDbLine
 10
-80.9441781433463063
 20
60.4625644978602423
 30
0.0
 11
-80.8979298766347625
 21
60.3238196977255967
 31
0.0
  0
LINE
  5
1D9
100
AcDbEntity
  8
Corners_1
 62
256
370
100
 48
4.0
  6
BYLAYER
100
AcDbLine
 10
-80.8979298766347625
 20
60.3238196977255967
 30
0.0
 11
-80.8979298766347625
 21
60.1850748975909653
 31
0.0
  0
LINE
  5
1DA
100
AcDbEntity
  8
Corners_1
 62
256
370
100
 48
4.0
  6
BYLAYER
100
AcDbLine
 10
-80.8979298766347625
 20
60.1850748975909653
 30
0.0
 11
-80.8516816099232187
 21
60.1388266308794215
 31
0.0
  0
LINE
  5
1DB
100
AcDbEntity
  8
Corners_1
 62
256
370
100
 48
4.0
  6
BYLAYER
100
AcDbLine
 10
-80.8516816099232187
 20
60.1388266308794215
 30
0.0
 11
-80.8054333432116749
 21
59.9075852973217096
 31
0.0
  0
LINE
  5
1DC
100
AcDbEntity
  8
Corners_1
 62
256
370
100
 48
4.0
  6
BYLAYER
100
AcDbLine
 10
-80.8054333432116749
 20
59.9075852973217096
 30
0.0
 11
-80.8054333432116749
 21
59.8613370306101658
 31
0.0
  0
LINE
  5
1DD
100
AcDbEntity
  8
Corners_1
 62
256
370
100
 48
4.0
  6
BYLAYER
100
AcDbLine
 10
-80.8054333432116749
 20
59.8613370306101658
 30
0.0
 11
-80.7591850765001311
 21
59.5375991636293449
 31
0.0
  0
LINE
  5
1DE
100
AcDbEntity
  8
Corners_1
 62
256
370
100
 48
4.0
  6
BYLAYER
100
AcDbLine
 10
-80.7591850765001311
 20
59.5375991636293449
 30
0.0
 11
-80.7591850765001311
 21
59.4451026302062644
 31
0.0
  0
LINE
  5
1DF
100
AcDbEntity
  8
Corners_1
 62
256
370
100
 48
4.0
  6
BYLAYER
100
AcDbLine
 10
-80.7591850765001311
 20
59.4451026302062644
 30
0.0
 11
-80.7591850765001311
 21
59.3988543634947135
 31
0.0
  0
LINE
  5
1E0
100
AcDbEntity
  8
Corners_1
 62
256
370
100
 48
4.0
  6
BYLAYER
100
AcDbLine
 10
-80.7591850765001311
 20
59.3988543634947135
 30
0.0
 11
-80.7129368097885873
 21
59.2138612966485383
 31
0.0
  0
LINE
  5
1E1
100
AcDbEntity
  8
Corners_1
 62
256
370
100
 48
4.0
  6
BYLAYER
100
AcDbLine
 10
-80.7129368097885873
 20
59.2138612966485383
 30
0.0
 11
-80.7129368097885873
 21
59.1676130299369945
 31
0.0
  0
LINE
  5
1E2
100
AcDbEntity
  8
Corners_1
 62
256
370
100
 48
4.0
  6
BYLAYER
100
AcDbLine
 10
-80.7129368097885873
 20
59.1676130299369945
 30
0.0
 11
-80.7129368097885873
 21
58.8438751629561878
 31
0.0
  0
LINE
  5
1E3
100
AcDbEntity
  8
Corners_1
 62
256
370
100
 48
4.0
  6
BYLAYER
100
AcDbLine
 10
-80.7129368097885873
 20
58.8438751629561878
 30
0.0
 11
-80.7129368097885873
 21
58.797626896244644
 31
0.0
  0
LINE
  5
1E4
100
AcDbEntity
  8
Corners_1
 62
256
370
100
 48
4.0
  6
BYLAYER
100
AcDbLine
 10
-80.7129368097885873
 20
58.797626896244644
 30
0.0
 11
-80.6666885430770435
 21
58.520137295975367
 31
0.0
  0
LINE
  5
1E5
100
AcDbEntity
  8
Corners_1
 62
256
370
100
 48
4.0
  6
BYLAYER
100
AcDbLine
 10
-80.6666885430770435
 20
58.520137295975367
 30
0.0
 11
-80.6666885430770435
 21
58.4276407625522722
 31
0.0
  0
LINE
  5
1E6
100
AcDbEntity
  8
Corners_1
 62
256
370
100
 48
4.0
  6
BYLAYER
100
AcDbLine
 10
-80.6666885430770435
 20
58.4276407625522722
 30
0.0
 11
-80.6204402763654997
 21
58.0576546288599218
 31
0.0
  0
LINE
  5
1E7
100
AcDbEntity
  8
Corners_1
 62
256
370
100
 48
4.0
  6
BYLAYER
100
AcDbLine
 10
-80.6204402763654997
 20
58.0576546288599218
 30
0.0
 11
-80.5741920096539559
 21
58.011406362148378
 31
0.0
  0
LINE
  5
1E8
100
AcDbEntity
  8
Corners_1
 62
256
370
100
 48
4.0
  6
BYLAYER
100
AcDbLine
 10
-80.5741920096539559
 20
58.011406362148378
 30
0.0
 11
-80.5741920096539559
 21
57.6876684951675642
 31
0.0
  0
LINE
  5
1E9
100
AcDbEntity
  8
Corners_1
 62
256
370
100
 48
4.0
  6
BYLAYER
100
AcDbLine
 10
-80.5741920096539559
 20
57.6876684951675642
 30
0.0
 11
-80.5741920096539559
 21
57.5026754283213819
 31
0.0
  0
LINE
  5
1EA
100
AcDbEntity
  8
Corners_1
 62
256
370
100
 48
4.0
  6
BYLAYER
100
AcDbLine
 10
-80.5741920096539559
 20
57.5026754283213819
 30
0.0
 11
-80.5741920096539559
 21
56.9476962277828491
 31
0.0
  0
LINE
  5
1EB
100
AcDbEntity
  8
Corners_1
 62
256
370
100
 48
4.0
  6
BYLAYER
100
AcDbLine
 10
-80.5741920096539559
 20
56.9476962277828491
 30
0.0
 11
-80.6204402763654997
 21
56.8089514276482248
 31
0.0
  0
LINE
  5
1EC
100
AcDbEntity
  8
Corners_1
 62
256
370
100
 48
4.0
  6
BYLAYER
100
AcDbLine
 10
-80.6204402763654997
 20
56.8089514276482248
 30
0.0
 11
-80.6204402763654997
 21
56.716454894225123
 31
0.0
  0
LINE
  5
1ED
100
AcDbEntity
  8
Corners_1
 62
256
370
100
 48
4.0
  6
BYLAYER
100
AcDbLine
 10
-80.6204402763654997
 20
56.716454894225123
 30
0.0
 11
-80.6204402763654997
 21
56.5314618273789478
 31
0.0
  0
LINE
  5
1EE
100
AcDbEntity
  8
Corners_1
 62
256
370
100
 48
4.0
  6
BYLAYER
100
AcDbLine
 10
-80.6204402763654997
 20
56.5314618273789478
 30
0.0
 11
-80.7129368097885873
 21
56.0689791602635026
 31
0.0
  0
LINE
  5
1EF
100
AcDbEntity
  8
Corners_1
 62
256
370
100
 48
4.0
  6
BYLAYER
100
AcDbLine
 10
-80.7129368097885873
 20
56.0689791602635026
 30
0.0
 11
-80.7129368097885873
 21
56.022730893551973
 31
0.0
  0
LINE
  5
1F0
100
AcDbEntity
  8
Corners_1
 62
256
370
100
 48
4.0
  6
BYLAYER
100
AcDbLine
 10
-80.7129368097885873
 20
56.022730893551973
 30
0.0
 11
-80.7591850765001311
 21
55.7452412932826959
 31
0.0
  0
LINE
  5
1F1
100
AcDbEntity
  8
Corners_1
 62
256
370
100
 48
4.0
  6
BYLAYER
100
AcDbLine
 10
-80.7591850765001311
 20
55.7452412932826959
 30
0.0
 11
-80.7591850765001311
 21
55.6989930265711592
 31
0.0
  0
LINE
  5
1F2
100
AcDbEntity
  8
Corners_1
 62
256
370
100
 48
4.0
  6
BYLAYER
100
AcDbLine
 10
-80.7591850765001311
 20
55.6989930265711592
 30
0.0
 11
-80.7591850765001311
 21
55.5602482264365207
 31
0.0
  0
LINE
  5
1F3
100
AcDbEntity
  8
Corners_1
 62
256
370
100
 48
4.0
  6
BYLAYER
100
AcDbLine
 10
-80.7591850765001311
 20
55.5602482264365207
 30
0.0
 11
-80.7591850765001311
 21
55.467751693013426
 31
0.0
  0
LINE
  5
1F4
100
AcDbEntity
  8
Corners_1
 62
256
370
100
 48
4.0
  6
BYLAYER
100
AcDbLine
 10
-80.7591850765001311
 20
55.467751693013426
 30
0.0
 11
-80.7591850765001311
 21
55.1440138260326336
 31
0.0
  0
LINE
  5
1F5
100
AcDbEntity
  8
Corners_1
 62
256
370
100
 48
4.0
  6
BYLAYER
100
AcDbLine
 10
-80.7591850765001311
 20
55.1440138260326336
 30
0.0
 11
-80.7591850765001311
 21
54.959020759186437
 31
0.0
  0
LINE
  5
1F6
100
AcDbEntity
  8
Corners_1
 62
256
370
100
 48
4.0
  6
BYLAYER
100
AcDbLine
 10
-80.7591850765001311
 20
54.959020759186437
 30
0.0
 11
-80.8027297292167077
 21
32.862952547707259
 31
0.0
  0
LINE
  5
1F7
100
AcDbEntity
  8
Corners_1
 62
256
370
100
 48
4.0
  6
BYLAYER
100
AcDbLine
 10
-80.8027297292167077
 20
32.862952547707259
 30
0.0
 11
-80.8027297292167077
 21
32.7704560142841714
 31
0.0
  0
LINE
  5
1F8
100
AcDbEntity
  8
Corners_1
 62
256
370
100
 48
4.0
  6
BYLAYER
100
AcDbLine
 10
-80.8027297292167077
 20
32.7704560142841714
 30
0.0
 11
-80.8027297292167077
 21
32.6317112141495258
 31
0.0
  0
LINE
  5
1F9
100
AcDbEntity
  8
Corners_1
 62
256
370
100
 48
4.0
  6
BYLAYER
100
AcDbLine
 10
-80.8027297292167077
 20
32.6317112141495258
 30
0.0
 11
-80.8027297292167077
 21
32.5392146807264382
 31
0.0
  0
LINE
  5
1FA
100
AcDbEntity
  8
Corners_1
 62
256
370
100
 48
4.0
  6
BYLAYER
100
AcDbLine
 10
-80.8027297292167077
 20
32.5392146807264382
 30
0.0
 11
-80.8489779959282657
 21
32.5392146807264311
 31
0.0
  0
LINE
  5
1FB
100
AcDbEntity
  8
Corners_1
 62
256
370
100
 48
4.0
  6
BYLAYER
100
AcDbLine
 10
-80.8489779959282657
 20
32.5392146807264311
 30
0.0
 11
-80.8952262626397953
 21
32.5392146807264311
 31
0.0
  0
LINE
  5
1FC
100
AcDbEntity
  8
Corners_1
 62
256
370
100
 48
4.0
  6
BYLAYER
100
AcDbLine
 10
-80.8952262626397953
 20
32.5392146807264311
 30
0.0
 11
-80.8952262626397953
 21
32.4004698805917997
 31
0.0
  0
LINE
  5
1FD
100
AcDbEntity
  8
Corners_1
 62
256
370
100
 48
4.0
  6
BYLAYER
100
AcDbLine
 10
-80.8952262626397953
 20
32.4004698805917997
 30
0.0
 11
-80.8952262626397953
 21
32.2617250804571682
 31
0.0
  0
LINE
  5
1FE
100
AcDbEntity
  8
Corners_1
 62
256
370
100
 48
4.0
  6
BYLAYER
100
AcDbLine
 10
-80.8952262626397953
 20
32.2617250804571682
 30
0.0
 11
-80.8952262626397953
 21
32.0304837468994492
 31
0.0
  0
LINE
  5
1FF
100
AcDbEntity
  8
Corners_1
 62
256
370
100
 48
4.0
  6
BYLAYER
100
AcDbLine
 10
-80.8952262626397953
 20
32.0304837468994492
 30
0.0
 11
-80.8952262626397953
 21
31.9842354801879125
 31
0.0
  0
LINE
  5
200
100
AcDbEntity
  8
Corners_1
 62
256
370
100
 48
4.0
  6
BYLAYER
100
AcDbLine
 10
-80.8952262626397953
 20
31.9842354801879125
 30
0.0
 11
-80.8952262626398095
 21
31.7992424133417231
 31
0.0
  0
LINE
  5
201
100
AcDbEntity
  8
Corners_1
 62
256
370
100
 48
4.0
  6
BYLAYER
100
AcDbLine
 10
-80.8952262626398095
 20
31.7992424133417231
 30
0.0
 11
-80.8952262626397953
 21
31.568001079784004
 31
0.0
  0
LINE
  5
202
100
AcDbEntity
  8
Corners_1
 62
256
370
100
 48
4.0
  6
BYLAYER
100
AcDbLine
 10
-80.8952262626397953
 20
31.568001079784004
 30
0.0
 11
-80.8952262626397811
 21
31.4755045463609164
 31
0.0
  0
LINE
  5
203
100
AcDbEntity
  8
Corners_1
 62
256
370
100
 48
4.0
  6
BYLAYER
100
AcDbLine
 10
-80.8952262626397811
 20
31.4755045463609164
 30
0.0
 11
-80.8952262626398095
 21
31.4292562796493655
 31
0.0
  0
LINE
  5
204
100
AcDbEntity
  8
Corners_1
 62
256
370
100
 48
4.0
  6
BYLAYER
100
AcDbLine
 10
-80.8952262626398095
 20
31.4292562796493655
 30
0.0
 11
-80.8952262626397953
 21
31.19801494609165
 31
0.0
  0
LINE
  5
205
100
AcDbEntity
  8
Corners_1
 62
256
370
100
 48
4.0
  6
BYLAYER
100
AcDbLine
 10
-80.8952262626397953
 20
31.19801494609165
 30
0.0
 11
-80.8952262626397953
 21
31.1517666793801027
 31
0.0
  0
LINE
  5
206
100
AcDbEntity
  8
Corners_1
 62
256
370
100
 48
4.0
  6
BYLAYER
100
AcDbLine
 10
-80.8952262626397953
 20
31.1517666793801027
 30
0.0
 11
-80.8489779959282515
 21
31.0592701459569973
 31
0.0
  0
MTEXT
  5
207
100
AcDbEntity
  8
Corners_1
 62
256
370
-1
 48
1.0
  6
BYLAYER
100
AcDbMText
 10
-67.1334571374280102
 20
22.2138990941610501
 30
0.0
 40
3.0
 41
0.0
 71
1
 72
1
  1
\H2.50001;Caulk line
  7
textstyle0
 50
0.0
 73
2
 44
1.0
  0
LINE
  5
208
100
AcDbEntity
  8
Corners_1
 62
256
370
-1
 48
1.0
  6
BYLAYER
100
AcDbLine
 10
9.9489033599405374
 20
65.9098276340572369
 30
0.0
 11
10.6989033599405374
 21
65.9098276340572369
 31
0.0
  0
LINE
  5
209
100
AcDbEntity
  8
Corners_1
 62
256
370
-1
 48
1.0
  6
BYLAYER
100
AcDbLine
 10
10.6989033599405658
 20
65.9098276340572369
 30
0.0
 11
10.6989033599405658
 21
62.4098276340572369
 31
0.0
  0
LINE
  5
20A
100
AcDbEntity
  8
Corners_1
 62
256
370
-1
 48
1.0
  6
BYLAYER
100
AcDbLine
 10
-3.1575031006104552
 20
54.4098276340572369
 30
0.0
 11
10.6989033599405658
 21
62.4098276340572369
 31
0.0
  0
LINE
  5
20B
100
AcDbEntity
  8
Corners_1
 62
256
370
-1
 48
1.0
  6
BYLAYER
100
AcDbLine
 10
-3.9075031006104695
 20
57.9098276340572369
 30
0.0
 11
-3.9075031006104695
 21
54.4098276340572369
 31
0.0
  0
LINE
  5
20C
100
AcDbEntity
  8
Corners_1
 62
256
370
-1
 48
1.0
  6
BYLAYER
100
AcDbLine
 10
-3.9075031006104695
 20
54.4098276340572369
 30
0.0
 11
-3.1575031006104695
 21
54.4098276340572369
 31
0.0
  0
LINE
  5
20D
100
AcDbEntity
  8
Corners_1
 62
256
370
-1
 48
1.0
  6
BYLAYER
100
AcDbLine
 10
-3.9075031006104837
 20
57.9098276340572369
 30
0.0
 11
9.9489033599405374
 21
65.9098276340572369
 31
0.0
  0
LEADER
  5
20E
100
AcDbEntity
  8
Corners_1
 62
256
370
-1
 48
1.0
  6
BYLAYER
100
AcDbLeader
  3
Standard
 71
1
 72
0
 73
3
 74
0
 75
0
 40
1.0
 41
10.0
 76
3
 10
3.7707001296650553
 20
58.4098276340572369
 10
18.5
 20
33.0
 10
37.0
 20
33.0
1001
ACAD
1000
DSTYLE
1002
{
1070
40
1040
1.0
1002
}
  0
MTEXT
  5
20F
100
AcDbEntity
  8
Corners_1
 62
256
370
-1
 48
1.0
  6
BYLAYER
100
AcDbMText
 10
37.972121049960748
 20
35.273183653049287
 30
0.0
 40
3.0
 41
0.0
 71
1
 72
1
  1
\H2.50001;Alignment Block
  7
textstyle1
 50
0.0
 73
2
 44
1.0
  0
LINE
  5
210
100
AcDbEntity
  8
Building
 62
256
370
-1
 48
1.0
  6
BYLAYER
100
AcDbLine
 10
0.0915687778000418
 20
-0.8443797918188712
 30
0.0
 11
0.7410878306383708
 21
-1.2193797918188711
 31
0.0
  0
LEADER
  5
211
100
AcDbEntity
  8
Corners_2
 62
256
370
-1
 48
1.0
  6
BYLAYER
100
AcDbLeader
  3
Standard
 71
1
 72
0
 73
3
 74
0
 75
0
 40
1.0
 41
10.0
 76
2
 10
-76.9999999999999716
 20
4.9999999999999698
 10
-71.2330866342697533
 20
-4.8832963543720798
1001
ACAD
1000
DSTYLE
1002
{
1070
40
1040
1.0
1002
}
  0
MTEXT
  5
212
100
AcDbEntity
  8
Corners_2
 62
256
370
-1
 48
1.0
  6
BYLAYER
100
AcDbMText
 10
-44.4258192727279706
 20
-22.1253940713436918
 30
0.0
 40
3.0
 41
0.0
 71
1
 72
1
  1
\H4.00001;Flip
  7
textstyle2
 50
0.0
 73
2
 44
1.0
  0
LINE
  5
213
100
AcDbEntity
  8
Corners_2
 62
256
370
-1
 48
1.0
  6
BYLAYER
100
AcDbLine
 10
0.7394986700754611
 20
74.6471116920894104
 30
0.0
 11
17.9453774971542543
 21
84.5798854520161427
 31
0.0
  0
LINE
  5
214
100
AcDbEntity
  8
Corners_1
 62
256
370
-1
 48
1.0
  6
BYLAYER
100
AcDbLine
 10
-79.6526543095531707
 20
4.9210753467142752
 30
0.0
 11
-92.6526543095531707
 21
4.9210753467142823
 31
0.0
  0
LINE
  5
215
100
AcDbEntity
  8
Corners_1
 62
256
370
100
 48
1.0
  6
BYLAYER
100
AcDbLine
 10
-80.6198389777152329
 20
30.5381127981112712
 30
0.0
 11
-80.7444055056172658
 21
30.2889797423071734
 31
0.0
  0
LINE
  5
216
100
AcDbEntity
  8
Corners_1
 62
256
370
100
 48
1.0
  6
BYLAYER
100
AcDbLine
 10
-80.7444055056172658
 20
30.2889797423071734
 30
0.0
 11
-80.9935385614213743
 21
30.0398466865030684
 31
0.0
  0
LINE
  5
217
100
AcDbEntity
  8
Corners_1
 62
256
370
100
 48
1.0
  6
BYLAYER
100
AcDbLine
 10
-80.9935385614213743
 20
30.0398466865030684
 30
0.0
 11
-80.9935385614213601
 21
29.6661471027969341
 31
0.0
  0
LINE
  5
218
100
AcDbEntity
  8
Corners_1
 62
256
370
100
 48
1.0
  6
BYLAYER
100
AcDbLine
 10
-80.9935385614213601
 20
29.6661471027969341
 30
0.0
 11
-81.1181050893234215
 21
29.5415805748948905
 31
0.0
  0
LINE
  5
219
100
AcDbEntity
  8
Corners_1
 62
256
370
100
 48
1.0
  6
BYLAYER
100
AcDbLine
 10
-81.1181050893234215
 20
29.5415805748948905
 30
0.0
 11
-81.1181050893234215
 21
29.2924475190907891
 31
0.0
  0
LINE
  5
21A
100
AcDbEntity
  8
Corners_1
 62
256
370
100
 48
1.0
  6
BYLAYER
100
AcDbLine
 10
-81.1181050893234215
 20
29.2924475190907891
 30
0.0
 11
-81.2426716172254686
 21
29.0433144632866949
 31
0.0
  0
LINE
  5
21B
100
AcDbEntity
  8
Corners_1
 62
256
370
100
 48
1.0
  6
BYLAYER
100
AcDbLine
 10
-81.2426716172254686
 20
29.0433144632866949
 30
0.0
 11
-81.2426716172254402
 21
28.9187479353846513
 31
0.0
  0
LINE
  5
21C
100
AcDbEntity
  8
Corners_1
 62
256
370
100
 48
1.0
  6
BYLAYER
100
AcDbLine
 10
-81.2426716172254402
 20
28.9187479353846513
 30
0.0
 11
-81.2426716172254402
 21
28.7941814074826077
 31
0.0
  0
LINE
  5
21D
100
AcDbEntity
  8
Corners_1
 62
256
370
100
 48
1.0
  6
BYLAYER
100
AcDbLine
 10
-81.2426716172254402
 20
28.7941814074826077
 30
0.0
 11
-81.2426716172254686
 21
28.5450483516785027
 31
0.0
  0
LINE
  5
21E
100
AcDbEntity
  8
Corners_1
 62
256
370
100
 48
1.0
  6
BYLAYER
100
AcDbLine
 10
-81.2426716172254686
 20
28.5450483516785027
 30
0.0
 11
-81.2426716172254686
 21
28.2959152958743978
 31
0.0
  0
LINE
  5
21F
100
AcDbEntity
  8
Corners_1
 62
256
370
100
 48
1.0
  6
BYLAYER
100
AcDbLine
 10
-81.2426716172254686
 20
28.2959152958743978
 30
0.0
 11
-81.2426716172254402
 21
27.7976491842662234
 31
0.0
  0
LINE
  5
220
100
AcDbEntity
  8
Corners_1
 62
256
370
100
 48
1.0
  6
BYLAYER
100
AcDbLine
 10
-81.2426716172254402
 20
27.7976491842662234
 30
0.0
 11
-81.1181050893234215
 21
27.1748165447559771
 31
0.0
  0
LINE
  5
221
100
AcDbEntity
  8
Corners_1
 62
256
370
100
 48
1.0
  6
BYLAYER
100
AcDbLine
 10
-81.1181050893234215
 20
27.1748165447559771
 30
0.0
 11
-81.1181050893234215
 21
26.9256834889518899
 31
0.0
  0
LINE
  5
222
100
AcDbEntity
  8
Corners_1
 62
256
370
100
 48
1.0
  6
BYLAYER
100
AcDbLine
 10
-81.1181050893234215
 20
26.9256834889518899
 30
0.0
 11
-80.9935385614213601
 21
26.676550433147785
 31
0.0
  0
LINE
  5
223
100
AcDbEntity
  8
Corners_1
 62
256
370
100
 48
1.0
  6
BYLAYER
100
AcDbLine
 10
-80.9935385614213601
 20
26.676550433147785
 30
0.0
 11
-80.9935385614213601
 21
26.5519839052457343
 31
0.0
  0
LINE
  5
224
100
AcDbEntity
  8
Corners_1
 62
256
370
100
 48
1.0
  6
BYLAYER
100
AcDbLine
 10
-80.9935385614213601
 20
26.5519839052457343
 30
0.0
 11
-80.9935385614213743
 21
26.4274173773436836
 31
0.0
  0
LINE
  5
225
100
AcDbEntity
  8
Corners_1
 62
256
370
100
 48
1.0
  6
BYLAYER
100
AcDbLine
 10
-80.9935385614213743
 20
26.4274173773436836
 30
0.0
 11
-80.9935385614213743
 21
26.30285084944164
 31
0.0
  0
LINE
  5
226
100
AcDbEntity
  8
Corners_1
 62
256
370
100
 48
1.0
  6
BYLAYER
100
AcDbLine
 10
-80.9935385614213743
 20
26.30285084944164
 30
0.0
 11
-80.9935385614213743
 21
26.1782843215395964
 31
0.0
  0
LINE
  5
227
100
AcDbEntity
  8
Corners_1
 62
256
370
100
 48
1.0
  6
BYLAYER
100
AcDbLine
 10
-80.9935385614213743
 20
26.1782843215395964
 30
0.0
 11
-80.9935385614213601
 21
25.929151265735495
 31
0.0
  0
LINE
  5
228
100
AcDbEntity
  8
Corners_1
 62
256
370
100
 48
1.0
  6
BYLAYER
100
AcDbLine
 10
-80.9935385614213601
 20
25.929151265735495
 30
0.0
 11
-80.9935385614213743
 21
25.8045847378334443
 31
0.0
  0
LINE
  5
229
100
AcDbEntity
  8
Corners_1
 62
256
370
100
 48
1.0
  6
BYLAYER
100
AcDbLine
 10
-80.9935385614213743
 20
25.8045847378334443
 30
0.0
 11
-80.9935385614213601
 21
25.6800182099313936
 31
0.0
  0
LINE
  5
22A
100
AcDbEntity
  8
Corners_1
 62
256
370
100
 48
1.0
  6
BYLAYER
100
AcDbLine
 10
-80.9935385614213601
 20
25.6800182099313936
 30
0.0
 11
-80.9935385614213601
 21
25.4308851541272993
 31
0.0
  0
LINE
  5
22B
100
AcDbEntity
  8
Corners_1
 62
256
370
100
 48
1.0
  6
BYLAYER
100
AcDbLine
 10
-80.9935385614213601
 20
25.4308851541272993
 30
0.0
 11
-80.9935385614213601
 21
24.9326190425191108
 31
0.0
  0
LINE
  5
22C
100
AcDbEntity
  8
Corners_1
 62
256
370
100
 48
1.0
  6
BYLAYER
100
AcDbLine
 10
-80.9935385614213601
 20
24.9326190425191108
 30
0.0
 11
-81.1181050893234357
 21
24.8080525146170565
 31
0.0
  0
LINE
  5
22D
100
AcDbEntity
  8
Corners_1
 62
256
370
100
 48
1.0
  6
BYLAYER
100
AcDbLine
 10
-81.1181050893234357
 20
24.8080525146170565
 30
0.0
 11
-81.1181050893234215
 21
24.5589194588129693
 31
0.0
  0
LINE
  5
22E
100
AcDbEntity
  8
Corners_1
 62
256
370
100
 48
1.0
  6
BYLAYER
100
AcDbLine
 10
-81.1181050893234215
 20
24.5589194588129693
 30
0.0
 11
-81.1181050893234072
 21
24.1852198751068279
 31
0.0
  0
LINE
  5
22F
100
AcDbEntity
  8
Corners_1
 62
256
370
100
 48
1.0
  6
BYLAYER
100
AcDbLine
 10
-81.1181050893234072
 20
24.1852198751068279
 30
0.0
 11
-81.1181050893234215
 21
22.9395545960863423
 31
0.0
  0
LINE
  5
230
100
AcDbEntity
  8
Corners_1
 62
256
370
100
 48
1.0
  6
BYLAYER
100
AcDbLine
 10
-81.1181050893234215
 20
22.9395545960863423
 30
0.0
 11
-81.2426716172254544
 21
22.6904215402822409
 31
0.0
  0
LINE
  5
231
100
AcDbEntity
  8
Corners_1
 62
256
370
100
 48
1.0
  6
BYLAYER
100
AcDbLine
 10
-81.2426716172254544
 20
22.6904215402822409
 30
0.0
 11
-81.2426716172254544
 21
22.5658550123802009
 31
0.0
  0
LINE
  5
232
100
AcDbEntity
  8
Corners_1
 62
256
370
100
 48
1.0
  6
BYLAYER
100
AcDbLine
 10
-81.2426716172254544
 20
22.5658550123802009
 30
0.0
 11
-81.2426716172254402
 21
22.1921554286740594
 31
0.0
  0
LINE
  5
233
100
AcDbEntity
  8
Corners_1
 62
256
370
100
 48
1.0
  6
BYLAYER
100
AcDbLine
 10
-81.2426716172254402
 20
22.1921554286740594
 30
0.0
 11
-81.2426716172254686
 21
22.0675889007720052
 31
0.0
  0
LINE
  5
234
100
AcDbEntity
  8
Corners_1
 62
256
370
100
 48
1.0
  6
BYLAYER
100
AcDbLine
 10
-81.2426716172254686
 20
22.0675889007720052
 30
0.0
 11
-81.2426716172254544
 21
21.818455844967918
 31
0.0
  0
LINE
  5
235
100
AcDbEntity
  8
Corners_1
 62
256
370
100
 48
1.0
  6
BYLAYER
100
AcDbLine
 10
-81.2426716172254544
 20
21.818455844967918
 30
0.0
 11
-81.2426716172254686
 21
21.5693227891638024
 31
0.0
  0
LINE
  5
236
100
AcDbEntity
  8
Corners_1
 62
256
370
100
 48
1.0
  6
BYLAYER
100
AcDbLine
 10
-81.2426716172254686
 20
21.5693227891638024
 30
0.0
 11
-81.2426716172254686
 21
21.4447562612617624
 31
0.0
  0
LINE
  5
237
100
AcDbEntity
  8
Corners_1
 62
256
370
100
 48
1.0
  6
BYLAYER
100
AcDbLine
 10
-81.2426716172254686
 20
21.4447562612617624
 30
0.0
 11
-81.2426716172254402
 21
21.3201897333597152
 31
0.0
  0
LINE
  5
238
100
AcDbEntity
  8
Corners_1
 62
256
370
100
 48
1.0
  6
BYLAYER
100
AcDbLine
 10
-81.2426716172254402
 20
21.3201897333597152
 30
0.0
 11
-81.2426716172254686
 21
20.9464901496535667
 31
0.0
  0
LINE
  5
239
100
AcDbEntity
  8
Corners_1
 62
256
370
100
 48
1.0
  6
BYLAYER
100
AcDbLine
 10
-81.2426716172254686
 20
20.9464901496535667
 30
0.0
 11
-81.2426716172254686
 21
20.323657510143331
 31
0.0
  0
LINE
  5
23A
100
AcDbEntity
  8
Corners_1
 62
256
370
100
 48
1.0
  6
BYLAYER
100
AcDbLine
 10
-81.2426716172254686
 20
20.323657510143331
 30
0.0
 11
-81.2426716172254544
 21
19.8253913985351424
 31
0.0
  0
LINE
  5
23B
100
AcDbEntity
  8
Corners_1
 62
256
370
100
 48
1.0
  6
BYLAYER
100
AcDbLine
 10
-81.2426716172254544
 20
19.8253913985351424
 30
0.0
 11
-81.2426716172254544
 21
19.5762583427310339
 31
0.0
  0
LINE
  5
23C
100
AcDbEntity
  8
Corners_1
 62
256
370
100
 48
1.0
  6
BYLAYER
100
AcDbLine
 10
-81.2426716172254544
 20
19.5762583427310339
 30
0.0
 11
-81.2426716172254402
 21
19.4516918148289868
 31
0.0
  0
LINE
  5
23D
100
AcDbEntity
  8
Corners_1
 62
256
370
100
 48
1.0
  6
BYLAYER
100
AcDbLine
 10
-81.2426716172254402
 20
19.4516918148289868
 30
0.0
 11
-81.2426716172254686
 21
19.0779922311228454
 31
0.0
  0
LINE
  5
23E
100
AcDbEntity
  8
Corners_1
 62
256
370
100
 48
1.0
  6
BYLAYER
100
AcDbLine
 10
-81.2426716172254686
 20
19.0779922311228454
 30
0.0
 11
-81.2426716172254686
 21
18.9534257032207982
 31
0.0
  0
LINE
  5
23F
100
AcDbEntity
  8
Corners_1
 62
256
370
100
 48
1.0
  6
BYLAYER
100
AcDbLine
 10
-81.2426716172254686
 20
18.9534257032207982
 30
0.0
 11
-81.1181050893234072
 21
18.704292647416711
 31
0.0
  0
LINE
  5
240
100
AcDbEntity
  8
Corners_1
 62
256
370
100
 48
1.0
  6
BYLAYER
100
AcDbLine
 10
-81.1181050893234072
 20
18.704292647416711
 30
0.0
 11
-81.1181050893234215
 21
18.4551595916126168
 31
0.0
  0
LINE
  5
241
100
AcDbEntity
  8
Corners_1
 62
256
370
100
 48
1.0
  6
BYLAYER
100
AcDbLine
 10
-81.1181050893234215
 20
18.4551595916126168
 30
0.0
 11
-81.1181050893234215
 21
18.2060265358085225
 31
0.0
  0
LINE
  5
242
100
AcDbEntity
  8
Corners_1
 62
256
370
100
 48
1.0
  6
BYLAYER
100
AcDbLine
 10
-81.1181050893234215
 20
18.2060265358085225
 30
0.0
 11
-81.1181050893234215
 21
17.8323269521023882
 31
0.0
  0
LINE
  5
243
100
AcDbEntity
  8
Corners_1
 62
256
370
100
 48
1.0
  6
BYLAYER
100
AcDbLine
 10
-81.1181050893234215
 20
17.8323269521023882
 30
0.0
 11
-81.1181050893234357
 21
17.5831938962982726
 31
0.0
  0
LINE
  5
244
100
AcDbEntity
  8
Corners_1
 62
256
370
100
 48
1.0
  6
BYLAYER
100
AcDbLine
 10
-81.1181050893234357
 20
17.5831938962982726
 30
0.0
 11
-81.1181050893234072
 21
17.4586273683962325
 31
0.0
  0
LINE
  5
245
100
AcDbEntity
  8
Corners_1
 62
256
370
100
 48
1.0
  6
BYLAYER
100
AcDbLine
 10
-81.1181050893234072
 20
17.4586273683962325
 30
0.0
 11
-81.1181050893234072
 21
17.3340608404941854
 31
0.0
  0
LINE
  5
246
100
AcDbEntity
  8
Corners_1
 62
256
370
100
 48
1.0
  6
BYLAYER
100
AcDbLine
 10
-81.1181050893234072
 20
17.3340608404941854
 30
0.0
 11
-81.1181050893234215
 21
17.084927784690084
 31
0.0
  0
LINE
  5
247
100
AcDbEntity
  8
Corners_1
 62
256
370
100
 48
1.0
  6
BYLAYER
100
AcDbLine
 10
-81.1181050893234215
 20
17.084927784690084
 30
0.0
 11
-81.1181050893234357
 21
16.8357947288859826
 31
0.0
  0
LINE
  5
248
100
AcDbEntity
  8
Corners_1
 62
256
370
100
 48
1.0
  6
BYLAYER
100
AcDbLine
 10
-81.1181050893234357
 20
16.8357947288859826
 30
0.0
 11
-81.1181050893234357
 21
16.212962089375754
 31
0.0
  0
LINE
  5
249
100
AcDbEntity
  8
Corners_1
 62
256
370
100
 48
1.0
  6
BYLAYER
100
AcDbLine
 10
-81.1181050893234357
 20
16.212962089375754
 30
0.0
 11
-81.1181050893234215
 21
16.0883955614737069
 31
0.0
  0
LINE
  5
24A
100
AcDbEntity
  8
Corners_1
 62
256
370
100
 48
1.0
  6
BYLAYER
100
AcDbLine
 10
-81.1181050893234215
 20
16.0883955614737069
 30
0.0
 11
-81.1181050893234499
 21
15.8392625056695984
 31
0.0
  0
LINE
  5
24B
100
AcDbEntity
  8
Corners_1
 62
256
370
100
 48
1.0
  6
BYLAYER
100
AcDbLine
 10
-81.1181050893234499
 20
15.8392625056695984
 30
0.0
 11
-80.9935385614213601
 21
15.5901294498655112
 31
0.0
  0
LINE
  5
24C
100
AcDbEntity
  8
Corners_1
 62
256
370
100
 48
1.0
  6
BYLAYER
100
AcDbLine
 10
-80.9935385614213601
 20
15.5901294498655112
 30
0.0
 11
-80.9935385614213885
 21
15.4655629219634498
 31
0.0
  0
LINE
  5
24D
100
AcDbEntity
  8
Corners_1
 62
256
370
100
 48
1.0
  6
BYLAYER
100
AcDbLine
 10
-80.9935385614213885
 20
15.4655629219634498
 30
0.0
 11
-80.7444055056172658
 21
14.7181637545511741
 31
0.0
  0
LINE
  5
24E
100
AcDbEntity
  8
Corners_1
 62
256
370
100
 48
1.0
  6
BYLAYER
100
AcDbLine
 10
-80.7444055056172658
 20
14.7181637545511741
 30
0.0
 11
-80.6198389777152329
 21
14.593597226649127
 31
0.0
  0
LINE
  5
24F
100
AcDbEntity
  8
Corners_1
 62
256
370
100
 48
1.0
  6
BYLAYER
100
AcDbLine
 10
-80.6198389777152329
 20
14.593597226649127
 30
0.0
 11
-80.6198389777152471
 21
14.3444641708450327
 31
0.0
  0
LINE
  5
250
100
AcDbEntity
  8
Corners_1
 62
256
370
100
 48
1.0
  6
BYLAYER
100
AcDbLine
 10
-80.6198389777152471
 20
14.3444641708450327
 30
0.0
 11
-80.6198389777152187
 21
13.9707645871388983
 31
0.0
  0
LINE
  5
251
100
AcDbEntity
  8
Corners_1
 62
256
370
100
 48
1.0
  6
BYLAYER
100
AcDbLine
 10
-80.6198389777152187
 20
13.9707645871388983
 30
0.0
 11
-80.6198389777152471
 21
13.4724984755306814
 31
0.0
  0
LINE
  5
252
100
AcDbEntity
  8
Corners_1
 62
256
370
100
 48
1.0
  6
BYLAYER
100
AcDbLine
 10
-80.6198389777152471
 20
13.4724984755306814
 30
0.0
 11
-80.6198389777152471
 21
13.3479319476286413
 31
0.0
  0
LINE
  5
253
100
AcDbEntity
  8
Corners_1
 62
256
370
100
 48
1.0
  6
BYLAYER
100
AcDbLine
 10
-80.6198389777152471
 20
13.3479319476286413
 30
0.0
 11
-80.6198389777152613
 21
12.9742323639224857
 31
0.0
  0
LINE
  5
254
100
AcDbEntity
  8
Corners_1
 62
256
370
100
 48
1.0
  6
BYLAYER
100
AcDbLine
 10
-80.6198389777152613
 20
12.9742323639224857
 30
0.0
 11
-80.6198389777152471
 21
12.8496658360204457
 31
0.0
  0
LINE
  5
255
100
AcDbEntity
  8
Corners_1
 62
256
370
100
 48
1.0
  6
BYLAYER
100
AcDbLine
 10
-80.6198389777152471
 20
12.8496658360204457
 30
0.0
 11
-80.6198389777152329
 21
12.6005327802163514
 31
0.0
  0
LINE
  5
256
100
AcDbEntity
  8
Corners_1
 62
256
370
100
 48
1.0
  6
BYLAYER
100
AcDbLine
 10
-80.6198389777152329
 20
12.6005327802163514
 30
0.0
 11
-80.6198389777152187
 21
12.4759662523143113
 31
0.0
  0
LINE
  5
257
100
AcDbEntity
  8
Corners_1
 62
256
370
100
 48
1.0
  6
BYLAYER
100
AcDbLine
 10
-80.6198389777152187
 20
12.4759662523143113
 30
0.0
 11
-80.6198389777152187
 21
12.3513997244122713
 31
0.0
  0
LINE
  5
258
100
AcDbEntity
  8
Corners_1
 62
256
370
100
 48
1.0
  6
BYLAYER
100
AcDbLine
 10
-80.6198389777152187
 20
12.3513997244122713
 30
0.0
 11
-80.6198389777152187
 21
12.2268331965102242
 31
0.0
  0
LINE
  5
259
100
AcDbEntity
  8
Corners_1
 62
256
370
100
 48
1.0
  6
BYLAYER
100
AcDbLine
 10
-80.6198389777152187
 20
12.2268331965102242
 30
0.0
 11
-80.6198389777152187
 21
12.102266668608177
 31
0.0
  0
LINE
  5
25A
100
AcDbEntity
  8
Corners_1
 62
256
370
100
 48
1.0
  6
BYLAYER
100
AcDbLine
 10
-80.6198389777152187
 20
12.102266668608177
 30
0.0
 11
-80.6198389777152471
 21
11.9777001407061157
 31
0.0
  0
LINE
  5
25B
100
AcDbEntity
  8
Corners_1
 62
256
370
100
 48
1.0
  6
BYLAYER
100
AcDbLine
 10
-80.6198389777152471
 20
11.9777001407061157
 30
0.0
 11
-80.74440550561728
 21
11.6040005569999742
 31
0.0
  0
LINE
  5
25C
100
AcDbEntity
  8
Corners_1
 62
256
370
100
 48
1.0
  6
BYLAYER
100
AcDbLine
 10
-80.74440550561728
 20
11.6040005569999742
 30
0.0
 11
-80.74440550561728
 21
11.4794340290979129
 31
0.0
  0
LINE
  5
25D
100
AcDbEntity
  8
Corners_1
 62
256
370
100
 48
1.0
  6
BYLAYER
100
AcDbLine
 10
-80.74440550561728
 20
11.4794340290979129
 30
0.0
 11
-80.7444055056172658
 21
11.3548675011958728
 31
0.0
  0
LINE
  5
25E
100
AcDbEntity
  8
Corners_1
 62
256
370
100
 48
1.0
  6
BYLAYER
100
AcDbLine
 10
-80.7444055056172658
 20
11.3548675011958728
 30
0.0
 11
-80.74440550561728
 21
11.2303009732938257
 31
0.0
  0
LINE
  5
25F
100
AcDbEntity
  8
Corners_1
 62
256
370
100
 48
1.0
  6
BYLAYER
100
AcDbLine
 10
-80.74440550561728
 20
11.2303009732938257
 30
0.0
 11
-80.9935385614213459
 21
11.1057344453917857
 31
0.0
  0
LINE
  5
260
100
AcDbEntity
  8
Corners_1
 62
256
370
100
 48
1.0
  6
BYLAYER
100
AcDbLine
 10
-80.9935385614213459
 20
11.1057344453917857
 30
0.0
 11
-80.9935385614213459
 21
10.9811679174897385
 31
0.0
  0
LINE
  5
261
100
AcDbEntity
  8
Corners_1
 62
256
370
100
 48
1.0
  6
BYLAYER
100
AcDbLine
 10
-80.9935385614213459
 20
10.9811679174897385
 30
0.0
 11
-80.9935385614213885
 21
10.8566013895876772
 31
0.0
  0
LINE
  5
262
100
AcDbEntity
  8
Corners_1
 62
256
370
100
 48
1.0
  6
BYLAYER
100
AcDbLine
 10
-80.9935385614213885
 20
10.8566013895876772
 30
0.0
 11
-80.9935385614213743
 21
10.6074683337835829
 31
0.0
  0
LINE
  5
263
100
AcDbEntity
  8
Corners_1
 62
256
370
100
 48
1.0
  6
BYLAYER
100
AcDbLine
 10
-80.9935385614213743
 20
10.6074683337835829
 30
0.0
 11
-80.9935385614213743
 21
10.4829018058815429
 31
0.0
  0
LINE
  5
264
100
AcDbEntity
  8
Corners_1
 62
256
370
100
 48
1.0
  6
BYLAYER
100
AcDbLine
 10
-80.9935385614213743
 20
10.4829018058815429
 30
0.0
 11
-81.1181050893234357
 21
10.3583352779794957
 31
0.0
  0
LINE
  5
265
100
AcDbEntity
  8
Corners_1
 62
256
370
100
 48
1.0
  6
BYLAYER
100
AcDbLine
 10
-81.1181050893234357
 20
10.3583352779794957
 30
0.0
 11
-81.1181050893234215
 21
10.1092022221754014
 31
0.0
  0
LINE
  5
266
100
AcDbEntity
  8
Corners_1
 62
256
370
100
 48
1.0
  6
BYLAYER
100
AcDbLine
 10
-81.1181050893234215
 20
10.1092022221754014
 30
0.0
 11
-81.1181050893234499
 21
9.9846356942733472
 31
0.0
  0
LINE
  5
267
100
AcDbEntity
  8
Corners_1
 62
256
370
100
 48
1.0
  6
BYLAYER
100
AcDbLine
 10
-81.1181050893234499
 20
9.9846356942733472
 30
0.0
 11
-81.1181050893234357
 21
9.4863695826651444
 31
0.0
  0
LINE
  5
268
100
AcDbEntity
  8
Corners_1
 62
256
370
100
 48
1.0
  6
BYLAYER
100
AcDbLine
 10
-81.1181050893234357
 20
9.4863695826651444
 30
0.0
 11
-81.1181050893234357
 21
9.3618030547631044
 31
0.0
  0
LINE
  5
269
100
AcDbEntity
  8
Corners_1
 62
256
370
100
 48
1.0
  6
BYLAYER
100
AcDbLine
 10
-81.1181050893234357
 20
9.3618030547631044
 30
0.0
 11
-81.1181050893234357
 21
9.2372365268610501
 31
0.0
  0
LINE
  5
26A
100
AcDbEntity
  8
Corners_1
 62
256
370
100
 48
1.0
  6
BYLAYER
100
AcDbLine
 10
-81.1181050893234357
 20
9.2372365268610501
 30
0.0
 11
-81.1181050893234072
 21
8.9881034710569701
 31
0.0
  0
LINE
  5
26B
100
AcDbEntity
  8
Corners_1
 62
256
370
100
 48
1.0
  6
BYLAYER
100
AcDbLine
 10
-81.1181050893234072
 20
8.9881034710569701
 30
0.0
 11
-81.1181050893234215
 21
8.8635369431549158
 31
0.0
  0
LINE
  5
26C
100
AcDbEntity
  8
Corners_1
 62
256
370
100
 48
1.0
  6
BYLAYER
100
AcDbLine
 10
-81.1181050893234215
 20
8.8635369431549158
 30
0.0
 11
-81.1181050893234499
 21
8.6144038873508215
 31
0.0
  0
LINE
  5
26D
100
AcDbEntity
  8
Corners_1
 62
256
370
100
 48
1.0
  6
BYLAYER
100
AcDbLine
 10
-81.1181050893234499
 20
8.6144038873508215
 30
0.0
 11
-81.1181050893234357
 21
8.4898373594487744
 31
0.0
  0
LINE
  5
26E
100
AcDbEntity
  8
Corners_1
 62
256
370
100
 48
1.0
  6
BYLAYER
100
AcDbLine
 10
-81.1181050893234357
 20
8.4898373594487744
 30
0.0
 11
-80.9935385614213743
 21
8.3652708315467272
 31
0.0
  0
LINE
  5
26F
100
AcDbEntity
  8
Corners_1
 62
256
370
100
 48
1.0
  6
BYLAYER
100
AcDbLine
 10
-80.9935385614213743
 20
8.3652708315467272
 30
0.0
 11
-80.9935385614213743
 21
8.2407043036446801
 31
0.0
  0
LINE
  5
270
100
AcDbEntity
  8
Corners_1
 62
256
370
100
 48
1.0
  6
BYLAYER
100
AcDbLine
 10
-80.9935385614213743
 20
8.2407043036446801
 30
0.0
 11
-80.9935385614213885
 21
7.9915712478405787
 31
0.0
  0
LINE
  5
271
100
AcDbEntity
  8
Corners_1
 62
256
370
100
 48
1.0
  6
BYLAYER
100
AcDbLine
 10
-80.9935385614213885
 20
7.9915712478405787
 30
0.0
 11
-80.74440550561728
 21
7.8670047199385316
 31
0.0
  0
LEADER
  5
272
100
AcDbEntity
  8
Corners_1
 62
256
370
-1
 48
1.0
  6
BYLAYER
100
AcDbLeader
  3
Standard
 71
1
 72
0
 73
3
 74
0
 75
0
 40
1.0
 41
10.0
 76
3
 10
-80.8027297292166935
 20
32.8629525476994147
 10
-74.4564552105162534
 20
21.2722320503743845
 10
-70.4570511699797635
 20
21.2031862645470142
1001
ACAD
1000
DSTYLE
1002
{
1070
40
1040
1.0
1002
}
  0
LINE
  5
273
100
AcDbEntity
  8
Corners_1
 62
256
370
-1
 48
1.0
  6
BYLAYER
100
AcDbLine
 10
102.6407492627745341
 20
44.8170757744770754
 30
0.0
 11
102.6407492627745341
 21
37.8170757744770754
 31
0.0
  0
LINE
  5
274
100
AcDbEntity
  8
Corners_1
 62
256
370
-1
 48
1.0
  6
BYLAYER
100
AcDbLine
 10
99.4312322182714041
 20
44.8533107131519841
 30
0.0
 11
99.4312322182714041
 21
37.8533107131519841
 31
0.0
  0
LINE
  5
275
100
AcDbEntity
  8
Corners_1
 62
256
370
-1
 48
1.0
  6
BYLAYER
100
AcDbLine
 10
102.6407492627745341
 20
37.8170757744770754
 30
0.0
 11
105.6407492627745341
 21
37.8170757744770754
 31
0.0
  0
LINE
  5
276
100
AcDbEntity
  8
Corners_1
 62
256
370
-1
 48
1.0
  6
BYLAYER
100
AcDbLine
 10
99.4312322182714041
 20
37.8533107131519841
 30
0.0
 11
102.4312322182714041
 21
37.8533107131519841
 31
0.0
  0
LINE
  5
277
100
AcDbEntity
  8
Corners_1
 62
256
370
-1
 48
1.0
  6
BYLAYER
100
AcDbLine
 10
105.6407492627745341
 20
37.8170757744770754
 30
0.0
 11
105.6407492627745341
 21
44.8170757744770754
 31
0.0
  0
LINE
  5
278
100
AcDbEntity
  8
Corners_1
 62
256
370
-1
 48
1.0
  6
BYLAYER
100
AcDbLine
 10
102.4312322182714041
 20
37.8533107131519841
 30
0.0
 11
102.4312322182714041
 21
44.8533107131519841
 31
0.0
  0
LINE
  5
279
100
AcDbEntity
  8
Corners_1
 62
256
370
-1
 48
1.0
  6
BYLAYER
100
AcDbLine
 10
105.6407492627745341
 20
44.8170757744770754
 30
0.0
 11
102.6407492627745341
 21
44.8170757744770754
 31
0.0
  0
LINE
  5
27A
100
AcDbEntity
  8
Corners_1
 62
256
370
-1
 48
1.0
  6
BYLAYER
100
AcDbLine
 10
102.4312322182714041
 20
44.8533107131519841
 30
0.0
 11
99.4312322182714041
 21
44.8533107131519841
 31
0.0
  0
LINE
  5
27B
100
AcDbEntity
  8
Corners_1
 62
256
370
-1
 48
1.0
  6
BYLAYER
100
AcDbLine
 10
102.6407492627745341
 20
44.8170757744770754
 30
0.0
 11
105.6407492627745341
 21
37.8170757744770754
 31
0.0
  0
LINE
  5
27C
100
AcDbEntity
  8
Corners_1
 62
256
370
-1
 48
1.0
  6
BYLAYER
100
AcDbLine
 10
99.4312322182714041
 20
44.8533107131519841
 30
0.0
 11
102.4312322182714041
 21
37.8533107131519841
 31
0.0
  0
LINE
  5
27D
100
AcDbEntity
  8
Corners_1
 62
256
370
-1
 48
1.0
  6
BYLAYER
100
AcDbLine
 10
102.6407492627745341
 20
37.8170757744770754
 30
0.0
 11
105.6407492627745341
 21
44.8170757744770754
 31
0.0
  0
LINE
  5
27E
100
AcDbEntity
  8
Corners_1
 62
256
370
-1
 48
1.0
  6
BYLAYER
100
AcDbLine
 10
99.4312322182714041
 20
37.8533107131519841
 30
0.0
 11
102.4312322182714041
 21
44.8533107131519841
 31
0.0
  0
LINE
  5
27F
100
AcDbEntity
  8
Corners_1
 62
256
370
-1
 48
1.0
  6
BYLAYER
100
AcDbLine
 10
106.030032295907688
 20
39.9999999999999716
 30
0.0
 11
109.625
 21
39.9999999999999716
 31
0.0
  0
LINE
  5
280
100
AcDbEntity
  8
Corners_1
 62
256
370
-1
 48
1.0
  6
BYLAYER
100
AcDbLine
 10
104.0
 20
37.4028236742078093
 30
0.0
 11
104.0
 21
7.9913666043179319
 31
0.0
  0
LEADER
  5
281
100
AcDbEntity
  8
Corners_1
 62
256
370
-1
 48
1.0
  6
BYLAYER
100
AcDbLeader
  3
Standard
 71
1
 72
0
 73
3
 74
0
 75
0
 40
1.0
 41
10.0
 76
3
 10
109.4315381292089171
 20
20.6713979168730475
 10
117.9315381292089171
 20
9.6267677868730459
 10
126.6797569102642314
 20
9.6267677868730459
1001
ACAD
1000
DSTYLE
1002
{
1070
40
1040
1.0
1002
}
  0
MTEXT
  5
282
100
AcDbEntity
  8
Corners_1
 62
256
370
-1
 48
1.0
  6
BYLAYER
100
AcDbMText
 10
98.7472574742253073
 20
55.9999999999999858
 30
0.0
 40
3.0
 41
0.0
 71
1
 72
1
  1
\H2.50001;Double Rafter
  7
textstyle19
 50
0.0
 73
2
 44
1.0
  0
MTEXT
  5
283
100
AcDbEntity
  8
Corners_1
 62
256
370
-1
 48
1.0
  6
BYLAYER
100
AcDbMText
 10
125.7728609787757676
 20
7.1527514561923908
 30
0.0
 40
3.0
 41
0.0
 71
1
 72
1
  1
\H2.50001;Surface of end wall
  7
textstyle20
 50
0.0
 73
2
 44
1.0
  0
LINE
  5
284
100
AcDbEntity
  8
Corners_1
 62
256
370
-1
 48
1.0
  6
BYLAYER
100
AcDbLine
 10
109.625
 20
39.9999999999999716
 30
0.0
 11
109.625
 21
7.9913666043179319
 31
0.0
  0
LINE
  5
285
100
AcDbEntity
  8
Corners_1
 62
256
370
-1
 48
1.0
  6
BYLAYER
100
AcDbLine
 10
109.625
 20
7.9913666043179319
 30
0.0
 11
109.625
 21
2.9913666043179319
 31
0.0
  0
LINE
  5
286
100
AcDbEntity
  8
Corners_1
 62
256
370
-1
 48
1.0
  6
BYLAYER
100
AcDbLine
 10
99.4312322182714041
 20
40.0
 30
0.0
 11
80.0
 21
40.0
 31
0.0
  0
LINE
  5
287
100
AcDbEntity
  8
Corners_1
 62
256
370
-1
 48
1.0
  6
BYLAYER
100
AcDbLine
 10
111.5022932580191792
 20
39.9999999999999716
 30
0.0
 11
111.5022932580191792
 21
1.9999999999999716
 31
0.0
  0
LEADER
  5
288
100
AcDbEntity
  8
Corners_1
 62
256
370
-1
 48
1.0
  6
BYLAYER
100
AcDbLeader
  3
Standard
 71
1
 72
0
 73
3
 74
0
 75
0
 40
1.0
 41
10.0
 76
3
 10
111.4312322182714041
 20
25.8533107131519841
 10
118.4312322182714041
 20
37.1033107131519841
 10
124.4312322182714041
 20
37.1033107131519841
1001
ACAD
1000
DSTYLE
1002
{
1070
40
1040
1.0
1002
}
  0
MTEXT
  5
289
100
AcDbEntity
  8
Corners_1
 62
256
370
-1
 48
1.0
  6
BYLAYER
100
AcDbMText
 10
126.431232218271262
 20
38.8533107131520623
 30
0.0
 40
3.0
 41
0.0
 71
1
 72
1
  1
\H2.50001;Board #2
  7
textstyle18
 50
0.0
 73
2
 44
1.0
  0
LEADER
  5
28A
100
AcDbEntity
  8
Corners_1
 62
256
370
-1
 48
1.0
  6
BYLAYER
100
AcDbLeader
  3
Standard
 71
1
 72
0
 73
3
 74
0
 75
0
 40
1.0
 41
10.0
 76
3
 10
-83.4960890003463589
 20
69.203261650477657
 10
-77.465503227735482
 20
84.2061756360058666
 10
-87.7975493180429538
 20
83.9478744837481798
1001
ACAD
1000
DSTYLE
1002
{
1070
40
1040
1.0
1002
}
  0
LINE
  5
28B
100
AcDbEntity
  8
Corners_1
 62
256
370
-1
 48
1.0
  6
BYLAYER
100
AcDbLine
 10
106.030032295907688
 20
39.9999999999999716
 30
0.0
 11
106.030032295907688
 21
37.4028236742077809
 31
0.0
  0
LINE
  5
28C
100
AcDbEntity
  8
Corners_1
 62
256
370
-1
 48
1.0
  6
BYLAYER
100
AcDbLine
 10
106.030032295907688
 20
37.4028236742077809
 30
0.0
 11
104.0
 21
37.4028236742077809
 31
0.0
  0
LINE
  5
28D
100
AcDbEntity
  8
Corners_1
 62
256
370
-1
 48
1.0
  6
BYLAYER
100
AcDbLine
 10
109.625
 20
39.9999999999999716
 30
0.0
 11
111.5022932580191792
 21
39.9999999999999716
 31
0.0
  0
HATCH
  5
28E
100
AcDbEntity
  8
Corners_1
 62
256
370
-1
 48
1.0
  6
BYLAYER
100
AcDbHatch
 10
0.0
 20
0.0
 30
0.0
210
0.0
220
0.0
230
1.0
  2
ACAD_ISO02W100
 70
0
 71
0
 91
1
 92
1
 93
6
 72
1
 10
106.030032295907688
 20
39.9999999999999716
 11
109.625
 21
39.9999999999999716
 72
1
 10
109.625
 20
39.9999999999999716
 11
109.625
 21
7.9913666043179319
 72
1
 10
109.625
 20
7.9913666043179319
 11
104.0
 21
7.9913666043179319
 72
1
 10
104.0
 20
7.9913666043179319
 11
104.0
 21
37.4028236742078093
 72
1
 10
104.0
 20
37.4028236742077809
 11
106.030032295907688
 21
37.4028236742077809
 72
1
 10
106.030032295907688
 20
37.4028236742077809
 11
106.030032295907688
 21
39.9999999999999716
 97
0
 75
0
 76
1
 52
45.0
 41
0.15
 77
0
 78
1
 53
45.0
 43
0.0
 44
0.0
 45
-0.0883883476483184
 46
0.0883883476483185
 79
0
 98
0
1001
ACAD
1010
0.0
1020
0.0
1030
0
  0
LEADER
  5
28F
100
AcDbEntity
  8
Corners_1
 62
256
370
-1
 48
1.0
  6
BYLAYER
100
AcDbLeader
  3
Standard
 71
1
 72
0
 73
3
 74
0
 75
0
 40
1.0
 41
10.0
 76
3
 10
104.0
 20
22.6970951392628706
 10
96.7376101350124742
 20
11.7500892730720921
 10
92.5521747975036533
 20
11.7500892730720921
1001
ACAD
1000
DSTYLE
1002
{
1070
40
1040
1.0
1002
}
  0
MTEXT
  5
290
100
AcDbEntity
  8
Corners_1
 62
256
370
-1
 48
1.0
  6
BYLAYER
100
AcDbMText
 10
90.9432289252281407
 20
12.8807035228496147
 30
0.0
 40
3.0
 41
0.0
 71
3
 72
1
  1
\H2.50001;Board #1
  7
textstyle21
 50
0.0
 73
2
 44
1.0
  0
LEADER
  5
291
100
AcDbEntity
  8
Corners_1
 62
256
370
-1
 48
1.0
  6
BYLAYER
100
AcDbLeader
  3
Standard
 71
1
 72
0
 73
3
 74
0
 75
0
 40
1.0
 41
10.0
 76
3
 10
99.4312322182714041
 20
41.3533107131519841
 10
91.9312322182714041
 20
54.3533107131519841
 10
97.4312322182714041
 20
54.3533107131519841
1001
ACAD
1000
DSTYLE
1002
{
1070
40
1040
1.0
1002
}
  0
LINE
  5
292
100
AcDbEntity
  8
Corners_1
 62
256
370
-1
 48
1.0
  6
BYLAYER
100
AcDbLine
 10
0.7410878306383708
 20
74.7126683453118829
 30
0.0
 11
0.7424306741794107
 21
73.6196619912086021
 31
0.0
  0
LINE
  5
293
100
AcDbEntity
  8
Roof_Framing
 62
256
370
-1
 48
1.0
  6
BYLAYER
100
AcDbLine
 10
-5.5219432714477108
 20
69.7148583616088189
 30
0.0
 11
-1.2750173086045793
 21
73.7765621119079356
 31
0.0
  0
LINE
  5
294
100
AcDbEntity
  8
Roof_Framing
 62
256
370
-1
 48
1.0
  6
BYLAYER
100
AcDbLine
 10
0.7410878306383234
 20
74.6461947094287268
 30
0.0
 11
-0.6604502840396415
 21
75.4549148472521551
 31
0.0
  0
LINE
  5
295
100
AcDbEntity
  8
Roof_Framing
 62
256
370
-1
 48
1.0
  6
BYLAYER
100
AcDbLine
 10
0.0768002674026027
 20
74.3266807247760966
 30
0.0
 11
0.7410878306383234
 21
74.646194709428741
 31
0.0
  0
LINE
  5
296
100
AcDbEntity
  8
Roof_Framing
 62
256
370
-1
 48
1.0
  6
BYLAYER
100
AcDbLine
 10
-1.2689044197992296
 20
75.1036236881818127
 30
0.0
 11
-1.2750173086045835
 21
73.7765621119079356
 31
0.0
  0
LINE
  5
297
100
AcDbEntity
  8
Roof_Framing
 62
256
370
-1
 48
1.0
  6
BYLAYER
100
AcDbLine
 10
-1.2689044197992296
 20
75.1036236881818127
 30
0.0
 11
-0.660450284039652
 21
75.4549148472521694
 31
0.0
  0
LINE
  5
298
100
AcDbEntity
  8
Corners_2
 62
256
370
-1
 48
1.0
  6
BYLAYER
100
AcDbLine
 10
0.0915687778000391
 20
74.2437466967842852
 30
0.0
 11
-1.2723277348253141
 21
75.0163811760010617
 31
0.0
  0
LINE
  5
299
100
AcDbEntity
  8
Corners_2
 62
256
370
-1
 48
1.0
  6
BYLAYER
100
AcDbLine
 10
0.0659328617191877
 20
74.2582692008650724
 30
0.0
 11
0.7410878306384099
 21
73.875800294336841
 31
0.0
  0
LINE
  5
29A
100
AcDbEntity
  8
Corners_2
 62
256
370
-1
 48
1.0
  6
BYLAYER
100
AcDbLine
 10
3.2158920163210261
 20
75.3044788479610929
 30
0.0
 11
2.651206544887617
 21
75.6305001569006379
 31
0.0
  0
LINE
  5
29B
100
AcDbEntity
  8
Corners_2
 62
256
370
-1
 48
1.0
  6
BYLAYER
100
AcDbLine
 10
0.7394986700754602
 20
74.6471116920894247
 30
0.0
 11
0.091568777800048
 21
74.2437466967842852
 31
0.0
  0
LINE
  5
29C
100
AcDbEntity
  8
Corners_2
 62
256
370
-1
 48
1.0
  6
BYLAYER
100
AcDbLine
 10
-2.3832354078825677
 20
72.6448554847858787
 30
0.0
 11
-1.2723277348253035
 21
73.7154457241494612
 31
0.0
  0
HATCH
  5
29D
100
AcDbEntity
  8
Corners_1
 62
256
370
-1
 48
1.0
  6
BYLAYER
100
AcDbHatch
 10
0.0
 20
0.0
 30
0.0
210
0.0
220
0.0
230
1.0
  2
ACAD_ISO02W100
 70
0
 71
0
 91
1
 92
1
 93
6
 72
1
 10
-1.2707385742624506
 20
75.0154641933403497
 11
-1.2707385742624506
 21
73.7145287414887491
 72
1
 10
-1.27073857426244
 20
73.7145287414887491
 11
-2.3816462473197042
 21
72.6439385021251667
 72
1
 10
-2.381646247319706
 20
72.6439385021251525
 11
-2.381646247319706
 21
0.5835320883159056
 72
1
 10
-2.381646247319706
 20
0.5835320883159056
 11
0.0931579383629089
 21
-0.8452967744795785
 72
1
 10
0.0931579383629089
 20
-0.8452967744795785
 11
0.0931579383629089
 21
74.2428297141235731
 72
1
 10
0.0931579383629026
 20
74.2428297141235731
 11
-1.2707385742624506
 21
75.0154641933403497
 97
0
 75
0
 76
1
 52
45.0
 41
0.15
 77
0
 78
1
 53
45.0
 43
0.0
 44
0.0
 45
-0.0883883476483184
 46
0.0883883476483185
 79
0
 98
0
1001
ACAD
1010
0.0
1020
0.0
1030
0
  0
HATCH
  5
29E
100
AcDbEntity
  8
Corners_2
 62
256
370
-1
 48
1.0
  6
BYLAYER
100
AcDbHatch
 10
0.0
 20
0.0
 30
0.0
210
0.0
220
0.0
230
1.0
  2
ACAD_ISO02W100
 70
0
 71
0
 91
1
 92
1
 93
9
 72
1
 10
2.8175640471020236
 20
64.9782502471532126
 11
3.2158920163210265
 21
65.3621219641769926
 72
1
 10
3.2158920163210265
 20
65.3621219641769926
 11
3.2158920163210265
 21
0.2094490709766319
 72
1
 10
3.2158920163210265
 20
0.2094490709766319
 11
0.7410878306384099
 21
-1.2193797918188523
 72
1
 10
0.7410878306384099
 20
-1.2193797918188523
 11
0.7410878306384099
 21
73.875800294336841
 72
1
 10
0.7410878306384072
 20
73.875800294336841
 11
3.2158920163210261
 21
75.3044788479611071
 72
1
 10
3.2158920163210265
 20
75.3044788479611071
 11
3.2158920163210265
 21
70.3849673961977231
 72
1
 10
3.2158920163210261
 20
70.3849673961976947
 11
1.5185259414253967
 21
68.7492026999208576
 72
1
 10
1.5185259414253904
 20
68.7492026999208576
 11
1.5185259414253656
 21
65.7282502471531984
 72
1
 10
1.5185259414253656
 20
65.7282502471531984
 11
2.8175640471020191
 21
64.9782502471532126
 97
0
 75
0
 76
1
 52
315.0
 41
0.15
 77
0
 78
1
 53
45.0
 43
0.0
 44
0.0
 45
-0.0883883476483184
 46
0.0883883476483185
 79
0
 98
0
1001
ACAD
1010
0.0
1020
0.0
1030
0
  0
LINE
  5
29F
100
AcDbEntity
  8
Corners_2
 62
256
370
-1
 48
1.0
  6
BYLAYER
100
AcDbLine
 10
-90.0
 20
50.0
 30
0.0
 11
-77.0
 21
50.0
 31
0.0
  0
LINE
  5
2A0
100
AcDbEntity
  8
Corners_2
 62
256
370
-1
 48
1.0
  6
BYLAYER
100
AcDbLine
 10
-90.0
 20
-10.0000000000000142
 30
0.0
 11
-77.0
 21
-10.0000000000000142
 31
0.0
  0
LINE
  5
2A1
100
AcDbEntity
  8
Corners_2
 62
256
370
-1
 48
1.0
  6
BYLAYER
100
AcDbLine
 10
-77.0
 20
50.0
 30
0.0
 11
-77.0
 21
20.0
 31
0.0
  0
LINE
  5
2A2
100
AcDbEntity
  8
Corners_2
 62
256
370
-1
 48
1.0
  6
BYLAYER
100
AcDbLine
 10
-77.0
 20
-10.0000000000000142
 30
0.0
 11
-77.0
 21
20.0
 31
0.0
  0
LINE
  5
2A3
100
AcDbEntity
  8
Corners_2
 62
256
370
-1
 48
1.0
  6
BYLAYER
100
AcDbLine
 10
-90.0
 20
50.0
 30
0.0
 11
-90.0
 21
20.0
 31
0.0
  0
LINE
  5
2A4
100
AcDbEntity
  8
Corners_2
 62
256
370
-1
 48
1.0
  6
BYLAYER
100
AcDbLine
 10
-90.0
 20
-10.0000000000000142
 30
0.0
 11
-90.0
 21
20.0
 31
0.0
  0
LINE
  5
2A5
100
AcDbEntity
  8
Corners_2
 62
256
370
100
 48
1.0
  6
BYLAYER
100
AcDbLine
 10
-84.5371933496419956
 20
48.5783778626078373
 30
0.0
 11
-84.7165691498209412
 21
48.5783778626078373
 31
0.0
  0
LINE
  5
2A6
100
AcDbEntity
  8
Corners_2
 62
256
370
100
 48
1.0
  6
BYLAYER
100
AcDbLine
 10
-84.7165691498209412
 20
48.5783778626078373
 30
0.0
 11
-85.0753207501788467
 21
48.5783778626078373
 31
0.0
  0
LINE
  5
2A7
100
AcDbEntity
  8
Corners_2
 62
256
370
100
 48
1.0
  6
BYLAYER
100
AcDbLine
 10
-85.0753207501788467
 20
48.5783778626078373
 30
0.0
 11
-85.4340723505367379
 21
48.5783778626078373
 31
0.0
  0
LINE
  5
2A8
100
AcDbEntity
  8
Corners_2
 62
256
370
100
 48
1.0
  6
BYLAYER
100
AcDbLine
 10
-85.4340723505367379
 20
48.5783778626078373
 30
0.0
 11
-85.7928239508946433
 21
48.7577536627867829
 31
0.0
  0
LINE
  5
2A9
100
AcDbEntity
  8
Corners_2
 62
256
370
100
 48
1.0
  6
BYLAYER
100
AcDbLine
 10
-85.7928239508946433
 20
48.7577536627867829
 30
0.0
 11
-86.1515755512525345
 21
48.7577536627867829
 31
0.0
  0
LINE
  5
2AA
100
AcDbEntity
  8
Corners_2
 62
256
370
100
 48
1.0
  6
BYLAYER
100
AcDbLine
 10
-86.1515755512525345
 20
48.7577536627867829
 30
0.0
 11
-86.3309513514314801
 21
48.7577536627867829
 31
0.0
  0
LINE
  5
2AB
100
AcDbEntity
  8
Corners_2
 62
256
370
100
 48
1.0
  6
BYLAYER
100
AcDbLine
 10
-86.3309513514314801
 20
48.7577536627867829
 30
0.0
 11
-86.51032715161044
 21
48.7577536627867829
 31
0.0
  0
LINE
  5
2AC
100
AcDbEntity
  8
Corners_2
 62
256
370
100
 48
1.0
  6
BYLAYER
100
AcDbLine
 10
-86.51032715161044
 20
48.7577536627867829
 30
0.0
 11
-86.8690787519683312
 21
48.7577536627867829
 31
0.0
  0
LINE
  5
2AD
100
AcDbEntity
  8
Corners_2
 62
256
370
100
 48
1.0
  6
BYLAYER
100
AcDbLine
 10
-86.8690787519683312
 20
48.7577536627867829
 30
0.0
 11
-87.0484545521472768
 21
48.5783778626078373
 31
0.0
  0
LINE
  5
2AE
100
AcDbEntity
  8
Corners_2
 62
256
370
100
 48
1.0
  6
BYLAYER
100
AcDbLine
 10
-87.0484545521472768
 20
48.5783778626078373
 30
0.0
 11
-87.0484545521472768
 21
48.3990020624288917
 31
0.0
  0
LINE
  5
2AF
100
AcDbEntity
  8
Corners_2
 62
256
370
100
 48
1.0
  6
BYLAYER
100
AcDbLine
 10
-87.0484545521472768
 20
48.3990020624288917
 30
0.0
 11
-87.2278303523262366
 21
48.2196262622499461
 31
0.0
  0
LINE
  5
2B0
100
AcDbEntity
  8
Corners_2
 62
256
370
100
 48
1.0
  6
BYLAYER
100
AcDbLine
 10
-87.2278303523262366
 20
48.2196262622499461
 30
0.0
 11
-87.2278303523262366
 21
48.0402504620709863
 31
0.0
  0
LINE
  5
2B1
100
AcDbEntity
  8
Corners_2
 62
256
370
100
 48
1.0
  6
BYLAYER
100
AcDbLine
 10
-87.2278303523262366
 20
48.0402504620709863
 30
0.0
 11
-87.4072061525051822
 21
47.681498861713095
 31
0.0
  0
LINE
  5
2B2
100
AcDbEntity
  8
Corners_2
 62
256
370
100
 48
1.0
  6
BYLAYER
100
AcDbLine
 10
-87.4072061525051822
 20
47.681498861713095
 30
0.0
 11
-87.4072061525051822
 21
47.5021230615341352
 31
0.0
  0
LINE
  5
2B3
100
AcDbEntity
  8
Corners_2
 62
256
370
100
 48
1.0
  6
BYLAYER
100
AcDbLine
 10
-87.4072061525051822
 20
47.5021230615341352
 30
0.0
 11
-87.5865819526841278
 21
47.143371461176244
 31
0.0
  0
LINE
  5
2B4
100
AcDbEntity
  8
Corners_2
 62
256
370
100
 48
1.0
  6
BYLAYER
100
AcDbLine
 10
-87.5865819526841278
 20
47.143371461176244
 30
0.0
 11
-87.7659577528630734
 21
46.605244060639393
 31
0.0
  0
LINE
  5
2B5
100
AcDbEntity
  8
Corners_2
 62
256
370
100
 48
1.0
  6
BYLAYER
100
AcDbLine
 10
-87.7659577528630734
 20
46.605244060639393
 30
0.0
 11
-87.7659577528630734
 21
46.4258682604604473
 31
0.0
  0
LINE
  5
2B6
100
AcDbEntity
  8
Corners_2
 62
256
370
100
 48
1.0
  6
BYLAYER
100
AcDbLine
 10
-87.7659577528630734
 20
46.4258682604604473
 30
0.0
 11
-87.7659577528630734
 21
46.2464924602815017
 31
0.0
  0
LINE
  5
2B7
100
AcDbEntity
  8
Corners_2
 62
256
370
100
 48
1.0
  6
BYLAYER
100
AcDbLine
 10
-87.7659577528630734
 20
46.2464924602815017
 30
0.0
 11
-87.7659577528630734
 21
45.8877408599235963
 31
0.0
  0
LINE
  5
2B8
100
AcDbEntity
  8
Corners_2
 62
256
370
100
 48
1.0
  6
BYLAYER
100
AcDbLine
 10
-87.7659577528630734
 20
45.8877408599235963
 30
0.0
 11
-87.9453335530420333
 21
45.1702376592077997
 31
0.0
  0
LINE
  5
2B9
100
AcDbEntity
  8
Corners_2
 62
256
370
100
 48
1.0
  6
BYLAYER
100
AcDbLine
 10
-87.9453335530420333
 20
45.1702376592077997
 30
0.0
 11
-87.9453335530420333
 21
44.6321102586709486
 31
0.0
  0
LINE
  5
2BA
100
AcDbEntity
  8
Corners_2
 62
256
370
100
 48
1.0
  6
BYLAYER
100
AcDbLine
 10
-87.9453335530420333
 20
44.6321102586709486
 30
0.0
 11
-87.9453335530420333
 21
44.452734458492003
 31
0.0
  0
LINE
  5
2BB
100
AcDbEntity
  8
Corners_2
 62
256
370
100
 48
1.0
  6
BYLAYER
100
AcDbLine
 10
-87.9453335530420333
 20
44.452734458492003
 30
0.0
 11
-87.9453335530420333
 21
44.2733586583130574
 31
0.0
  0
LINE
  5
2BC
100
AcDbEntity
  8
Corners_2
 62
256
370
100
 48
1.0
  6
BYLAYER
100
AcDbLine
 10
-87.9453335530420333
 20
44.2733586583130574
 30
0.0
 11
-87.9453335530420333
 21
44.0939828581341118
 31
0.0
  0
LINE
  5
2BD
100
AcDbEntity
  8
Corners_2
 62
256
370
100
 48
1.0
  6
BYLAYER
100
AcDbLine
 10
-87.9453335530420333
 20
44.0939828581341118
 30
0.0
 11
-87.9453335530420333
 21
43.9146070579551662
 31
0.0
  0
LINE
  5
2BE
100
AcDbEntity
  8
Corners_2
 62
256
370
100
 48
1.0
  6
BYLAYER
100
AcDbLine
 10
-87.9453335530420333
 20
43.9146070579551662
 30
0.0
 11
-87.9453335530420333
 21
43.5558554575972607
 31
0.0
  0
LINE
  5
2BF
100
AcDbEntity
  8
Corners_2
 62
256
370
100
 48
1.0
  6
BYLAYER
100
AcDbLine
 10
-87.9453335530420333
 20
43.5558554575972607
 30
0.0
 11
-87.9453335530420333
 21
43.3764796574183151
 31
0.0
  0
LINE
  5
2C0
100
AcDbEntity
  8
Corners_2
 62
256
370
100
 48
1.0
  6
BYLAYER
100
AcDbLine
 10
-87.9453335530420333
 20
43.3764796574183151
 30
0.0
 11
-87.9453335530420333
 21
43.1971038572393553
 31
0.0
  0
LINE
  5
2C1
100
AcDbEntity
  8
Corners_2
 62
256
370
100
 48
1.0
  6
BYLAYER
100
AcDbLine
 10
-87.9453335530420333
 20
43.1971038572393553
 30
0.0
 11
-87.9453335530420333
 21
42.8383522568814641
 31
0.0
  0
LINE
  5
2C2
100
AcDbEntity
  8
Corners_2
 62
256
370
100
 48
1.0
  6
BYLAYER
100
AcDbLine
 10
-87.9453335530420333
 20
42.8383522568814641
 30
0.0
 11
-87.9453335530420333
 21
42.1208490561656674
 31
0.0
  0
LINE
  5
2C3
100
AcDbEntity
  8
Corners_2
 62
256
370
100
 48
1.0
  6
BYLAYER
100
AcDbLine
 10
-87.9453335530420333
 20
42.1208490561656674
 30
0.0
 11
-87.9453335530420333
 21
40.8652184549130197
 31
0.0
  0
LINE
  5
2C4
100
AcDbEntity
  8
Corners_2
 62
256
370
100
 48
1.0
  6
BYLAYER
100
AcDbLine
 10
-87.9453335530420333
 20
40.8652184549130197
 30
0.0
 11
-87.9453335530420333
 21
40.3270910543761687
 31
0.0
  0
LINE
  5
2C5
100
AcDbEntity
  8
Corners_2
 62
256
370
100
 48
1.0
  6
BYLAYER
100
AcDbLine
 10
-87.9453335530420333
 20
40.3270910543761687
 30
0.0
 11
-87.9453335530420333
 21
39.9683394540182775
 31
0.0
  0
LINE
  5
2C6
100
AcDbEntity
  8
Corners_2
 62
256
370
100
 48
1.0
  6
BYLAYER
100
AcDbLine
 10
-87.9453335530420333
 20
39.9683394540182775
 30
0.0
 11
-87.9453335530420333
 21
39.7889636538393319
 31
0.0
  0
LINE
  5
2C7
100
AcDbEntity
  8
Corners_2
 62
256
370
100
 48
1.0
  6
BYLAYER
100
AcDbLine
 10
-87.9453335530420333
 20
39.7889636538393319
 30
0.0
 11
-87.9453335530420333
 21
39.609587853660372
 31
0.0
  0
LINE
  5
2C8
100
AcDbEntity
  8
Corners_2
 62
256
370
100
 48
1.0
  6
BYLAYER
100
AcDbLine
 10
-87.9453335530420333
 20
39.609587853660372
 30
0.0
 11
-87.9453335530420333
 21
39.4302120534814264
 31
0.0
  0
LINE
  5
2C9
100
AcDbEntity
  8
Corners_2
 62
256
370
100
 48
1.0
  6
BYLAYER
100
AcDbLine
 10
-87.9453335530420333
 20
39.4302120534814264
 30
0.0
 11
-87.9453335530420333
 21
38.8920846529445754
 31
0.0
  0
LINE
  5
2CA
100
AcDbEntity
  8
Corners_2
 62
256
370
100
 48
1.0
  6
BYLAYER
100
AcDbLine
 10
-87.9453335530420333
 20
38.8920846529445754
 30
0.0
 11
-87.9453335530420333
 21
38.7127088527656298
 31
0.0
  0
LINE
  5
2CB
100
AcDbEntity
  8
Corners_2
 62
256
370
100
 48
1.0
  6
BYLAYER
100
AcDbLine
 10
-87.9453335530420333
 20
38.7127088527656298
 30
0.0
 11
-88.1247093532209789
 21
38.3539572524077386
 31
0.0
  0
LINE
  5
2CC
100
AcDbEntity
  8
Corners_2
 62
256
370
100
 48
1.0
  6
BYLAYER
100
AcDbLine
 10
-88.1247093532209789
 20
38.3539572524077386
 30
0.0
 11
-88.1247093532209789
 21
37.9952056520498331
 31
0.0
  0
LINE
  5
2CD
100
AcDbEntity
  8
Corners_2
 62
256
370
100
 48
1.0
  6
BYLAYER
100
AcDbLine
 10
-88.1247093532209789
 20
37.9952056520498331
 30
0.0
 11
-88.1247093532209789
 21
37.6364540516919419
 31
0.0
  0
LINE
  5
2CE
100
AcDbEntity
  8
Corners_2
 62
256
370
100
 48
1.0
  6
BYLAYER
100
AcDbLine
 10
-88.1247093532209789
 20
37.6364540516919419
 30
0.0
 11
-88.1247093532209789
 21
37.2777024513340365
 31
0.0
  0
LINE
  5
2CF
100
AcDbEntity
  8
Corners_2
 62
256
370
100
 48
1.0
  6
BYLAYER
100
AcDbLine
 10
-88.1247093532209789
 20
37.2777024513340365
 30
0.0
 11
-88.3040851533999245
 21
36.7395750507971854
 31
0.0
  0
LINE
  5
2D0
100
AcDbEntity
  8
Corners_2
 62
256
370
100
 48
1.0
  6
BYLAYER
100
AcDbLine
 10
-88.3040851533999245
 20
36.7395750507971854
 30
0.0
 11
-88.3040851533999245
 21
36.5601992506182398
 31
0.0
  0
LINE
  5
2D1
100
AcDbEntity
  8
Corners_2
 62
256
370
100
 48
1.0
  6
BYLAYER
100
AcDbLine
 10
-88.3040851533999245
 20
36.5601992506182398
 30
0.0
 11
-88.3040851533999245
 21
36.2014476502603344
 31
0.0
  0
LINE
  5
2D2
100
AcDbEntity
  8
Corners_2
 62
256
370
100
 48
1.0
  6
BYLAYER
100
AcDbLine
 10
-88.3040851533999245
 20
36.2014476502603344
 30
0.0
 11
-88.3040851533999245
 21
36.0220718500813888
 31
0.0
  0
LINE
  5
2D3
100
AcDbEntity
  8
Corners_2
 62
256
370
100
 48
1.0
  6
BYLAYER
100
AcDbLine
 10
-88.3040851533999245
 20
36.0220718500813888
 30
0.0
 11
-88.3040851533999245
 21
35.6633202497234976
 31
0.0
  0
LINE
  5
2D4
100
AcDbEntity
  8
Corners_2
 62
256
370
100
 48
1.0
  6
BYLAYER
100
AcDbLine
 10
-88.3040851533999245
 20
35.6633202497234976
 30
0.0
 11
-88.3040851533999245
 21
35.1251928491866465
 31
0.0
  0
LINE
  5
2D5
100
AcDbEntity
  8
Corners_2
 62
256
370
100
 48
1.0
  6
BYLAYER
100
AcDbLine
 10
-88.3040851533999245
 20
35.1251928491866465
 30
0.0
 11
-88.3040851533999245
 21
34.7664412488287411
 31
0.0
  0
LINE
  5
2D6
100
AcDbEntity
  8
Corners_2
 62
256
370
100
 48
1.0
  6
BYLAYER
100
AcDbLine
 10
-88.3040851533999245
 20
34.7664412488287411
 30
0.0
 11
-88.3040851533999245
 21
34.5870654486497955
 31
0.0
  0
LINE
  5
2D7
100
AcDbEntity
  8
Corners_2
 62
256
370
100
 48
1.0
  6
BYLAYER
100
AcDbLine
 10
-88.3040851533999245
 20
34.5870654486497955
 30
0.0
 11
-88.3040851533999245
 21
34.0489380481129444
 31
0.0
  0
LINE
  5
2D8
100
AcDbEntity
  8
Corners_2
 62
256
370
100
 48
1.0
  6
BYLAYER
100
AcDbLine
 10
-88.3040851533999245
 20
34.0489380481129444
 30
0.0
 11
-88.3040851533999245
 21
33.6901864477550532
 31
0.0
  0
LINE
  5
2D9
100
AcDbEntity
  8
Corners_2
 62
256
370
100
 48
1.0
  6
BYLAYER
100
AcDbLine
 10
-88.3040851533999245
 20
33.6901864477550532
 30
0.0
 11
-88.4834609535788701
 21
32.793307446860311
 31
0.0
  0
LINE
  5
2DA
100
AcDbEntity
  8
Corners_2
 62
256
370
100
 48
1.0
  6
BYLAYER
100
AcDbLine
 10
-88.4834609535788701
 20
32.793307446860311
 30
0.0
 11
-88.4834609535788701
 21
32.0758042461445143
 31
0.0
  0
LINE
  5
2DB
100
AcDbEntity
  8
Corners_2
 62
256
370
100
 48
1.0
  6
BYLAYER
100
AcDbLine
 10
-88.4834609535788701
 20
32.0758042461445143
 30
0.0
 11
-88.4834609535788701
 21
31.7170526457866089
 31
0.0
  0
LINE
  5
2DC
100
AcDbEntity
  8
Corners_2
 62
256
370
100
 48
1.0
  6
BYLAYER
100
AcDbLine
 10
-88.4834609535788701
 20
31.7170526457866089
 30
0.0
 11
-88.6628367537578299
 21
31.3583010454287177
 31
0.0
  0
LINE
  5
2DD
100
AcDbEntity
  8
Corners_2
 62
256
370
100
 48
1.0
  6
BYLAYER
100
AcDbLine
 10
-88.6628367537578299
 20
31.3583010454287177
 30
0.0
 11
-88.6628367537578299
 21
30.9995494450708122
 31
0.0
  0
LINE
  5
2DE
100
AcDbEntity
  8
Corners_2
 62
256
370
100
 48
1.0
  6
BYLAYER
100
AcDbLine
 10
-88.6628367537578299
 20
30.9995494450708122
 30
0.0
 11
-88.6628367537578299
 21
30.8201736448918666
 31
0.0
  0
LINE
  5
2DF
100
AcDbEntity
  8
Corners_2
 62
256
370
100
 48
1.0
  6
BYLAYER
100
AcDbLine
 10
-88.6628367537578299
 20
30.8201736448918666
 30
0.0
 11
-88.6628367537578299
 21
30.640797844712921
 31
0.0
  0
LINE
  5
2E0
100
AcDbEntity
  8
Corners_2
 62
256
370
100
 48
1.0
  6
BYLAYER
100
AcDbLine
 10
-88.6628367537578299
 20
30.640797844712921
 30
0.0
 11
-88.6628367537578299
 21
30.4614220445339612
 31
0.0
  0
LINE
  5
2E1
100
AcDbEntity
  8
Corners_2
 62
256
370
100
 48
1.0
  6
BYLAYER
100
AcDbLine
 10
-88.6628367537578299
 20
30.4614220445339612
 30
0.0
 11
-88.6628367537578299
 21
30.10267044417607
 31
0.0
  0
LINE
  5
2E2
100
AcDbEntity
  8
Corners_2
 62
256
370
100
 48
1.0
  6
BYLAYER
100
AcDbLine
 10
-88.6628367537578299
 20
30.10267044417607
 30
0.0
 11
-88.6628367537578299
 21
29.7439188438181645
 31
0.0
  0
LINE
  5
2E3
100
AcDbEntity
  8
Corners_2
 62
256
370
100
 48
1.0
  6
BYLAYER
100
AcDbLine
 10
-88.6628367537578299
 20
29.7439188438181645
 30
0.0
 11
-88.6628367537578299
 21
29.5645430436392189
 31
0.0
  0
LINE
  5
2E4
100
AcDbEntity
  8
Corners_2
 62
256
370
100
 48
1.0
  6
BYLAYER
100
AcDbLine
 10
-88.6628367537578299
 20
29.5645430436392189
 30
0.0
 11
-88.6628367537578299
 21
29.3851672434602733
 31
0.0
  0
LINE
  5
2E5
100
AcDbEntity
  8
Corners_2
 62
256
370
100
 48
1.0
  6
BYLAYER
100
AcDbLine
 10
-88.6628367537578299
 20
29.3851672434602733
 30
0.0
 11
-88.6628367537578299
 21
29.0264156431023679
 31
0.0
  0
LINE
  5
2E6
100
AcDbEntity
  8
Corners_2
 62
256
370
100
 48
1.0
  6
BYLAYER
100
AcDbLine
 10
-88.6628367537578299
 20
29.0264156431023679
 30
0.0
 11
-88.6628367537578299
 21
28.6676640427444767
 31
0.0
  0
LINE
  5
2E7
100
AcDbEntity
  8
Corners_2
 62
256
370
100
 48
1.0
  6
BYLAYER
100
AcDbLine
 10
-88.6628367537578299
 20
28.6676640427444767
 30
0.0
 11
-88.6628367537578299
 21
28.3089124423865712
 31
0.0
  0
LINE
  5
2E8
100
AcDbEntity
  8
Corners_2
 62
256
370
100
 48
1.0
  6
BYLAYER
100
AcDbLine
 10
-88.6628367537578299
 20
28.3089124423865712
 30
0.0
 11
-88.6628367537578299
 21
28.1295366422076256
 31
0.0
  0
LINE
  5
2E9
100
AcDbEntity
  8
Corners_2
 62
256
370
100
 48
1.0
  6
BYLAYER
100
AcDbLine
 10
-88.6628367537578299
 20
28.1295366422076256
 30
0.0
 11
-88.6628367537578299
 21
27.95016084202868
 31
0.0
  0
LINE
  5
2EA
100
AcDbEntity
  8
Corners_2
 62
256
370
100
 48
1.0
  6
BYLAYER
100
AcDbLine
 10
-88.6628367537578299
 20
27.95016084202868
 30
0.0
 11
-88.6628367537578299
 21
27.7707850418497202
 31
0.0
  0
LINE
  5
2EB
100
AcDbEntity
  8
Corners_2
 62
256
370
100
 48
1.0
  6
BYLAYER
100
AcDbLine
 10
-88.6628367537578299
 20
27.7707850418497202
 30
0.0
 11
-88.6628367537578299
 21
27.5914092416707746
 31
0.0
  0
LINE
  5
2EC
100
AcDbEntity
  8
Corners_2
 62
256
370
100
 48
1.0
  6
BYLAYER
100
AcDbLine
 10
-88.6628367537578299
 20
27.5914092416707746
 30
0.0
 11
-88.6628367537578299
 21
27.2326576413128834
 31
0.0
  0
LINE
  5
2ED
100
AcDbEntity
  8
Corners_2
 62
256
370
100
 48
1.0
  6
BYLAYER
100
AcDbLine
 10
-88.6628367537578299
 20
27.2326576413128834
 30
0.0
 11
-88.6628367537578299
 21
27.0532818411339235
 31
0.0
  0
LINE
  5
2EE
100
AcDbEntity
  8
Corners_2
 62
256
370
100
 48
1.0
  6
BYLAYER
100
AcDbLine
 10
-88.6628367537578299
 20
27.0532818411339235
 30
0.0
 11
-88.6628367537578299
 21
26.8739060409549779
 31
0.0
  0
LINE
  5
2EF
100
AcDbEntity
  8
Corners_2
 62
256
370
100
 48
1.0
  6
BYLAYER
100
AcDbLine
 10
-88.6628367537578299
 20
26.8739060409549779
 30
0.0
 11
-88.6628367537578299
 21
26.6945302407760323
 31
0.0
  0
LINE
  5
2F0
100
AcDbEntity
  8
Corners_2
 62
256
370
100
 48
1.0
  6
BYLAYER
100
AcDbLine
 10
-88.6628367537578299
 20
26.6945302407760323
 30
0.0
 11
-88.6628367537578299
 21
26.5151544405970867
 31
0.0
  0
LINE
  5
2F1
100
AcDbEntity
  8
Corners_2
 62
256
370
100
 48
1.0
  6
BYLAYER
100
AcDbLine
 10
-88.6628367537578299
 20
26.5151544405970867
 30
0.0
 11
-88.6628367537578299
 21
26.3357786404181269
 31
0.0
  0
LINE
  5
2F2
100
AcDbEntity
  8
Corners_2
 62
256
370
100
 48
1.0
  6
BYLAYER
100
AcDbLine
 10
-88.6628367537578299
 20
26.3357786404181269
 30
0.0
 11
-88.6628367537578299
 21
26.1564028402391813
 31
0.0
  0
LINE
  5
2F3
100
AcDbEntity
  8
Corners_2
 62
256
370
100
 48
1.0
  6
BYLAYER
100
AcDbLine
 10
-88.6628367537578299
 20
26.1564028402391813
 30
0.0
 11
-88.6628367537578299
 21
25.9770270400602357
 31
0.0
  0
LINE
  5
2F4
100
AcDbEntity
  8
Corners_2
 62
256
370
100
 48
1.0
  6
BYLAYER
100
AcDbLine
 10
-88.6628367537578299
 20
25.9770270400602357
 30
0.0
 11
-88.6628367537578299
 21
25.4388996395233846
 31
0.0
  0
LINE
  5
2F5
100
AcDbEntity
  8
Corners_2
 62
256
370
100
 48
1.0
  6
BYLAYER
100
AcDbLine
 10
-88.6628367537578299
 20
25.4388996395233846
 30
0.0
 11
-88.6628367537578299
 21
25.0801480391654934
 31
0.0
  0
LINE
  5
2F6
100
AcDbEntity
  8
Corners_2
 62
256
370
100
 48
1.0
  6
BYLAYER
100
AcDbLine
 10
-88.6628367537578299
 20
25.0801480391654934
 30
0.0
 11
-88.4834609535788701
 21
24.721396438807588
 31
0.0
  0
LINE
  5
2F7
100
AcDbEntity
  8
Corners_2
 62
256
370
100
 48
1.0
  6
BYLAYER
100
AcDbLine
 10
-88.4834609535788701
 20
24.721396438807588
 30
0.0
 11
-88.4834609535788701
 21
24.3626448384496967
 31
0.0
  0
LINE
  5
2F8
100
AcDbEntity
  8
Corners_2
 62
256
370
100
 48
1.0
  6
BYLAYER
100
AcDbLine
 10
-88.4834609535788701
 20
24.3626448384496967
 30
0.0
 11
-88.4834609535788701
 21
24.0038932380917913
 31
0.0
  0
LINE
  5
2F9
100
AcDbEntity
  8
Corners_2
 62
256
370
100
 48
1.0
  6
BYLAYER
100
AcDbLine
 10
-88.4834609535788701
 20
24.0038932380917913
 30
0.0
 11
-88.4834609535788701
 21
23.8245174379128457
 31
0.0
  0
LINE
  5
2FA
100
AcDbEntity
  8
Corners_2
 62
256
370
100
 48
1.0
  6
BYLAYER
100
AcDbLine
 10
-88.4834609535788701
 20
23.8245174379128457
 30
0.0
 11
-88.4834609535788701
 21
23.6451416377339001
 31
0.0
  0
LINE
  5
2FB
100
AcDbEntity
  8
Corners_2
 62
256
370
100
 48
1.0
  6
BYLAYER
100
AcDbLine
 10
-88.4834609535788701
 20
23.6451416377339001
 30
0.0
 11
-88.4834609535788701
 21
23.4657658375549403
 31
0.0
  0
LINE
  5
2FC
100
AcDbEntity
  8
Corners_2
 62
256
370
100
 48
1.0
  6
BYLAYER
100
AcDbLine
 10
-88.4834609535788701
 20
23.4657658375549403
 30
0.0
 11
-88.4834609535788701
 21
23.2863900373759947
 31
0.0
  0
LINE
  5
2FD
100
AcDbEntity
  8
Corners_2
 62
256
370
100
 48
1.0
  6
BYLAYER
100
AcDbLine
 10
-88.4834609535788701
 20
23.2863900373759947
 30
0.0
 11
-88.4834609535788701
 21
23.1070142371970491
 31
0.0
  0
LINE
  5
2FE
100
AcDbEntity
  8
Corners_2
 62
256
370
100
 48
1.0
  6
BYLAYER
100
AcDbLine
 10
-88.4834609535788701
 20
23.1070142371970491
 30
0.0
 11
-88.4834609535788701
 21
22.9276384370181034
 31
0.0
  0
LINE
  5
2FF
100
AcDbEntity
  8
Corners_2
 62
256
370
100
 48
1.0
  6
BYLAYER
100
AcDbLine
 10
-88.4834609535788701
 20
22.9276384370181034
 30
0.0
 11
-88.4834609535788701
 21
22.7482626368391436
 31
0.0
  0
LINE
  5
300
100
AcDbEntity
  8
Corners_2
 62
256
370
100
 48
1.0
  6
BYLAYER
100
AcDbLine
 10
-88.4834609535788701
 20
22.7482626368391436
 30
0.0
 11
-88.4834609535788701
 21
22.568886836660198
 31
0.0
  0
LINE
  5
301
100
AcDbEntity
  8
Corners_2
 62
256
370
100
 48
1.0
  6
BYLAYER
100
AcDbLine
 10
-88.8422125539367755
 20
18.7206873246784795
 30
0.0
 11
-88.8422125539367755
 21
18.3619357243205883
 31
0.0
  0
LINE
  5
302
100
AcDbEntity
  8
Corners_2
 62
256
370
100
 48
1.0
  6
BYLAYER
100
AcDbLine
 10
-88.8422125539367755
 20
18.3619357243205883
 30
0.0
 11
-88.8422125539367755
 21
17.8238083237837373
 31
0.0
  0
LINE
  5
303
100
AcDbEntity
  8
Corners_2
 62
256
370
100
 48
1.0
  6
BYLAYER
100
AcDbLine
 10
-88.8422125539367755
 20
17.8238083237837373
 30
0.0
 11
-88.8422125539367755
 21
17.6444325236047916
 31
0.0
  0
LINE
  5
304
100
AcDbEntity
  8
Corners_2
 62
256
370
100
 48
1.0
  6
BYLAYER
100
AcDbLine
 10
-88.8422125539367755
 20
17.6444325236047916
 30
0.0
 11
-88.8422125539367755
 21
17.1063051230679406
 31
0.0
  0
LINE
  5
305
100
AcDbEntity
  8
Corners_2
 62
256
370
100
 48
1.0
  6
BYLAYER
100
AcDbLine
 10
-88.8422125539367755
 20
17.1063051230679406
 30
0.0
 11
-88.8422125539367755
 21
16.7475535227100352
 31
0.0
  0
LINE
  5
306
100
AcDbEntity
  8
Corners_2
 62
256
370
100
 48
1.0
  6
BYLAYER
100
AcDbLine
 10
-88.8422125539367755
 20
16.7475535227100352
 30
0.0
 11
-88.8422125539367755
 21
16.5681777225310896
 31
0.0
  0
LINE
  5
307
100
AcDbEntity
  8
Corners_2
 62
256
370
100
 48
1.0
  6
BYLAYER
100
AcDbLine
 10
-88.8422125539367755
 20
16.5681777225310896
 30
0.0
 11
-88.6628367537578299
 21
16.0300503219942385
 31
0.0
  0
LINE
  5
308
100
AcDbEntity
  8
Corners_2
 62
256
370
100
 48
1.0
  6
BYLAYER
100
AcDbLine
 10
-88.6628367537578299
 20
16.0300503219942385
 30
0.0
 11
-88.6628367537578299
 21
15.8506745218152929
 31
0.0
  0
LINE
  5
309
100
AcDbEntity
  8
Corners_2
 62
256
370
100
 48
1.0
  6
BYLAYER
100
AcDbLine
 10
-88.6628367537578299
 20
15.8506745218152929
 30
0.0
 11
-88.6628367537578299
 21
15.3125471212784419
 31
0.0
  0
LINE
  5
30A
100
AcDbEntity
  8
Corners_2
 62
256
370
100
 48
1.0
  6
BYLAYER
100
AcDbLine
 10
-88.6628367537578299
 20
15.3125471212784419
 30
0.0
 11
-88.6628367537578299
 21
15.1331713210994963
 31
0.0
  0
LINE
  5
30B
100
AcDbEntity
  8
Corners_2
 62
256
370
100
 48
1.0
  6
BYLAYER
100
AcDbLine
 10
-88.6628367537578299
 20
15.1331713210994963
 30
0.0
 11
-88.6628367537578299
 21
14.7744197207415908
 31
0.0
  0
LINE
  5
30C
100
AcDbEntity
  8
Corners_2
 62
256
370
100
 48
1.0
  6
BYLAYER
100
AcDbLine
 10
-88.6628367537578299
 20
14.7744197207415908
 30
0.0
 11
-88.4834609535788701
 21
14.5950439205626452
 31
0.0
  0
LINE
  5
30D
100
AcDbEntity
  8
Corners_2
 62
256
370
100
 48
1.0
  6
BYLAYER
100
AcDbLine
 10
-88.4834609535788701
 20
14.5950439205626452
 30
0.0
 11
-88.4834609535788701
 21
13.8775407198468486
 31
0.0
  0
LINE
  5
30E
100
AcDbEntity
  8
Corners_2
 62
256
370
100
 48
1.0
  6
BYLAYER
100
AcDbLine
 10
-88.4834609535788701
 20
13.8775407198468486
 30
0.0
 11
-88.4834609535788701
 21
13.5187891194889573
 31
0.0
  0
LINE
  5
30F
100
AcDbEntity
  8
Corners_2
 62
256
370
100
 48
1.0
  6
BYLAYER
100
AcDbLine
 10
-88.4834609535788701
 20
13.5187891194889573
 30
0.0
 11
-88.4834609535788701
 21
12.9806617189521063
 31
0.0
  0
LINE
  5
310
100
AcDbEntity
  8
Corners_2
 62
256
370
100
 48
1.0
  6
BYLAYER
100
AcDbLine
 10
-88.4834609535788701
 20
12.9806617189521063
 30
0.0
 11
-88.4834609535788701
 21
12.8012859187731607
 31
0.0
  0
LINE
  5
311
100
AcDbEntity
  8
Corners_2
 62
256
370
100
 48
1.0
  6
BYLAYER
100
AcDbLine
 10
-88.4834609535788701
 20
12.8012859187731607
 30
0.0
 11
-88.4834609535788701
 21
12.6219101185942009
 31
0.0
  0
LINE
  5
312
100
AcDbEntity
  8
Corners_2
 62
256
370
100
 48
1.0
  6
BYLAYER
100
AcDbLine
 10
-88.4834609535788701
 20
12.6219101185942009
 30
0.0
 11
-88.4834609535788701
 21
12.2631585182363096
 31
0.0
  0
LINE
  5
313
100
AcDbEntity
  8
Corners_2
 62
256
370
100
 48
1.0
  6
BYLAYER
100
AcDbLine
 10
-88.4834609535788701
 20
12.2631585182363096
 30
0.0
 11
-88.6628367537578299
 21
11.7250311176994586
 31
0.0
  0
LINE
  5
314
100
AcDbEntity
  8
Corners_2
 62
256
370
100
 48
1.0
  6
BYLAYER
100
AcDbLine
 10
-88.6628367537578299
 20
11.7250311176994586
 30
0.0
 11
-88.6628367537578299
 21
11.3662795173415532
 31
0.0
  0
LINE
  5
315
100
AcDbEntity
  8
Corners_2
 62
256
370
100
 48
1.0
  6
BYLAYER
100
AcDbLine
 10
-88.6628367537578299
 20
11.3662795173415532
 30
0.0
 11
-88.6628367537578299
 21
10.8281521168047163
 31
0.0
  0
LINE
  5
316
100
AcDbEntity
  8
Corners_2
 62
256
370
100
 48
1.0
  6
BYLAYER
100
AcDbLine
 10
-88.6628367537578299
 20
10.8281521168047163
 30
0.0
 11
-88.6628367537578299
 21
10.6487763166257565
 31
0.0
  0
LINE
  5
317
100
AcDbEntity
  8
Corners_2
 62
256
370
100
 48
1.0
  6
BYLAYER
100
AcDbLine
 10
-88.6628367537578299
 20
10.6487763166257565
 30
0.0
 11
-88.6628367537578299
 21
10.2900247162678653
 31
0.0
  0
LINE
  5
318
100
AcDbEntity
  8
Corners_2
 62
256
370
100
 48
1.0
  6
BYLAYER
100
AcDbLine
 10
-88.6628367537578299
 20
10.2900247162678653
 30
0.0
 11
-88.6628367537578299
 21
10.1106489160889197
 31
0.0
  0
LINE
  5
319
100
AcDbEntity
  8
Corners_2
 62
256
370
100
 48
1.0
  6
BYLAYER
100
AcDbLine
 10
-88.6628367537578299
 20
10.1106489160889197
 30
0.0
 11
-88.6628367537578299
 21
9.7518973157310143
 31
0.0
  0
LINE
  5
31A
100
AcDbEntity
  8
Corners_2
 62
256
370
100
 48
1.0
  6
BYLAYER
100
AcDbLine
 10
-88.6628367537578299
 20
9.7518973157310143
 30
0.0
 11
-88.6628367537578299
 21
9.393145715373123
 31
0.0
  0
LINE
  5
31B
100
AcDbEntity
  8
Corners_2
 62
256
370
100
 48
1.0
  6
BYLAYER
100
AcDbLine
 10
-88.6628367537578299
 20
9.393145715373123
 30
0.0
 11
-88.6628367537578299
 21
9.2137699151941632
 31
0.0
  0
LINE
  5
31C
100
AcDbEntity
  8
Corners_2
 62
256
370
100
 48
1.0
  6
BYLAYER
100
AcDbLine
 10
-88.6628367537578299
 20
9.2137699151941632
 30
0.0
 11
-88.6628367537578299
 21
8.4962667144783666
 31
0.0
  0
LINE
  5
31D
100
AcDbEntity
  8
Corners_2
 62
256
370
100
 48
1.0
  6
BYLAYER
100
AcDbLine
 10
-88.6628367537578299
 20
8.4962667144783666
 30
0.0
 11
-88.6628367537578299
 21
8.316890914299421
 31
0.0
  0
LINE
  5
31E
100
AcDbEntity
  8
Corners_2
 62
256
370
100
 48
1.0
  6
BYLAYER
100
AcDbLine
 10
-88.6628367537578299
 20
8.316890914299421
 30
0.0
 11
-88.6628367537578299
 21
7.9581393139415297
 31
0.0
  0
LINE
  5
31F
100
AcDbEntity
  8
Corners_2
 62
256
370
100
 48
1.0
  6
BYLAYER
100
AcDbLine
 10
-88.6628367537578299
 20
7.9581393139415297
 30
0.0
 11
-88.6628367537578299
 21
7.7787635137625699
 31
0.0
  0
LINE
  5
320
100
AcDbEntity
  8
Corners_2
 62
256
370
100
 48
1.0
  6
BYLAYER
100
AcDbLine
 10
-88.6628367537578299
 20
7.7787635137625699
 30
0.0
 11
-88.6628367537578299
 21
7.5993877135836243
 31
0.0
  0
LINE
  5
321
100
AcDbEntity
  8
Corners_2
 62
256
370
100
 48
1.0
  6
BYLAYER
100
AcDbLine
 10
-88.6628367537578299
 20
7.5993877135836243
 30
0.0
 11
-88.6628367537578299
 21
7.2406361132257331
 31
0.0
  0
LINE
  5
322
100
AcDbEntity
  8
Corners_2
 62
256
370
100
 48
1.0
  6
BYLAYER
100
AcDbLine
 10
-88.6628367537578299
 20
7.2406361132257331
 30
0.0
 11
-88.6628367537578299
 21
6.8818845128678277
 31
0.0
  0
LINE
  5
323
100
AcDbEntity
  8
Corners_2
 62
256
370
100
 48
1.0
  6
BYLAYER
100
AcDbLine
 10
-88.6628367537578299
 20
6.8818845128678277
 30
0.0
 11
-88.6628367537578299
 21
6.702508712688882
 31
0.0
  0
LINE
  5
324
100
AcDbEntity
  8
Corners_2
 62
256
370
100
 48
1.0
  6
BYLAYER
100
AcDbLine
 10
-88.6628367537578299
 20
6.702508712688882
 30
0.0
 11
-88.6628367537578299
 21
6.5231329125099364
 31
0.0
  0
LINE
  5
325
100
AcDbEntity
  8
Corners_2
 62
256
370
100
 48
1.0
  6
BYLAYER
100
AcDbLine
 10
-88.6628367537578299
 20
6.5231329125099364
 30
0.0
 11
-88.6628367537578299
 21
6.3437571123309766
 31
0.0
  0
LINE
  5
326
100
AcDbEntity
  8
Corners_2
 62
256
370
100
 48
1.0
  6
BYLAYER
100
AcDbLine
 10
-88.6628367537578299
 20
6.3437571123309766
 30
0.0
 11
-88.6628367537578299
 21
5.8056297117941398
 31
0.0
  0
LINE
  5
327
100
AcDbEntity
  8
Corners_2
 62
256
370
100
 48
1.0
  6
BYLAYER
100
AcDbLine
 10
-88.6628367537578299
 20
5.8056297117941398
 30
0.0
 11
-88.6628367537578299
 21
5.62625391161518
 31
0.0
  0
LINE
  5
328
100
AcDbEntity
  8
Corners_2
 62
256
370
100
 48
1.0
  6
BYLAYER
100
AcDbLine
 10
-88.6628367537578299
 20
5.62625391161518
 30
0.0
 11
-88.6628367537578299
 21
5.2675023112572887
 31
0.0
  0
LINE
  5
329
100
AcDbEntity
  8
Corners_2
 62
256
370
100
 48
1.0
  6
BYLAYER
100
AcDbLine
 10
-88.6628367537578299
 20
5.2675023112572887
 30
0.0
 11
-88.6628367537578299
 21
4.7293749107204377
 31
0.0
  0
LINE
  5
32A
100
AcDbEntity
  8
Corners_2
 62
256
370
100
 48
1.0
  6
BYLAYER
100
AcDbLine
 10
-88.6628367537578299
 20
4.7293749107204377
 30
0.0
 11
-88.6628367537578299
 21
4.3706233103625465
 31
0.0
  0
LINE
  5
32B
100
AcDbEntity
  8
Corners_2
 62
256
370
100
 48
1.0
  6
BYLAYER
100
AcDbLine
 10
-88.6628367537578299
 20
4.3706233103625465
 30
0.0
 11
-88.6628367537578299
 21
3.8324959098256954
 31
0.0
  0
LINE
  5
32C
100
AcDbEntity
  8
Corners_2
 62
256
370
100
 48
1.0
  6
BYLAYER
100
AcDbLine
 10
-88.6628367537578299
 20
3.8324959098256954
 30
0.0
 11
-88.6628367537578299
 21
3.2943685092888444
 31
0.0
  0
LINE
  5
32D
100
AcDbEntity
  8
Corners_2
 62
256
370
100
 48
1.0
  6
BYLAYER
100
AcDbLine
 10
-88.6628367537578299
 20
3.2943685092888444
 30
0.0
 11
-88.6628367537578299
 21
3.1149927091098988
 31
0.0
  0
LINE
  5
32E
100
AcDbEntity
  8
Corners_2
 62
256
370
100
 48
1.0
  6
BYLAYER
100
AcDbLine
 10
-88.6628367537578299
 20
3.1149927091098988
 30
0.0
 11
-88.6628367537578299
 21
2.7562411087519934
 31
0.0
  0
LINE
  5
32F
100
AcDbEntity
  8
Corners_2
 62
256
370
100
 48
1.0
  6
BYLAYER
100
AcDbLine
 10
-88.6628367537578299
 20
2.7562411087519934
 30
0.0
 11
-88.6628367537578299
 21
2.5768653085730477
 31
0.0
  0
LINE
  5
330
100
AcDbEntity
  8
Corners_2
 62
256
370
100
 48
1.0
  6
BYLAYER
100
AcDbLine
 10
-88.6628367537578299
 20
2.5768653085730477
 30
0.0
 11
-88.6628367537578299
 21
2.3974895083941021
 31
0.0
  0
LINE
  5
331
100
AcDbEntity
  8
Corners_2
 62
256
370
100
 48
1.0
  6
BYLAYER
100
AcDbLine
 10
-88.6628367537578299
 20
2.3974895083941021
 30
0.0
 11
-88.6628367537578299
 21
2.2181137082151423
 31
0.0
  0
LINE
  5
332
100
AcDbEntity
  8
Corners_2
 62
256
370
100
 48
1.0
  6
BYLAYER
100
AcDbLine
 10
-88.6628367537578299
 20
2.2181137082151423
 30
0.0
 11
-88.6628367537578299
 21
1.8593621078572511
 31
0.0
  0
LINE
  5
333
100
AcDbEntity
  8
Corners_2
 62
256
370
100
 48
1.0
  6
BYLAYER
100
AcDbLine
 10
-88.6628367537578299
 20
1.8593621078572511
 30
0.0
 11
-88.6628367537578299
 21
1.6799863076783055
 31
0.0
  0
LINE
  5
334
100
AcDbEntity
  8
Corners_2
 62
256
370
100
 48
1.0
  6
BYLAYER
100
AcDbLine
 10
-88.6628367537578299
 20
1.6799863076783055
 30
0.0
 11
-88.6628367537578299
 21
1.1418589071414544
 31
0.0
  0
LINE
  5
335
100
AcDbEntity
  8
Corners_2
 62
256
370
100
 48
1.0
  6
BYLAYER
100
AcDbLine
 10
-88.6628367537578299
 20
1.1418589071414544
 30
0.0
 11
-88.6628367537578299
 21
0.783107306783549
 31
0.0
  0
LINE
  5
336
100
AcDbEntity
  8
Corners_2
 62
256
370
100
 48
1.0
  6
BYLAYER
100
AcDbLine
 10
-88.6628367537578299
 20
0.783107306783549
 30
0.0
 11
-88.6628367537578299
 21
0.4243557064256578
 31
0.0
  0
LINE
  5
337
100
AcDbEntity
  8
Corners_2
 62
256
370
100
 48
1.0
  6
BYLAYER
100
AcDbLine
 10
-88.6628367537578299
 20
0.4243557064256578
 30
0.0
 11
-88.6628367537578299
 21
0.0656041060677524
 31
0.0
  0
LINE
  5
338
100
AcDbEntity
  8
Corners_2
 62
256
370
100
 48
1.0
  6
BYLAYER
100
AcDbLine
 10
-88.6628367537578299
 20
0.0656041060677524
 30
0.0
 11
-88.4834609535788701
 21
-0.6518990946480443
 31
0.0
  0
LINE
  5
339
100
AcDbEntity
  8
Corners_2
 62
256
370
100
 48
1.0
  6
BYLAYER
100
AcDbLine
 10
-88.4834609535788701
 20
-0.6518990946480443
 30
0.0
 11
-88.4834609535788701
 21
-0.8312748948269899
 31
0.0
  0
LINE
  5
33A
100
AcDbEntity
  8
Corners_2
 62
256
370
100
 48
1.0
  6
BYLAYER
100
AcDbLine
 10
-88.4834609535788701
 20
-0.8312748948269899
 30
0.0
 11
-88.4834609535788701
 21
-1.1900264951848811
 31
0.0
  0
LINE
  5
33B
100
AcDbEntity
  8
Corners_2
 62
256
370
100
 48
1.0
  6
BYLAYER
100
AcDbLine
 10
-88.4834609535788701
 20
-1.1900264951848811
 30
0.0
 11
-88.4834609535788701
 21
-1.7281538957217322
 31
0.0
  0
LINE
  5
33C
100
AcDbEntity
  8
Corners_2
 62
256
370
100
 48
1.0
  6
BYLAYER
100
AcDbLine
 10
-88.4834609535788701
 20
-1.7281538957217322
 30
0.0
 11
-88.4834609535788701
 21
-1.9075296959006778
 31
0.0
  0
LINE
  5
33D
100
AcDbEntity
  8
Corners_2
 62
256
370
100
 48
1.0
  6
BYLAYER
100
AcDbLine
 10
-88.4834609535788701
 20
-1.9075296959006778
 30
0.0
 11
-88.4834609535788701
 21
-2.2662812962585832
 31
0.0
  0
LINE
  5
33E
100
AcDbEntity
  8
Corners_2
 62
256
370
100
 48
1.0
  6
BYLAYER
100
AcDbLine
 10
-88.4834609535788701
 20
-2.2662812962585832
 30
0.0
 11
-88.4834609535788701
 21
-2.4456570964375288
 31
0.0
  0
LINE
  5
33F
100
AcDbEntity
  8
Corners_2
 62
256
370
100
 48
1.0
  6
BYLAYER
100
AcDbLine
 10
-88.4834609535788701
 20
-2.4456570964375288
 30
0.0
 11
-88.4834609535788701
 21
-2.8044086967954343
 31
0.0
  0
LINE
  5
340
100
AcDbEntity
  8
Corners_2
 62
256
370
100
 48
1.0
  6
BYLAYER
100
AcDbLine
 10
-88.4834609535788701
 20
-2.8044086967954343
 30
0.0
 11
-88.4834609535788701
 21
-2.9837844969743799
 31
0.0
  0
LINE
  5
341
100
AcDbEntity
  8
Corners_2
 62
256
370
100
 48
1.0
  6
BYLAYER
100
AcDbLine
 10
-88.4834609535788701
 20
-2.9837844969743799
 30
0.0
 11
-88.4834609535788701
 21
-3.5219118975112309
 31
0.0
  0
LINE
  5
342
100
AcDbEntity
  8
Corners_2
 62
256
370
100
 48
1.0
  6
BYLAYER
100
AcDbLine
 10
-88.4834609535788701
 20
-3.5219118975112309
 30
0.0
 11
-88.4834609535788701
 21
-3.8806634978691221
 31
0.0
  0
LINE
  5
343
100
AcDbEntity
  8
Corners_2
 62
256
370
100
 48
1.0
  6
BYLAYER
100
AcDbLine
 10
-88.4834609535788701
 20
-3.8806634978691221
 30
0.0
 11
-88.6628367537578299
 21
-4.2394150982270276
 31
0.0
  0
LINE
  5
344
100
AcDbEntity
  8
Corners_2
 62
256
370
100
 48
1.0
  6
BYLAYER
100
AcDbLine
 10
-88.6628367537578299
 20
-4.2394150982270276
 30
0.0
 11
-88.6628367537578299
 21
-4.4187908984059732
 31
0.0
  0
LINE
  5
345
100
AcDbEntity
  8
Corners_2
 62
256
370
100
 48
1.0
  6
BYLAYER
100
AcDbLine
 10
-88.6628367537578299
 20
-4.4187908984059732
 30
0.0
 11
-88.6628367537578299
 21
-4.7775424987638786
 31
0.0
  0
LINE
  5
346
100
AcDbEntity
  8
Corners_2
 62
256
370
100
 48
1.0
  6
BYLAYER
100
AcDbLine
 10
-88.6628367537578299
 20
-4.7775424987638786
 30
0.0
 11
-88.6628367537578299
 21
-4.9569182989428242
 31
0.0
  0
LINE
  5
347
100
AcDbEntity
  8
Corners_2
 62
256
370
100
 48
1.0
  6
BYLAYER
100
AcDbLine
 10
-88.6628367537578299
 20
-4.9569182989428242
 30
0.0
 11
-88.6628367537578299
 21
-5.4950456994796752
 31
0.0
  0
LINE
  5
348
100
AcDbEntity
  8
Corners_2
 62
256
370
100
 48
1.0
  6
BYLAYER
100
AcDbLine
 10
-88.6628367537578299
 20
-5.4950456994796752
 30
0.0
 11
-88.6628367537578299
 21
-5.8537972998375665
 31
0.0
  0
LINE
  5
349
100
AcDbEntity
  8
Corners_2
 62
256
370
100
 48
1.0
  6
BYLAYER
100
AcDbLine
 10
-88.6628367537578299
 20
-5.8537972998375665
 30
0.0
 11
-88.6628367537578299
 21
-6.3919247003744175
 31
0.0
  0
LINE
  5
34A
100
AcDbEntity
  8
Corners_2
 62
256
370
100
 48
1.0
  6
BYLAYER
100
AcDbLine
 10
-88.6628367537578299
 20
-6.3919247003744175
 30
0.0
 11
-88.6628367537578299
 21
-6.5713005005533631
 31
0.0
  0
LINE
  5
34B
100
AcDbEntity
  8
Corners_2
 62
256
370
100
 48
1.0
  6
BYLAYER
100
AcDbLine
 10
-88.6628367537578299
 20
-6.5713005005533631
 30
0.0
 11
-88.6628367537578299
 21
-7.1094279010902142
 31
0.0
  0
LINE
  5
34C
100
AcDbEntity
  8
Corners_2
 62
256
370
100
 48
1.0
  6
BYLAYER
100
AcDbLine
 10
-88.6628367537578299
 20
-7.1094279010902142
 30
0.0
 11
-88.6628367537578299
 21
-7.4681795014481054
 31
0.0
  0
LINE
  5
34D
100
AcDbEntity
  8
Corners_2
 62
256
370
100
 48
1.0
  6
BYLAYER
100
AcDbLine
 10
-88.6628367537578299
 20
-7.4681795014481054
 30
0.0
 11
-88.6628367537578299
 21
-7.8269311018060108
 31
0.0
  0
LINE
  5
34E
100
AcDbEntity
  8
Corners_2
 62
256
370
100
 48
1.0
  6
BYLAYER
100
AcDbLine
 10
-88.6628367537578299
 20
-7.8269311018060108
 30
0.0
 11
-88.6628367537578299
 21
-8.0063069019849564
 31
0.0
  0
LINE
  5
34F
100
AcDbEntity
  8
Corners_2
 62
256
370
100
 48
1.0
  6
BYLAYER
100
AcDbLine
 10
-88.6628367537578299
 20
-8.0063069019849564
 30
0.0
 11
-88.8422125539367755
 21
-8.0063069019849564
 31
0.0
  0
LINE
  5
350
100
AcDbEntity
  8
Corners_2
 62
256
370
100
 48
1.0
  6
BYLAYER
100
AcDbLine
 10
-88.8422125539367755
 20
-8.0063069019849564
 30
0.0
 11
-88.8422125539367755
 21
-8.185682702163902
 31
0.0
  0
LEADER
  5
351
100
AcDbEntity
  8
Corners_2
 62
256
370
-1
 48
1.0
  6
BYLAYER
100
AcDbLeader
  3
Standard
 71
1
 72
0
 73
3
 74
0
 75
0
 40
1.0
 41
10.0
 76
3
 10
-88.0
 20
28.879409503034239
 10
-78.0
 20
37.879409503034239
 10
-75.0
 20
37.879409503034239
1001
ACAD
1000
DSTYLE
1002
{
1070
40
1040
1.0
1002
}
  0
MTEXT
  5
352
100
AcDbEntity
  8
Corners_2
 62
256
370
-1
 48
1.0
  6
BYLAYER
100
AcDbMText
 10
-73.3093421224181867
 20
39.3745858250684933
 30
0.0
 40
3.0
 41
0.0
 71
1
 72
1
  1
Caulk
  7
textstyle11
 50
0.0
 73
2
 44
1.0
  0
LINE
  5
353
100
AcDbEntity
  8
Corners_2
 62
256
370
100
 48
1.0
  6
BYLAYER
100
AcDbLine
 10
-84.1758027509576578
 20
48.6275923773075505
 30
0.0
 11
-84.1556845612602729
 21
48.6074741876101655
 31
0.0
  0
LINE
  5
354
100
AcDbEntity
  8
Corners_2
 62
256
370
100
 48
1.0
  6
BYLAYER
100
AcDbLine
 10
-84.1556845612602729
 20
48.6074741876101655
 30
0.0
 11
-84.1355663715628879
 21
48.6074741876101655
 31
0.0
  0
LINE
  5
355
100
AcDbEntity
  8
Corners_2
 62
256
370
100
 48
1.0
  6
BYLAYER
100
AcDbLine
 10
-84.1355663715628879
 20
48.6074741876101655
 30
0.0
 11
-84.1154481818655029
 21
48.6074741876101655
 31
0.0
  0
LINE
  5
356
100
AcDbEntity
  8
Corners_2
 62
256
370
100
 48
1.0
  6
BYLAYER
100
AcDbLine
 10
-84.1154481818655029
 20
48.6074741876101655
 30
0.0
 11
-84.0752118024707329
 21
48.6074741876101655
 31
0.0
  0
LINE
  5
357
100
AcDbEntity
  8
Corners_2
 62
256
370
100
 48
1.0
  6
BYLAYER
100
AcDbLine
 10
-84.0752118024707329
 20
48.6074741876101655
 30
0.0
 11
-84.0148572333785779
 21
48.6074741876101655
 31
0.0
  0
LINE
  5
358
100
AcDbEntity
  8
Corners_2
 62
256
370
100
 48
1.0
  6
BYLAYER
100
AcDbLine
 10
-84.0148572333785779
 20
48.6074741876101655
 30
0.0
 11
-83.914266284891653
 21
48.6074741876101655
 31
0.0
  0
LINE
  5
359
100
AcDbEntity
  8
Corners_2
 62
256
370
100
 48
1.0
  6
BYLAYER
100
AcDbLine
 10
-83.914266284891653
 20
48.6074741876101655
 30
0.0
 11
-83.833793526102113
 21
48.6074741876101655
 31
0.0
  0
LINE
  5
35A
100
AcDbEntity
  8
Corners_2
 62
256
370
100
 48
1.0
  6
BYLAYER
100
AcDbLine
 10
-83.833793526102113
 20
48.6074741876101655
 30
0.0
 11
-83.7533207673125872
 21
48.6074741876101655
 31
0.0
  0
LINE
  5
35B
100
AcDbEntity
  8
Corners_2
 62
256
370
100
 48
1.0
  6
BYLAYER
100
AcDbLine
 10
-83.7533207673125872
 20
48.6074741876101655
 30
0.0
 11
-83.7130843879178173
 21
48.6275923773075505
 31
0.0
  0
LINE
  5
35C
100
AcDbEntity
  8
Corners_2
 62
256
370
100
 48
1.0
  6
BYLAYER
100
AcDbLine
 10
-83.7130843879178173
 20
48.6275923773075505
 30
0.0
 11
-83.6326116291282773
 21
48.6477105670049355
 31
0.0
  0
LINE
  5
35D
100
AcDbEntity
  8
Corners_2
 62
256
370
100
 48
1.0
  6
BYLAYER
100
AcDbLine
 10
-83.6326116291282773
 20
48.6477105670049355
 30
0.0
 11
-83.5722570600361223
 21
48.6477105670049355
 31
0.0
  0
LINE
  5
35E
100
AcDbEntity
  8
Corners_2
 62
256
370
100
 48
1.0
  6
BYLAYER
100
AcDbLine
 10
-83.5722570600361223
 20
48.6477105670049355
 30
0.0
 11
-83.5119024909439673
 21
48.6678287567023204
 31
0.0
  0
LINE
  5
35F
100
AcDbEntity
  8
Corners_2
 62
256
370
100
 48
1.0
  6
BYLAYER
100
AcDbLine
 10
-83.5119024909439673
 20
48.6678287567023204
 30
0.0
 11
-83.3710751630622724
 21
48.6678287567023204
 31
0.0
  0
LINE
  5
360
100
AcDbEntity
  8
Corners_2
 62
256
370
100
 48
1.0
  6
BYLAYER
100
AcDbLine
 10
-83.3710751630622724
 20
48.6678287567023204
 30
0.0
 11
-83.3107205939701174
 21
48.6678287567023204
 31
0.0
  0
LINE
  5
361
100
AcDbEntity
  8
Corners_2
 62
256
370
100
 48
1.0
  6
BYLAYER
100
AcDbLine
 10
-83.3107205939701174
 20
48.6678287567023204
 30
0.0
 11
-83.2906024042727324
 21
48.6678287567023204
 31
0.0
  0
LINE
  5
362
100
AcDbEntity
  8
Corners_2
 62
256
370
100
 48
1.0
  6
BYLAYER
100
AcDbLine
 10
-83.2906024042727324
 20
48.6678287567023204
 30
0.0
 11
-83.2503660248779624
 21
48.6678287567023204
 31
0.0
  0
LINE
  5
363
100
AcDbEntity
  8
Corners_2
 62
256
370
100
 48
1.0
  6
BYLAYER
100
AcDbLine
 10
-83.2503660248779624
 20
48.6678287567023204
 30
0.0
 11
-83.1900114557858217
 21
48.6678287567023204
 31
0.0
  0
LINE
  5
364
100
AcDbEntity
  8
Corners_2
 62
256
370
100
 48
1.0
  6
BYLAYER
100
AcDbLine
 10
-83.1900114557858217
 20
48.6678287567023204
 30
0.0
 11
-83.1296568866936667
 21
48.6678287567023204
 31
0.0
  0
LINE
  5
365
100
AcDbEntity
  8
Corners_2
 62
256
370
100
 48
1.0
  6
BYLAYER
100
AcDbLine
 10
-83.1296568866936667
 20
48.6678287567023204
 30
0.0
 11
-83.0491841279041267
 21
48.6879469463997054
 31
0.0
  0
LINE
  5
366
100
AcDbEntity
  8
Corners_2
 62
256
370
100
 48
1.0
  6
BYLAYER
100
AcDbLine
 10
-83.0491841279041267
 20
48.6879469463997054
 30
0.0
 11
-82.8278840412328918
 21
48.6879469463997054
 31
0.0
  0
LINE
  5
367
100
AcDbEntity
  8
Corners_2
 62
256
370
100
 48
1.0
  6
BYLAYER
100
AcDbLine
 10
-82.8278840412328918
 20
48.6879469463997054
 30
0.0
 11
-82.7675294721407369
 21
48.6879469463997054
 31
0.0
  0
LINE
  5
368
100
AcDbEntity
  8
Corners_2
 62
256
370
100
 48
1.0
  6
BYLAYER
100
AcDbLine
 10
-82.7675294721407369
 20
48.6879469463997054
 30
0.0
 11
-82.7474112824433519
 21
48.6879469463997054
 31
0.0
  0
LINE
  5
369
100
AcDbEntity
  8
Corners_2
 62
256
370
100
 48
1.0
  6
BYLAYER
100
AcDbLine
 10
-82.7474112824433519
 20
48.6879469463997054
 30
0.0
 11
-82.6669385236538119
 21
48.6879469463997054
 31
0.0
  0
LINE
  5
36A
100
AcDbEntity
  8
Corners_2
 62
256
370
100
 48
1.0
  6
BYLAYER
100
AcDbLine
 10
-82.6669385236538119
 20
48.6879469463997054
 30
0.0
 11
-82.6468203339564411
 21
48.6879469463997054
 31
0.0
  0
LINE
  5
36B
100
AcDbEntity
  8
Corners_2
 62
256
370
100
 48
1.0
  6
BYLAYER
100
AcDbLine
 10
-82.6468203339564411
 20
48.6879469463997054
 30
0.0
 11
-82.5663475751669012
 21
48.6879469463997054
 31
0.0
  0
LINE
  5
36C
100
AcDbEntity
  8
Corners_2
 62
256
370
100
 48
1.0
  6
BYLAYER
100
AcDbLine
 10
-82.5663475751669012
 20
48.6879469463997054
 30
0.0
 11
-82.5462293854695162
 21
48.6879469463997054
 31
0.0
  0
LINE
  5
36D
100
AcDbEntity
  8
Corners_2
 62
256
370
100
 48
1.0
  6
BYLAYER
100
AcDbLine
 10
-82.5462293854695162
 20
48.6879469463997054
 30
0.0
 11
-82.5261111957721312
 21
48.6879469463997054
 31
0.0
  0
LINE
  5
36E
100
AcDbEntity
  8
Corners_2
 62
256
370
100
 48
1.0
  6
BYLAYER
100
AcDbLine
 10
-82.5261111957721312
 20
48.6879469463997054
 30
0.0
 11
-82.4858748163773612
 21
48.6879469463997054
 31
0.0
  0
LINE
  5
36F
100
AcDbEntity
  8
Corners_2
 62
256
370
100
 48
1.0
  6
BYLAYER
100
AcDbLine
 10
-82.4858748163773612
 20
48.6879469463997054
 30
0.0
 11
-82.4657566266799762
 21
48.6879469463997054
 31
0.0
  0
LINE
  5
370
100
AcDbEntity
  8
Corners_2
 62
256
370
100
 48
1.0
  6
BYLAYER
100
AcDbLine
 10
-82.4657566266799762
 20
48.6879469463997054
 30
0.0
 11
-82.4054020575878212
 21
48.6879469463997054
 31
0.0
  0
LINE
  5
371
100
AcDbEntity
  8
Corners_2
 62
256
370
100
 48
1.0
  6
BYLAYER
100
AcDbLine
 10
-82.4054020575878212
 20
48.6879469463997054
 30
0.0
 11
-82.3852838678904362
 21
48.6879469463997054
 31
0.0
  0
LINE
  5
372
100
AcDbEntity
  8
Corners_2
 62
256
370
100
 48
1.0
  6
BYLAYER
100
AcDbLine
 10
-82.3852838678904362
 20
48.6879469463997054
 30
0.0
 11
-82.3450474884956662
 21
48.6879469463997054
 31
0.0
  0
LINE
  5
373
100
AcDbEntity
  8
Corners_2
 62
256
370
100
 48
1.0
  6
BYLAYER
100
AcDbLine
 10
-82.3450474884956662
 20
48.6879469463997054
 30
0.0
 11
-82.3249292987982813
 21
48.6678287567023204
 31
0.0
  0
LINE
  5
374
100
AcDbEntity
  8
Corners_2
 62
256
370
100
 48
1.0
  6
BYLAYER
100
AcDbLine
 10
-82.3249292987982813
 20
48.6678287567023204
 30
0.0
 11
-82.3048111091008963
 21
48.6678287567023204
 31
0.0
  0
LINE
  5
375
100
AcDbEntity
  8
Corners_2
 62
256
370
100
 48
1.0
  6
BYLAYER
100
AcDbLine
 10
-82.3048111091008963
 20
48.6678287567023204
 30
0.0
 11
-82.2846929194035113
 21
48.6678287567023204
 31
0.0
  0
LINE
  5
376
100
AcDbEntity
  8
Corners_2
 62
256
370
100
 48
1.0
  6
BYLAYER
100
AcDbLine
 10
-82.2846929194035113
 20
48.6678287567023204
 30
0.0
 11
-82.2243383503113563
 21
48.6678287567023204
 31
0.0
  0
LINE
  5
377
100
AcDbEntity
  8
Corners_2
 62
256
370
100
 48
1.0
  6
BYLAYER
100
AcDbLine
 10
-82.2243383503113563
 20
48.6678287567023204
 30
0.0
 11
-82.1237474018244313
 21
48.6678287567023204
 31
0.0
  0
LINE
  5
378
100
AcDbEntity
  8
Corners_2
 62
256
370
100
 48
1.0
  6
BYLAYER
100
AcDbLine
 10
-82.1237474018244313
 20
48.6678287567023204
 30
0.0
 11
-82.0231564533375206
 21
48.6477105670049355
 31
0.0
  0
LINE
  5
379
100
AcDbEntity
  8
Corners_2
 62
256
370
100
 48
1.0
  6
BYLAYER
100
AcDbLine
 10
-82.0231564533375206
 20
48.6477105670049355
 30
0.0
 11
-81.9024473151532106
 21
48.6477105670049355
 31
0.0
  0
LINE
  5
37A
100
AcDbEntity
  8
Corners_2
 62
256
370
100
 48
1.0
  6
BYLAYER
100
AcDbLine
 10
-81.9024473151532106
 20
48.6477105670049355
 30
0.0
 11
-81.8622109357584407
 21
48.6477105670049355
 31
0.0
  0
LINE
  5
37B
100
AcDbEntity
  8
Corners_2
 62
256
370
100
 48
1.0
  6
BYLAYER
100
AcDbLine
 10
-81.8622109357584407
 20
48.6477105670049355
 30
0.0
 11
-81.8219745563636707
 21
48.6275923773075505
 31
0.0
  0
LINE
  5
37C
100
AcDbEntity
  8
Corners_2
 62
256
370
100
 48
1.0
  6
BYLAYER
100
AcDbLine
 10
-81.8219745563636707
 20
48.6275923773075505
 30
0.0
 11
-81.7817381769689007
 21
48.6074741876101655
 31
0.0
  0
LINE
  5
37D
100
AcDbEntity
  8
Corners_2
 62
256
370
100
 48
1.0
  6
BYLAYER
100
AcDbLine
 10
-81.7817381769689007
 20
48.6074741876101655
 30
0.0
 11
-81.7415017975741307
 21
48.6074741876101655
 31
0.0
  0
LINE
  5
37E
100
AcDbEntity
  8
Corners_2
 62
256
370
100
 48
1.0
  6
BYLAYER
100
AcDbLine
 10
-81.7415017975741307
 20
48.6074741876101655
 30
0.0
 11
-81.6610290387845907
 21
48.6074741876101655
 31
0.0
  0
LINE
  5
37F
100
AcDbEntity
  8
Corners_2
 62
256
370
100
 48
1.0
  6
BYLAYER
100
AcDbLine
 10
-81.6610290387845907
 20
48.6074741876101655
 30
0.0
 11
-81.6207926593898208
 21
48.5873559979127805
 31
0.0
  0
LINE
  5
380
100
AcDbEntity
  8
Corners_2
 62
256
370
100
 48
1.0
  6
BYLAYER
100
AcDbLine
 10
-81.6207926593898208
 20
48.5873559979127805
 30
0.0
 11
-81.5805562799950508
 21
48.5873559979127805
 31
0.0
  0
LINE
  5
381
100
AcDbEntity
  8
Corners_2
 62
256
370
100
 48
1.0
  6
BYLAYER
100
AcDbLine
 10
-81.5805562799950508
 20
48.5873559979127805
 30
0.0
 11
-81.4598471418107408
 21
48.5672378082153955
 31
0.0
  0
LINE
  5
382
100
AcDbEntity
  8
Corners_2
 62
256
370
100
 48
1.0
  6
BYLAYER
100
AcDbLine
 10
-81.4598471418107408
 20
48.5672378082153955
 30
0.0
 11
-81.3994925727186001
 21
48.5672378082153955
 31
0.0
  0
LINE
  5
383
100
AcDbEntity
  8
Corners_2
 62
256
370
100
 48
1.0
  6
BYLAYER
100
AcDbLine
 10
-81.3994925727186001
 20
48.5672378082153955
 30
0.0
 11
-81.3592561933238301
 21
48.5672378082153955
 31
0.0
  0
LINE
  5
384
100
AcDbEntity
  8
Corners_2
 62
256
370
100
 48
1.0
  6
BYLAYER
100
AcDbLine
 10
-81.3592561933238301
 20
48.5672378082153955
 30
0.0
 11
-81.2989016242316751
 21
48.5672378082153955
 31
0.0
  0
LINE
  5
385
100
AcDbEntity
  8
Corners_2
 62
256
370
100
 48
1.0
  6
BYLAYER
100
AcDbLine
 10
-81.2989016242316751
 20
48.5672378082153955
 30
0.0
 11
-81.2184288654421351
 21
48.5672378082153955
 31
0.0
  0
LINE
  5
386
100
AcDbEntity
  8
Corners_2
 62
256
370
100
 48
1.0
  6
BYLAYER
100
AcDbLine
 10
-81.2184288654421351
 20
48.5672378082153955
 30
0.0
 11
-81.1580742963499802
 21
48.5471196185180105
 31
0.0
  0
LINE
  5
387
100
AcDbEntity
  8
Corners_2
 62
256
370
100
 48
1.0
  6
BYLAYER
100
AcDbLine
 10
-81.1580742963499802
 20
48.5471196185180105
 30
0.0
 11
-81.1178379169552102
 21
48.5471196185180105
 31
0.0
  0
LINE
  5
388
100
AcDbEntity
  8
Corners_2
 62
256
370
100
 48
1.0
  6
BYLAYER
100
AcDbLine
 10
-81.1178379169552102
 20
48.5471196185180105
 30
0.0
 11
-81.0977197272578252
 21
48.5471196185180105
 31
0.0
  0
LINE
  5
389
100
AcDbEntity
  8
Corners_2
 62
256
370
100
 48
1.0
  6
BYLAYER
100
AcDbLine
 10
-81.0977197272578252
 20
48.5471196185180105
 30
0.0
 11
-81.0574833478630552
 21
48.5471196185180105
 31
0.0
  0
LINE
  5
38A
100
AcDbEntity
  8
Corners_2
 62
256
370
100
 48
1.0
  6
BYLAYER
100
AcDbLine
 10
-81.0574833478630552
 20
48.5471196185180105
 30
0.0
 11
-80.9367742096787453
 21
48.5471196185180105
 31
0.0
  0
LINE
  5
38B
100
AcDbEntity
  8
Corners_2
 62
256
370
100
 48
1.0
  6
BYLAYER
100
AcDbLine
 10
-80.9367742096787453
 20
48.5471196185180105
 30
0.0
 11
-80.8563014508892195
 21
48.5471196185180105
 31
0.0
  0
LINE
  5
38C
100
AcDbEntity
  8
Corners_2
 62
256
370
100
 48
1.0
  6
BYLAYER
100
AcDbLine
 10
-80.8563014508892195
 20
48.5471196185180105
 30
0.0
 11
-80.7154741230075246
 21
48.5471196185180105
 31
0.0
  0
LINE
  5
38D
100
AcDbEntity
  8
Corners_2
 62
256
370
100
 48
1.0
  6
BYLAYER
100
AcDbLine
 10
-80.7154741230075246
 20
48.5471196185180105
 30
0.0
 11
-80.5746467951258296
 21
48.5270014288206255
 31
0.0
  0
LINE
  5
38E
100
AcDbEntity
  8
Corners_2
 62
256
370
100
 48
1.0
  6
BYLAYER
100
AcDbLine
 10
-80.5746467951258296
 20
48.5270014288206255
 30
0.0
 11
-80.4539376569415197
 21
48.5270014288206255
 31
0.0
  0
LINE
  5
38F
100
AcDbEntity
  8
Corners_2
 62
256
370
100
 48
1.0
  6
BYLAYER
100
AcDbLine
 10
-80.4539376569415197
 20
48.5270014288206255
 30
0.0
 11
-80.3131103290598247
 21
48.5270014288206255
 31
0.0
  0
LINE
  5
390
100
AcDbEntity
  8
Corners_2
 62
256
370
100
 48
1.0
  6
BYLAYER
100
AcDbLine
 10
-80.3131103290598247
 20
48.5270014288206255
 30
0.0
 11
-80.232637570270299
 21
48.5270014288206255
 31
0.0
  0
LINE
  5
391
100
AcDbEntity
  8
Corners_2
 62
256
370
100
 48
1.0
  6
BYLAYER
100
AcDbLine
 10
-80.232637570270299
 20
48.5270014288206255
 30
0.0
 11
-80.172283001178144
 21
48.5270014288206255
 31
0.0
  0
LINE
  5
392
100
AcDbEntity
  8
Corners_2
 62
256
370
100
 48
1.0
  6
BYLAYER
100
AcDbLine
 10
-80.172283001178144
 20
48.5270014288206255
 30
0.0
 11
-79.9711011042042941
 21
48.5471196185180105
 31
0.0
  0
LINE
  5
393
100
AcDbEntity
  8
Corners_2
 62
256
370
100
 48
1.0
  6
BYLAYER
100
AcDbLine
 10
-79.9711011042042941
 20
48.5471196185180105
 30
0.0
 11
-79.9308647248095241
 21
48.5471196185180105
 31
0.0
  0
LINE
  5
394
100
AcDbEntity
  8
Corners_2
 62
256
370
100
 48
1.0
  6
BYLAYER
100
AcDbLine
 10
-79.9308647248095241
 20
48.5471196185180105
 30
0.0
 11
-79.8503919660199841
 21
48.5672378082153955
 31
0.0
  0
LINE
  5
395
100
AcDbEntity
  8
Corners_2
 62
256
370
100
 48
1.0
  6
BYLAYER
100
AcDbLine
 10
-79.8503919660199841
 20
48.5672378082153955
 30
0.0
 11
-79.7900373969278291
 21
48.5672378082153955
 31
0.0
  0
LINE
  5
396
100
AcDbEntity
  8
Corners_2
 62
256
370
100
 48
1.0
  6
BYLAYER
100
AcDbLine
 10
-79.7900373969278291
 20
48.5672378082153955
 30
0.0
 11
-79.6290918793487492
 21
48.5672378082153955
 31
0.0
  0
LINE
  5
397
100
AcDbEntity
  8
Corners_2
 62
256
370
100
 48
1.0
  6
BYLAYER
100
AcDbLine
 10
-79.6290918793487492
 20
48.5672378082153955
 30
0.0
 11
-79.4077917926775285
 21
48.5672378082153955
 31
0.0
  0
LINE
  5
398
100
AcDbEntity
  8
Corners_2
 62
256
370
100
 48
1.0
  6
BYLAYER
100
AcDbLine
 10
-79.4077917926775285
 20
48.5672378082153955
 30
0.0
 11
-79.3273190338879886
 21
48.5873559979127805
 31
0.0
  0
LINE
  5
399
100
AcDbEntity
  8
Corners_2
 62
256
370
100
 48
1.0
  6
BYLAYER
100
AcDbLine
 10
-79.3273190338879886
 20
48.5873559979127805
 30
0.0
 11
-79.2870826544932186
 21
48.5873559979127805
 31
0.0
  0
LINE
  5
39A
100
AcDbEntity
  8
Corners_2
 62
256
370
100
 48
1.0
  6
BYLAYER
100
AcDbLine
 10
-79.2870826544932186
 20
48.5873559979127805
 30
0.0
 11
-79.2066098957036786
 21
48.5873559979127805
 31
0.0
  0
LINE
  5
39B
100
AcDbEntity
  8
Corners_2
 62
256
370
100
 48
1.0
  6
BYLAYER
100
AcDbLine
 10
-79.2066098957036786
 20
48.5873559979127805
 30
0.0
 11
-79.0255461884272279
 21
48.6074741876101655
 31
0.0
  0
LINE
  5
39C
100
AcDbEntity
  8
Corners_2
 62
256
370
100
 48
1.0
  6
BYLAYER
100
AcDbLine
 10
-79.0255461884272279
 20
48.6074741876101655
 30
0.0
 11
-78.9450734296376879
 21
48.6074741876101655
 31
0.0
  0
LINE
  5
39D
100
AcDbEntity
  8
Corners_2
 62
256
370
100
 48
1.0
  6
BYLAYER
100
AcDbLine
 10
-78.9450734296376879
 20
48.6074741876101655
 30
0.0
 11
-78.8847188605455329
 21
48.6074741876101655
 31
0.0
  0
LINE
  5
39E
100
AcDbEntity
  8
Corners_2
 62
256
370
100
 48
1.0
  6
BYLAYER
100
AcDbLine
 10
-78.8847188605455329
 20
48.6074741876101655
 30
0.0
 11
-78.804246101755993
 21
48.6074741876101655
 31
0.0
  0
LINE
  5
39F
100
AcDbEntity
  8
Corners_2
 62
256
370
100
 48
1.0
  6
BYLAYER
100
AcDbLine
 10
-78.804246101755993
 20
48.6074741876101655
 30
0.0
 11
-78.683536963571683
 21
48.6074741876101655
 31
0.0
  0
LINE
  5
3A0
100
AcDbEntity
  8
Corners_2
 62
256
370
100
 48
1.0
  6
BYLAYER
100
AcDbLine
 10
-78.683536963571683
 20
48.6074741876101655
 30
0.0
 11
-78.6231823944795281
 21
48.6074741876101655
 31
0.0
  0
LINE
  5
3A1
100
AcDbEntity
  8
Corners_2
 62
256
370
100
 48
1.0
  6
BYLAYER
100
AcDbLine
 10
-78.6231823944795281
 20
48.6074741876101655
 30
0.0
 11
-78.5628278253873731
 21
48.6074741876101655
 31
0.0
  0
LINE
  5
3A2
100
AcDbEntity
  8
Corners_2
 62
256
370
100
 48
1.0
  6
BYLAYER
100
AcDbLine
 10
-78.5628278253873731
 20
48.6074741876101655
 30
0.0
 11
-78.2811731696239974
 21
48.5672378082153955
 31
0.0
  0
LINE
  5
3A3
100
AcDbEntity
  8
Corners_2
 62
256
370
100
 48
1.0
  6
BYLAYER
100
AcDbLine
 10
-78.2811731696239974
 20
48.5672378082153955
 30
0.0
 11
-78.2610549799266124
 21
48.5672378082153955
 31
0.0
  0
LINE
  5
3A4
100
AcDbEntity
  8
Corners_2
 62
256
370
100
 48
1.0
  6
BYLAYER
100
AcDbLine
 10
-78.2610549799266124
 20
48.5672378082153955
 30
0.0
 11
-78.1403458417423025
 21
48.5471196185180105
 31
0.0
  0
LINE
  5
3A5
100
AcDbEntity
  8
Corners_2
 62
256
370
100
 48
1.0
  6
BYLAYER
100
AcDbLine
 10
-78.1403458417423025
 20
48.5471196185180105
 30
0.0
 11
-78.1001094623475325
 21
48.5471196185180105
 31
0.0
  0
MTEXT
  5
3A6
100
AcDbEntity
  8
Corners_1
 62
256
370
-1
 48
1.0
  6
BYLAYER
100
AcDbMText
 10
-72.3334952525964638
 20
-14.9651834944184969
 30
0.0
 40
3.0
 41
0.0
 71
1
 72
1
  1
\H4.00001;Board #1
  7
textstyle12
 50
0.0
 73
2
 44
1.0
  0
LINE
  5
3A7
100
AcDbEntity
  8
Corners_2
 62
256
370
100
 48
1.0
  6
BYLAYER
100
AcDbLine
 10
-88.5535424635149155
 20
22.2654714008574075
 30
0.0
 11
-88.5535424635149155
 21
22.2237543227009127
 31
0.0
  0
LINE
  5
3A8
100
AcDbEntity
  8
Corners_2
 62
256
370
100
 48
1.0
  6
BYLAYER
100
AcDbLine
 10
-88.5535424635149155
 20
22.2237543227009127
 30
0.0
 11
-88.5535424635149155
 21
22.140320166387923
 31
0.0
  0
LINE
  5
3A9
100
AcDbEntity
  8
Corners_2
 62
256
370
100
 48
1.0
  6
BYLAYER
100
AcDbLine
 10
-88.5535424635149155
 20
22.140320166387923
 30
0.0
 11
-88.5535424635149155
 21
22.0986030882314282
 31
0.0
  0
LINE
  5
3AA
100
AcDbEntity
  8
Corners_2
 62
256
370
100
 48
1.0
  6
BYLAYER
100
AcDbLine
 10
-88.5535424635149155
 20
22.0986030882314282
 30
0.0
 11
-88.5535424635149155
 21
21.9734518537619294
 31
0.0
  0
LINE
  5
3AB
100
AcDbEntity
  8
Corners_2
 62
256
370
100
 48
1.0
  6
BYLAYER
100
AcDbLine
 10
-88.5535424635149155
 20
21.9734518537619294
 30
0.0
 11
-88.5535424635149155
 21
21.8065835411359501
 31
0.0
  0
LINE
  5
3AC
100
AcDbEntity
  8
Corners_2
 62
256
370
100
 48
1.0
  6
BYLAYER
100
AcDbLine
 10
-88.5535424635149155
 20
21.8065835411359501
 30
0.0
 11
-88.5952595416714104
 21
21.4728469158839772
 31
0.0
  0
LINE
  5
3AD
100
AcDbEntity
  8
Corners_2
 62
256
370
100
 48
1.0
  6
BYLAYER
100
AcDbLine
 10
-88.5952595416714104
 20
21.4728469158839772
 30
0.0
 11
-88.5952595416714104
 21
21.3059786032579979
 31
0.0
  0
LINE
  5
3AE
100
AcDbEntity
  8
Corners_2
 62
256
370
100
 48
1.0
  6
BYLAYER
100
AcDbLine
 10
-88.5952595416714104
 20
21.3059786032579979
 30
0.0
 11
-88.6786936979844
 21
20.7636565872235366
 31
0.0
  0
LINE
  5
3AF
100
AcDbEntity
  8
Corners_2
 62
256
370
100
 48
1.0
  6
BYLAYER
100
AcDbLine
 10
-88.6786936979844
 20
20.7636565872235366
 30
0.0
 11
-88.7621278542973897
 21
20.4299199619715637
 31
0.0
  0
LINE
  5
3B0
100
AcDbEntity
  8
Corners_2
 62
256
370
100
 48
1.0
  6
BYLAYER
100
AcDbLine
 10
-88.7621278542973897
 20
20.4299199619715637
 30
0.0
 11
-88.7621278542973897
 21
20.2213345711890753
 31
0.0
  0
LINE
  5
3B1
100
AcDbEntity
  8
Corners_2
 62
256
370
100
 48
1.0
  6
BYLAYER
100
AcDbLine
 10
-88.7621278542973897
 20
20.2213345711890753
 30
0.0
 11
-88.7621278542973897
 21
20.1379004148760856
 31
0.0
  0
LINE
  5
3B2
100
AcDbEntity
  8
Corners_2
 62
256
370
100
 48
1.0
  6
BYLAYER
100
AcDbLine
 10
-88.7621278542973897
 20
20.1379004148760856
 30
0.0
 11
-88.7621278542973897
 21
20.0961833367195908
 31
0.0
  0
LINE
  5
3B3
100
AcDbEntity
  8
Corners_2
 62
256
370
100
 48
1.0
  6
BYLAYER
100
AcDbLine
 10
-88.7621278542973897
 20
20.0961833367195908
 30
0.0
 11
-88.7621278542973897
 21
20.0544662585630959
 31
0.0
  0
LINE
  5
3B4
100
AcDbEntity
  8
Corners_2
 62
256
370
100
 48
1.0
  6
BYLAYER
100
AcDbLine
 10
-88.7621278542973897
 20
20.0544662585630959
 30
0.0
 11
-88.7621278542973897
 21
19.9710321022501063
 31
0.0
  0
LINE
  5
3B5
100
AcDbEntity
  8
Corners_2
 62
256
370
100
 48
1.0
  6
BYLAYER
100
AcDbLine
 10
-88.7621278542973897
 20
19.9710321022501063
 30
0.0
 11
-88.7621278542973897
 21
19.8458808677806076
 31
0.0
  0
LINE
  5
3B6
100
AcDbEntity
  8
Corners_2
 62
256
370
100
 48
1.0
  6
BYLAYER
100
AcDbLine
 10
-88.7621278542973897
 20
19.8458808677806076
 30
0.0
 11
-88.7621278542973897
 21
19.7624467114676179
 31
0.0
  0
LINE
  5
3B7
100
AcDbEntity
  8
Corners_2
 62
256
370
100
 48
1.0
  6
BYLAYER
100
AcDbLine
 10
-88.7621278542973897
 20
19.7624467114676179
 30
0.0
 11
-88.7621278542973897
 21
19.6790125551546282
 31
0.0
  0
LINE
  5
3B8
100
AcDbEntity
  8
Corners_2
 62
256
370
100
 48
1.0
  6
BYLAYER
100
AcDbLine
 10
-88.7621278542973897
 20
19.6790125551546282
 30
0.0
 11
-88.7621278542973897
 21
19.5955783988416385
 31
0.0
  0
LINE
  5
3B9
100
AcDbEntity
  8
Corners_2
 62
256
370
100
 48
1.0
  6
BYLAYER
100
AcDbLine
 10
-88.7621278542973897
 20
19.5955783988416385
 30
0.0
 11
-88.7621278542973897
 21
19.5538613206851295
 31
0.0
  0
LINE
  5
3BA
100
AcDbEntity
  8
Corners_2
 62
256
370
100
 48
1.0
  6
BYLAYER
100
AcDbLine
 10
-88.7621278542973897
 20
19.5538613206851295
 30
0.0
 11
-88.7621278542973897
 21
19.5121442425286347
 31
0.0
  0
LINE
  5
3BB
100
AcDbEntity
  8
Corners_2
 62
256
370
100
 48
1.0
  6
BYLAYER
100
AcDbLine
 10
-88.7621278542973897
 20
19.5121442425286347
 30
0.0
 11
-88.7621278542973897
 21
19.4704271643721398
 31
0.0
  0
LINE
  5
3BC
100
AcDbEntity
  8
Corners_2
 62
256
370
100
 48
1.0
  6
BYLAYER
100
AcDbLine
 10
-88.7621278542973897
 20
19.4704271643721398
 30
0.0
 11
-88.7621278542973897
 21
19.428710086215645
 31
0.0
  0
LINE
  5
3BD
100
AcDbEntity
  8
Corners_2
 62
256
370
100
 48
1.0
  6
BYLAYER
100
AcDbLine
 10
-88.7621278542973897
 20
19.428710086215645
 30
0.0
 11
-88.7621278542973897
 21
19.3869930080591502
 31
0.0
  0
LEADER
  5
3BE
100
AcDbEntity
  8
Corners_2
 62
256
370
-1
 48
1.0
  6
BYLAYER
100
AcDbLeader
  3
Standard
 71
1
 72
0
 73
3
 74
0
 75
0
 40
1.0
 41
10.0
 76
3
 10
-83.5
 20
-10.0000000000000142
 10
-99.181287304891768
 20
-35.7105980153058482
 10
-92.982059650707285
 20
-35.7105980153058482
1001
ACAD
1000
DSTYLE
1002
{
1070
40
1040
1.0
1002
}
  0
MTEXT
  5
3BF
100
AcDbEntity
  8
Corners_2
 62
256
370
-1
 48
1.0
  6
BYLAYER
100
AcDbMText
 10
-91.5892022572985809
 20
-33.3779472762318861
 30
0.0
 40
3.0
 41
0.0
 71
1
 72
1
  1
\H4.00001;Board #2
  7
textstyle14
 50
0.0
 73
2
 44
1.0
  0
LEADER
  5
3C0
100
AcDbEntity
  8
Corners_1
 62
256
370
-1
 48
1.0
  6
BYLAYER
100
AcDbLeader
  3
Standard
 71
1
 72
0
 73
3
 74
0
 75
0
 40
1.0
 41
10.0
 76
3
 10
-86.1526543095531707
 20
4.9210753467142787
 10
-76.7971291690865314
 20
-16.9374868528675933
 10
-73.8905768513720602
 20
-16.9374868528675933
1001
ACAD
1000
DSTYLE
1002
{
1070
40
1040
1.0
1002
}
  0
LEADER
  5
3C1
100
AcDbEntity
  8
Corners_1
 62
256
370
-1
 48
1.0
  6
BYLAYER
100
AcDbLeader
  3
Standard
 71
1
 72
0
 73
3
 74
0
 75
0
 40
1.0
 41
10.0
 76
3
 10
-92.6526543095531565
 20
16.8522747963113204
 10
-110.1491161200000022
 20
-26.5
 10
-103.0488240301128258
 20
-26.5
1001
ACAD
1000
DSTYLE
1002
{
1070
40
1040
1.0
1002
}
  0
MTEXT
  5
3C2
100
AcDbEntity
  8
Corners_1
 62
256
370
-1
 48
1.0
  6
BYLAYER
100
AcDbMText
 10
-101.1803261115821044
 20
-24.9600495852266633
 30
0.0
 40
3.0
 41
0.0
 71
1
 72
1
  1
Corner Edge
  7
textstyle15
 50
0.0
 73
2
 44
1.0
  0
LEADER
  5
3C3
100
AcDbEntity
  8
Corners_2
 62
256
370
-1
 48
1.0
  6
BYLAYER
100
AcDbLeader
  3
Standard
 71
1
 72
0
 73
3
 74
0
 75
0
 40
1.0
 41
10.0
 76
3
 10
-77.0469309893515515
 20
43.1424522844363025
 10
-68.3272740362081663
 20
61.7028649418414687
 10
-72.4379694569757646
 20
61.8274314697435159
1001
ACAD
1000
DSTYLE
1002
{
1070
40
1040
1.0
1002
}
  0
MTEXT
  5
3C4
100
AcDbEntity
  8
Corners_2
 62
256
370
-1
 48
1.0
  6
BYLAYER
100
AcDbMText
 10
-74.5556004313105944
 20
63.6959293882742372
 30
0.0
 40
3.0
 41
0.0
 71
3
 72
1
  1
Corner Edge
  7
textstyle16
 50
0.0
 73
2
 44
1.0
  0
MTEXT
  5
3C5
100
AcDbEntity
  8
Corners_1
 62
256
370
-1
 48
1.0
  6
BYLAYER
100
AcDbMText
 10
23.7641854047680283
 20
-15.9134003517042402
 30
0.0
 40
6.0
 41
0.0
 71
1
 72
1
  1
\H5.00001;Step 1
  7
textstyle17
 50
0.0
 73
2
 44
1.0
  0
MTEXT
  5
3C6
100
AcDbEntity
  8
Corners_2
 62
256
370
-1
 48
1.0
  6
BYLAYER
100
AcDbMText
 10
30.0
 20
-20.0
 30
0.0
 40
6.0
 41
0.0
 71
1
 72
1
  1
\H5.00001;Step 2
  7
textstyle13
 50
0.0
 73
2
 44
1.0
  0
HATCH
  5
3C7
100
AcDbEntity
  8
Corners_1
 62
7
420
15658734
370
-1
 48
1.0
  6
BYLAYER
100
AcDbHatch
 10
0.0
 20
0.0
 30
0.0
210
0.0
220
0.0
230
1.0
  2
SOLID
 70
1
 71
0
 91
1
 92
1
 93
6
 72
1
 10
-3.9075031006104837
 20
57.9098276340572369
 11
9.9489033599405374
 21
65.9098276340572369
 72
1
 10
9.9489033599405374
 20
65.9098276340572369
 11
10.6989033599405374
 21
65.9098276340572369
 72
1
 10
10.6989033599405658
 20
65.9098276340572369
 11
10.6989033599405658
 21
62.4098276340572369
 72
1
 10
10.6989033599405658
 20
62.4098276340572369
 11
-3.1575031006104552
 21
54.4098276340572369
 72
1
 10
-3.1575031006104695
 20
54.4098276340572369
 11
-3.9075031006104695
 21
54.4098276340572369
 72
1
 10
-3.9075031006104695
 20
54.4098276340572369
 11
-3.9075031006104695
 21
57.9098276340572369
 97
0
 75
0
 76
1
 98
0
1001
ACAD
1010
0.0
1020
0.0
1030
0
  0
LINE
  5
3C8
100
AcDbEntity
  8
Corners_1
 62
256
370
-1
 48
1.0
  6
BYLAYER
100
AcDbLine
 10
-3.1575031006104552
 20
57.9098276340572369
 30
0.0
 11
10.6989033599405658
 21
65.9098276340572369
 31
0.0
  0
LINE
  5
3C9
100
AcDbEntity
  8
Corners_1
 62
256
370
-1
 48
1.0
  6
BYLAYER
100
AcDbLine
 10
-3.1575031006104552
 20
57.9098276340572369
 30
0.0
 11
-3.1575031006104552
 21
54.4098276340572369
 31
0.0
  0
LINE
  5
3CA
100
AcDbEntity
  8
Corners_1
 62
256
370
-1
 48
1.0
  6
BYLAYER
100
AcDbLine
 10
-3.1575031006104695
 20
57.9098276340572369
 30
0.0
 11
-3.9075031006104695
 21
57.9098276340572369
 31
0.0
  0
LEADER
  5
3CB
100
AcDbEntity
  8
Corners_2
 62
256
370
-1
 48
1.0
  6
BYLAYER
100
AcDbLeader
  3
Standard
 71
1
 72
0
 73
3
 74
0
 75
0
 40
1.0
 41
10.0
 76
2
 10
0.7410878306384099
 20
-1.2193797918188938
 10
-11.6230607508346395
 20
-11.2778149533379946
1001
ACAD
1000
DSTYLE
1002
{
1070
40
1040
1.0
1002
}
  0
ARC
  5
3CC
100
AcDbEntity
  8
Corners_2
 62
256
370
-1
 48
1.0
  6
BYLAYER
100
AcDbCircle
 10
-37.9626316908806913
 20
24.2244700052449673
 30
0.0
 40
44.2061673817822012
100
AcDbArc
 50
221.1821388722178483
 51
306.5721628388586737
  0
ENDSEC
  0
SECTION
  2
OBJECTS
  0
DICTIONARY
  5
C
100
AcDbDictionary
280
0
281
1
  3
ACAD_GROUP
350
D
  3
ACAD_LAYOUT
350
1A
  3
ACAD_MLINESTYLE
350
17
  3
ACAD_PLOTSETTINGS
350
19
  3
ACAD_PLOTSTYLENAME
350
E
  3
AcDbVariableDictionary
350
3CD
  3
QCAD_OBJECTS
350
3CE
  0
DICTIONARY
  5
D
100
AcDbDictionary
280
0
281
1
  0
ACDBDICTIONARYWDFLT
  5
E
100
AcDbDictionary
281
1
  3
Normal
350
F
100
AcDbDictionaryWithDefault
340
F
  0
ACDBPLACEHOLDER
  5
F
  0
DICTIONARY
  5
17
100
AcDbDictionary
280
0
281
1
  3
Standard
350
18
  0
MLINESTYLE
  5
18
100
AcDbMlineStyle
  2
STANDARD
 70
0
  3

 62
256
 51
90.0
 52
90.0
 71
2
 49
0.5
 62
256
  6
BYLAYER
 49
-0.5
 62
256
  6
BYLAYER
  0
DICTIONARY
  5
19
100
AcDbDictionary
280
0
281
1
  0
DICTIONARY
  5
1A
100
AcDbDictionary
281
1
  3
Layout1
350
1E
  3
Layout2
350
26
  3
Model
350
22
  0
LAYOUT
  5
1E
100
AcDbPlotSettings
  1

  2
none_device
  4

  6

 40
0.0
 41
0.0
 42
0.0
 43
0.0
 44
0.0
 45
0.0
 46
0.0
 47
0.0
 48
0.0
 49
0.0
140
0.0
141
0.0
142
1.0
143
1.0
 70
688
 72
0
 73
0
 74
5
  7

 75
16
147
1.0
148
0.0
149
0.0
100
AcDbLayout
  1
Layout1
 70
1
 71
1
 10
0.0
 20
0.0
 11
420.0
 21
297.0
 12
0.0
 22
0.0
 32
0.0
 14
100000000000000000000.0
 24
100000000000000000000.0
 34
100000000000000000000.0
 15
-100000000000000000000.0
 25
-100000000000000000000.0
 35
-100000000000000000000.0
146
0.0
 13
0.0
 23
0.0
 33
0.0
 16
1.0
 26
0.0
 36
0.0
 17
0.0
 27
1.0
 37
0.0
 76
0
330
1B
  0
LAYOUT
  5
22
100
AcDbPlotSettings
  1

  2
none_device
  4

  6

 40
0.0
 41
0.0
 42
0.0
 43
0.0
 44
0.0
 45
0.0
 46
0.0
 47
0.0
 48
0.0
 49
0.0
140
0.0
141
0.0
142
1.0
143
1.0
 70
1712
 72
0
 73
0
 74
0
  7

 75
0
147
1.0
148
0.0
149
0.0
100
AcDbLayout
  1
Model
 70
1
 71
0
 10
0.0
 20
0.0
 11
12.0
 21
9.0
 12
0.0
 22
0.0
 32
0.0
 14
0.0
 24
0.0
 34
0.0
 15
0.0
 25
0.0
 35
0.0
146
0.0
 13
0.0
 23
0.0
 33
0.0
 16
1.0
 26
0.0
 36
0.0
 17
0.0
 27
1.0
 37
0.0
 76
0
330
1F
  0
LAYOUT
  5
26
100
AcDbPlotSettings
  1

  2
none_device
  4

  6

 40
0.0
 41
0.0
 42
0.0
 43
0.0
 44
0.0
 45
0.0
 46
0.0
 47
0.0
 48
0.0
 49
0.0
140
0.0
141
0.0
142
1.0
143
1.0
 70
688
 72
0
 73
0
 74
5
  7

 75
16
147
1.0
148
0.0
149
0.0
100
AcDbLayout
  1
Layout2
 70
1
 71
2
 10
0.0
 20
0.0
 11
12.0
 21
9.0
 12
0.0
 22
0.0
 32
0.0
 14
0.0
 24
0.0
 34
0.0
 15
0.0
 25
0.0
 35
0.0
146
0.0
 13
0.0
 23
0.0
 33
0.0
 16
1.0
 26
0.0
 36
0.0
 17
0.0
 27
1.0
 37
0.0
 76
0
330
23
  0
DICTIONARY
  5
3CD
100
AcDbDictionary
281
1
  3
DIMASSOC
350
3D0
  3
HIDETEXT
350
3CF
  0
DICTIONARYVAR
  5
3CF
100
DictionaryVariables
280
0
  1
2
  0
DICTIONARYVAR
  5
3D0
100
DictionaryVariables
280
0
  1
1
  0
DICTIONARY
  5
3CE
100
AcDbDictionary
281
1
  3
ColorSettings/BackgroundColor
350
3D1
  3
ColorSettings/ColorMode
350
3D2
  3
DimensionSettings/AngularFormat
350
3D3
  3
DimensionSettings/AngularPrecision
350
3D4
  3
DimensionSettings/DecimalPoint
350
3D5
  3
DimensionSettings/DimensionFont
350
3D6
  3
DimensionSettings/DimensionTextColor
350
3D7
  3
DimensionSettings/KeepProportions
350
3D8
  3
DimensionSettings/LinearFormat
350
3D9
  3
DimensionSettings/LinearPrecision
350
3DA
  3
Grid/DisplayGrid00
350
3DB
  3
Grid/DisplayGrid01
350
3DC
  3
Grid/DisplayGrid02
350
3DD
  3
Grid/DisplayGrid03
350
3DE
  3
Grid/GridSpacingX00
350
3DF
  3
Grid/GridSpacingX01
350
3E0
  3
Grid/GridSpacingX02
350
3E1
  3
Grid/GridSpacingX03
350
3E2
  3
Grid/GridSpacingY00
350
3E3
  3
Grid/GridSpacingY01
350
3E4
  3
Grid/GridSpacingY02
350
3E5
  3
Grid/GridSpacingY03
350
3E6
  3
Grid/IsometricGrid00
350
3E7
  3
Grid/IsometricGrid01
350
3E8
  3
Grid/IsometricGrid02
350
3E9
  3
Grid/IsometricGrid03
350
3EA
  3
Grid/IsometricProjection00
350
3EB
  3
Grid/IsometricProjection01
350
3EC
  3
Grid/IsometricProjection02
350
3ED
  3
Grid/IsometricProjection03
350
3EE
  3
Grid/MetaGridSpacingX00
350
3EF
  3
Grid/MetaGridSpacingX01
350
3F0
  3
Grid/MetaGridSpacingX02
350
3F1
  3
Grid/MetaGridSpacingX03
350
3F2
  3
Grid/MetaGridSpacingY00
350
3F3
  3
Grid/MetaGridSpacingY01
350
3F4
  3
Grid/MetaGridSpacingY02
350
3F5
  3
Grid/MetaGridSpacingY03
350
3F6
  3
MultiPageSettings/Columns
350
3F7
  3
MultiPageSettings/GlueMarginsBottom
350
3F8
  3
MultiPageSettings/GlueMarginsLeft
350
3F9
  3
MultiPageSettings/GlueMarginsRight
350
3FA
  3
MultiPageSettings/GlueMarginsTop
350
3FB
  3
MultiPageSettings/PrintCropMarks
350
3FC
  3
MultiPageSettings/Rows
350
3FD
  3
PageSettings/OffsetX
350
3FE
  3
PageSettings/OffsetY
350
3FF
  3
PageSettings/PageOrientation
350
400
  3
PageSettings/PaperHeight
350
401
  3
PageSettings/PaperSizeAccepted
350
402
  3
PageSettings/PaperSizeName
350
403
  3
PageSettings/PaperWidth
350
404
  3
PageSettings/PointSize
350
405
  3
PageSettings/Scale
350
406
  3
PageSettings/ShowPaperBorders
350
407
  3
PageTagSettings/EnablePageTags
350
408
  3
PageTagSettings/TagAlignment
350
409
  3
PageTagSettings/TagFont
350
40A
  3
PageTagSettings/TagPosition
350
40B
  3
QCADVersion
350
40C
  3
UnitSettings/PaperUnit
350
40D
  3
ViewportCenter
350
40E
  3
ViewportHeight
350
40F
  3
ViewportWidth
350
410
  0
XRECORD
  5
3D1
330
3CE
100
AcDbXrecord
280
1
1000
White
  0
XRECORD
  5
3D2
330
3CE
100
AcDbXrecord
280
1
1000
FullColor
  0
XRECORD
  5
3D3
330
3CE
100
AcDbXrecord
280
1
 90
0
  0
XRECORD
  5
3D4
330
3CE
100
AcDbXrecord
280
1
 90
0
  0
XRECORD
  5
3D5
330
3CE
100
AcDbXrecord
280
1
 90
46
  0
XRECORD
  5
3D6
330
3CE
100
AcDbXrecord
280
1
1000
DejaVu Sans
  0
XRECORD
  5
3D7
330
3CE
100
AcDbXrecord
280
1
1000
By Layer
  0
XRECORD
  5
3D8
330
3CE
100
AcDbXrecord
280
1
290
0
  0
XRECORD
  5
3D9
330
3CE
100
AcDbXrecord
280
1
 90
3
  0
XRECORD
  5
3DA
330
3CE
100
AcDbXrecord
280
1
 90
4
  0
XRECORD
  5
3DB
330
3CE
100
AcDbXrecord
280
1
290
1
  0
XRECORD
  5
3DC
330
3CE
100
AcDbXrecord
280
1
290
1
  0
XRECORD
  5
3DD
330
3CE
100
AcDbXrecord
280
1
290
1
  0
XRECORD
  5
3DE
330
3CE
100
AcDbXrecord
280
1
290
1
  0
XRECORD
  5
3DF
330
3CE
100
AcDbXrecord
280
1
1000
auto
  0
XRECORD
  5
3E0
330
3CE
100
AcDbXrecord
280
1
1000
auto
  0
XRECORD
  5
3E1
330
3CE
100
AcDbXrecord
280
1
1000
auto
  0
XRECORD
  5
3E2
330
3CE
100
AcDbXrecord
280
1
1000
auto
  0
XRECORD
  5
3E3
330
3CE
100
AcDbXrecord
280
1
1000
auto
  0
XRECORD
  5
3E4
330
3CE
100
AcDbXrecord
280
1
1000
auto
  0
XRECORD
  5
3E5
330
3CE
100
AcDbXrecord
280
1
1000
auto
  0
XRECORD
  5
3E6
330
3CE
100
AcDbXrecord
280
1
1000
auto
  0
XRECORD
  5
3E7
330
3CE
100
AcDbXrecord
280
1
290
0
  0
XRECORD
  5
3E8
330
3CE
100
AcDbXrecord
280
1
290
0
  0
XRECORD
  5
3E9
330
3CE
100
AcDbXrecord
280
1
290
0
  0
XRECORD
  5
3EA
330
3CE
100
AcDbXrecord
280
1
290
0
  0
XRECORD
  5
3EB
330
3CE
100
AcDbXrecord
280
1
 90
65537
  0
XRECORD
  5
3EC
330
3CE
100
AcDbXrecord
280
1
 90
65537
  0
XRECORD
  5
3ED
330
3CE
100
AcDbXrecord
280
1
 90
65537
  0
XRECORD
  5
3EE
330
3CE
100
AcDbXrecord
280
1
 90
65537
  0
XRECORD
  5
3EF
330
3CE
100
AcDbXrecord
280
1
1000
auto
  0
XRECORD
  5
3F0
330
3CE
100
AcDbXrecord
280
1
1000
auto
  0
XRECORD
  5
3F1
330
3CE
100
AcDbXrecord
280
1
1000
auto
  0
XRECORD
  5
3F2
330
3CE
100
AcDbXrecord
280
1
1000
auto
  0
XRECORD
  5
3F3
330
3CE
100
AcDbXrecord
280
1
1000
auto
  0
XRECORD
  5
3F4
330
3CE
100
AcDbXrecord
280
1
1000
auto
  0
XRECORD
  5
3F5
330
3CE
100
AcDbXrecord
280
1
1000
auto
  0
XRECORD
  5
3F6
330
3CE
100
AcDbXrecord
280
1
1000
auto
  0
XRECORD
  5
3F7
330
3CE
100
AcDbXrecord
280
1
 90
1
  0
XRECORD
  5
3F8
330
3CE
100
AcDbXrecord
280
1
 40
0.5
  0
XRECORD
  5
3F9
330
3CE
100
AcDbXrecord
280
1
 40
0.5
  0
XRECORD
  5
3FA
330
3CE
100
AcDbXrecord
280
1
 40
0.5
  0
XRECORD
  5
3FB
330
3CE
100
AcDbXrecord
280
1
 40
0.5
  0
XRECORD
  5
3FC
330
3CE
100
AcDbXrecord
280
1
290
0
  0
XRECORD
  5
3FD
330
3CE
100
AcDbXrecord
280
1
 90
1
  0
XRECORD
  5
3FE
330
3CE
100
AcDbXrecord
280
1
 40
-137.0943587615572881
  0
XRECORD
  5
3FF
330
3CE
100
AcDbXrecord
280
1
 40
-208.4322916124324934
  0
XRECORD
  5
400
330
3CE
100
AcDbXrecord
280
1
1000
Portrait
  0
XRECORD
  5
401
330
3CE
100
AcDbXrecord
280
1
1000
9
  0
XRECORD
  5
402
330
3CE
100
AcDbXrecord
280
1
290
1
  0
XRECORD
  5
403
330
3CE
100
AcDbXrecord
280
1
1000
Custom
  0
XRECORD
  5
404
330
3CE
100
AcDbXrecord
280
1
1000
6.5
  0
XRECORD
  5
405
330
3CE
100
AcDbXrecord
280
1
1000
0.5
  0
XRECORD
  5
406
330
3CE
100
AcDbXrecord
280
1
1000
0.02
  0
XRECORD
  5
407
330
3CE
100
AcDbXrecord
280
1
290
1
  0
XRECORD
  5
408
330
3CE
100
AcDbXrecord
280
1
290
0
  0
XRECORD
  5
409
330
3CE
100
AcDbXrecord
280
1
1000
Inside
  0
XRECORD
  5
40A
330
3CE
100
AcDbXrecord
280
1
1000
Arial,10,-1,5,50,0,0,0,0,0
  0
XRECORD
  5
40B
330
3CE
100
AcDbXrecord
280
1
1000
TopLeft
  0
XRECORD
  5
40C
330
3CE
100
AcDbXrecord
280
1
1000
3.32.6
  0
XRECORD
  5
40D
330
3CE
100
AcDbXrecord
280
1
 90
1
  0
XRECORD
  5
40F
330
3CE
100
AcDbXrecord
280
1
 40
277.4142137501016236
  0
XRECORD
  5
410
330
3CE
100
AcDbXrecord
280
1
 40
295.8723023362140339
  0
ENDSEC
  0
EOF
