999
dxflib 3.26.4.0
  0
SECTION
  2
HEADER
  9
$ACADVER
  1
AC1015
  9
$HANDSEED
  5
FFFF
  9
$DIMADEC
 70
0
  9
$DIMASZ
 40
1.5
  9
$DIMATFIT
 70
0
  9
$DIMAUNIT
 70
0
  9
$DIMAZIN
 70
2
  9
$DIMBLK
  1
0
  9
$DIMBLK1
  1
0
  9
$DIMBLK2
  1
0
  9
$DIMDEC
 70
4
  9
$DIMDLI
 40
5.0
  9
$DIMDSEP
 70
46
  9
$DIMEXE
 40
1.25
  9
$DIMEXO
 40
0.625
  9
$DIMGAP
 40
0.625
  9
$DIMLFAC
 40
0.0
  9
$DIMLUNIT
 70
2
  9
$DIMSCALE
 40
1.0
  9
$DIMTAD
 70
1
  9
$DIMTIH
 70
0
  9
$DIMTSZ
 40
0.0
  9
$DIMTXT
 40
2.5
  9
$DIMZIN
 70
8
  9
$DWGCODEPAGE
  3
ANSI_1252
  9
$INSUNITS
 70
1
  9
$LTSCALE
 40
1.0
  9
$MAXACTVP
 70
64
  9
$MEASUREMENT
 70
1
  9
$MIRRTEXT
 70
0
  9
$PDMODE
 70
0
  9
$PDSIZE
 40
0.0
  0
ENDSEC
  0
SECTION
  2
TABLES
  0
TABLE
  2
VPORT
  5
8
100
AcDbSymbolTable
 70
1
  0
VPORT
  5
30
100
AcDbSymbolTableRecord
100
AcDbViewportTableRecord
  2
*Active
 70
0
 10
0.0
 20
0.0
 11
1.0
 21
1.0
 12
286.3055555555554861
 22
148.5
 13
0.0
 23
0.0
 14
10.0
 24
10.0
 15
10.0
 25
10.0
 16
0.0
 26
0.0
 36
1.0
 17
0.0
 27
0.0
 37
0.0
 40
297.0
 41
1.92798353909465
 42
50.0
 43
0.0
 44
0.0
 50
0.0
 51
0.0
 71
0
 72
100
 73
1
 74
3
 75
1
 76
1
 77
0
 78
0
281
0
 65
1
110
0.0
120
0.0
130
0.0
111
1.0
121
0.0
131
0.0
112
0.0
122
1.0
132
0.0
 79
0
146
0.0
  0
ENDTAB
  0
TABLE
  2
LTYPE
  5
5
100
AcDbSymbolTable
 70
41
  0
LTYPE
  5
16
100
AcDbSymbolTableRecord
100
AcDbLinetypeTableRecord
  2
Continuous
 70
0
  3
Solid line
 72
65
 73
0
 40
0.0
  0
LTYPE
  5
31
100
AcDbSymbolTableRecord
100
AcDbLinetypeTableRecord
  2
CENTER2
 70
0
  3
Center (.5x) ___ _ ___ _ ___ _ ___ _ ___ _ ___
 72
65
 73
4
 40
1.125
 49
0.75
 74
0
 49
-0.125
 74
0
 49
0.125
 74
0
 49
-0.125
 74
0
  0
LTYPE
  5
32
100
AcDbSymbolTableRecord
100
AcDbLinetypeTableRecord
  2
DASHDOT
 70
0
  3
Dash dot __ . __ . __ . __ . __ . __ . __ . __
 72
65
 73
4
 40
1.0
 49
0.5
 74
0
 49
-0.25
 74
0
 49
0.0
 74
0
 49
-0.25
 74
0
  0
LTYPE
  5
33
100
AcDbSymbolTableRecord
100
AcDbLinetypeTableRecord
  2
ACAD_ISO04W100
 70
0
  3
ISO long-dash dot ____ . ____ . ____ . ____ . _
 72
65
 73
4
 40
30.0
 49
24.0
 74
0
 49
-3.0
 74
0
 49
0.0
 74
0
 49
-3.0
 74
0
  0
LTYPE
  5
34
100
AcDbSymbolTableRecord
100
AcDbLinetypeTableRecord
  2
DASHED
 70
0
  3
Dashed __ __ __ __ __ __ __ __ __ __ __ __ __ _
 72
65
 73
2
 40
0.75
 49
0.5
 74
0
 49
-0.25
 74
0
  0
LTYPE
  5
35
100
AcDbSymbolTableRecord
100
AcDbLinetypeTableRecord
  2
BORDERX2
 70
0
  3
Border (2x) ____  ____  .  ____  ____  .  ___
 72
65
 73
6
 40
3.5
 49
1.0
 74
0
 49
-0.5
 74
0
 49
1.0
 74
0
 49
-0.5
 74
0
 49
0.0
 74
0
 49
-0.5
 74
0
  0
LTYPE
  5
36
100
AcDbSymbolTableRecord
100
AcDbLinetypeTableRecord
  2
PHANTOMX2
 70
0
  3
Phantom (2x) ____________    ____    ____   _
 72
65
 73
6
 40
5.0
 49
2.5
 74
0
 49
-0.5
 74
0
 49
0.5
 74
0
 49
-0.5
 74
0
 49
0.5
 74
0
 49
-0.5
 74
0
  0
LTYPE
  5
37
100
AcDbSymbolTableRecord
100
AcDbLinetypeTableRecord
  2
ACAD_ISO12W100
 70
0
  3
ISO dash double-dot __ . . __ . . __ . . __ . . 
 72
65
 73
6
 40
21.0
 49
12.0
 74
0
 49
-3.0
 74
0
 49
0.0
 74
0
 49
-3.0
 74
0
 49
0.0
 74
0
 49
-3.0
 74
0
  0
LTYPE
  5
38
100
AcDbSymbolTableRecord
100
AcDbLinetypeTableRecord
  2
DIVIDE
 70
0
  3
Divide ____ . . ____ . . ____ . . ____ . . ____
 72
65
 73
6
 40
1.25
 49
0.5
 74
0
 49
-0.25
 74
0
 49
0.0
 74
0
 49
-0.25
 74
0
 49
0.0
 74
0
 49
-0.25
 74
0
  0
LTYPE
  5
39
100
AcDbSymbolTableRecord
100
AcDbLinetypeTableRecord
  2
ACAD_ISO07W100
 70
0
  3
ISO dot . . . . . . . . . . . . . . . . . . . . 
 72
65
 73
2
 40
3.0
 49
0.0
 74
0
 49
-3.0
 74
0
  0
LTYPE
  5
3A
100
AcDbSymbolTableRecord
100
AcDbLinetypeTableRecord
  2
HIDDEN
 70
0
  3
Hidden __ __ __ __ __ __ __ __ __ __ __ __ __ __
 72
65
 73
2
 40
0.375
 49
0.25
 74
0
 49
-0.125
 74
0
  0
LTYPE
  5
3B
100
AcDbSymbolTableRecord
100
AcDbLinetypeTableRecord
  2
PHANTOM
 70
0
  3
Phantom ______  __  __  ______  __  __  ______ 
 72
65
 73
6
 40
2.5
 49
1.25
 74
0
 49
-0.25
 74
0
 49
0.25
 74
0
 49
-0.25
 74
0
 49
0.25
 74
0
 49
-0.25
 74
0
  0
LTYPE
  5
3C
100
AcDbSymbolTableRecord
100
AcDbLinetypeTableRecord
  2
PHANTOM2
 70
0
  3
Phantom (.5x) ___ _ _ ___ _ _ ___ _ _ ___ _ _
 72
65
 73
6
 40
1.25
 49
0.625
 74
0
 49
-0.125
 74
0
 49
0.125
 74
0
 49
-0.125
 74
0
 49
0.125
 74
0
 49
-0.125
 74
0
  0
LTYPE
  5
3D
100
AcDbSymbolTableRecord
100
AcDbLinetypeTableRecord
  2
DIVIDE2
 70
0
  3
Divide (.5x) __..__..__..__..__..__..__..__.._
 72
65
 73
6
 40
0.625
 49
0.25
 74
0
 49
-0.125
 74
0
 49
0.0
 74
0
 49
-0.125
 74
0
 49
0.0
 74
0
 49
-0.125
 74
0
  0
LTYPE
  5
3E
100
AcDbSymbolTableRecord
100
AcDbLinetypeTableRecord
  2
ACAD_ISO03W100
 70
0
  3
ISO dash space __    __    __    __    __    __
 72
65
 73
2
 40
30.0
 49
12.0
 74
0
 49
-18.0
 74
0
  0
LTYPE
  5
3F
100
AcDbSymbolTableRecord
100
AcDbLinetypeTableRecord
  2
HIDDEN2
 70
0
  3
Hidden (.5x) _ _ _ _ _ _ _ _ _ _ _ _ _ _ _ _ _ 
 72
65
 73
2
 40
0.1875
 49
0.125
 74
0
 49
-0.0625
 74
0
  0
LTYPE
  5
40
100
AcDbSymbolTableRecord
100
AcDbLinetypeTableRecord
  2
DOT
 70
0
  3
Dot . . . . . . . . . . . . . . . . . . . . . . . .
 72
65
 73
2
 40
0.25
 49
0.0
 74
0
 49
-0.25
 74
0
  0
LTYPE
  5
41
100
AcDbSymbolTableRecord
100
AcDbLinetypeTableRecord
  2
ACAD_ISO06W100
 70
0
  3
ISO long-dash triple-dot ____ ... ____ ... ____
 72
65
 73
8
 40
36.0
 49
24.0
 74
0
 49
-3.0
 74
0
 49
0.0
 74
0
 49
-3.0
 74
0
 49
0.0
 74
0
 49
-3.0
 74
0
 49
0.0
 74
0
 49
-3.0
 74
0
  0
LTYPE
  5
42
100
AcDbSymbolTableRecord
100
AcDbLinetypeTableRecord
  2
ACAD_ISO02W100
 70
0
  3
ISO dash __ __ __ __ __ __ __ __ __ __ __ __ __
 72
65
 73
2
 40
15.0
 49
12.0
 74
0
 49
-3.0
 74
0
  0
LTYPE
  5
43
100
AcDbSymbolTableRecord
100
AcDbLinetypeTableRecord
  2
CENTER
 70
0
  3
Center ____ _ ____ _ ____ _ ____ _ ____ _ ____
 72
65
 73
4
 40
2.0
 49
1.25
 74
0
 49
-0.25
 74
0
 49
0.25
 74
0
 49
-0.25
 74
0
  0
LTYPE
  5
15
100
AcDbSymbolTableRecord
100
AcDbLinetypeTableRecord
  2
BYLAYER
 70
0
  3

 72
65
 73
0
 40
0.0
  0
LTYPE
  5
14
100
AcDbSymbolTableRecord
100
AcDbLinetypeTableRecord
  2
BYBLOCK
 70
0
  3

 72
65
 73
0
 40
0.0
  0
LTYPE
  5
44
100
AcDbSymbolTableRecord
100
AcDbLinetypeTableRecord
  2
DASHDOT2
 70
0
  3
Dash dot (.5x) _._._._._._._._._._._._._._._.
 72
65
 73
4
 40
0.5
 49
0.25
 74
0
 49
-0.125
 74
0
 49
0.0
 74
0
 49
-0.125
 74
0
  0
LTYPE
  5
45
100
AcDbSymbolTableRecord
100
AcDbLinetypeTableRecord
  2
DASHDOTX2
 70
0
  3
Dash dot (2x) ____  .  ____  .  ____  .  ___
 72
65
 73
4
 40
2.0
 49
1.0
 74
0
 49
-0.5
 74
0
 49
0.0
 74
0
 49
-0.5
 74
0
  0
LTYPE
  5
46
100
AcDbSymbolTableRecord
100
AcDbLinetypeTableRecord
  2
ACAD_ISO05W100
 70
0
  3
ISO long-dash double-dot ____ .. ____ .. ____ . 
 72
65
 73
6
 40
33.0
 49
24.0
 74
0
 49
-3.0
 74
0
 49
0.0
 74
0
 49
-3.0
 74
0
 49
0.0
 74
0
 49
-3.0
 74
0
  0
LTYPE
  5
47
100
AcDbSymbolTableRecord
100
AcDbLinetypeTableRecord
  2
ACAD_ISO09W100
 70
0
  3
ISO long-dash double-short-dash ____ __ __ ____
 72
65
 73
6
 40
45.0
 49
24.0
 74
0
 49
-3.0
 74
0
 49
6.0
 74
0
 49
-3.0
 74
0
 49
6.0
 74
0
 49
-3.0
 74
0
  0
LTYPE
  5
48
100
AcDbSymbolTableRecord
100
AcDbLinetypeTableRecord
  2
ACAD_ISO11W100
 70
0
  3
ISO double-dash dot __ __ . __ __ . __ __ . __ _
 72
65
 73
6
 40
33.0
 49
12.0
 74
0
 49
-3.0
 74
0
 49
12.0
 74
0
 49
-3.0
 74
0
 49
0.0
 74
0
 49
-3.0
 74
0
  0
LTYPE
  5
49
100
AcDbSymbolTableRecord
100
AcDbLinetypeTableRecord
  2
ACAD_ISO08W100
 70
0
  3
ISO long-dash short-dash ____ __ ____ __ ____ _
 72
65
 73
4
 40
36.0
 49
24.0
 74
0
 49
-3.0
 74
0
 49
6.0
 74
0
 49
-3.0
 74
0
  0
LTYPE
  5
4A
100
AcDbSymbolTableRecord
100
AcDbLinetypeTableRecord
  2
ACAD_ISO13W100
 70
0
  3
ISO double-dash double-dot __ __ . . __ __ . . _
 72
65
 73
8
 40
36.0
 49
12.0
 74
0
 49
-3.0
 74
0
 49
12.0
 74
0
 49
-3.0
 74
0
 49
0.0
 74
0
 49
-3.0
 74
0
 49
0.0
 74
0
 49
-3.0
 74
0
  0
LTYPE
  5
4B
100
AcDbSymbolTableRecord
100
AcDbLinetypeTableRecord
  2
DASHEDX2
 70
0
  3
Dashed (2x) ____  ____  ____  ____  ____  ___
 72
65
 73
2
 40
1.5
 49
1.0
 74
0
 49
-0.5
 74
0
  0
LTYPE
  5
4C
100
AcDbSymbolTableRecord
100
AcDbLinetypeTableRecord
  2
ACAD_ISO14W100
 70
0
  3
ISO dash triple-dot __ . . . __ . . . __ . . . _
 72
65
 73
8
 40
24.0
 49
12.0
 74
0
 49
-3.0
 74
0
 49
0.0
 74
0
 49
-3.0
 74
0
 49
0.0
 74
0
 49
-3.0
 74
0
 49
0.0
 74
0
 49
-3.0
 74
0
  0
LTYPE
  5
4D
100
AcDbSymbolTableRecord
100
AcDbLinetypeTableRecord
  2
BORDER
 70
0
  3
Border __ __ . __ __ . __ __ . __ __ . __ __ .
 72
65
 73
6
 40
1.75
 49
0.5
 74
0
 49
-0.25
 74
0
 49
0.5
 74
0
 49
-0.25
 74
0
 49
0.0
 74
0
 49
-0.25
 74
0
  0
LTYPE
  5
4E
100
AcDbSymbolTableRecord
100
AcDbLinetypeTableRecord
  2
DOTX2
 70
0
  3
Dot (2x) .  .  .  .  .  .  .  .  .  .  .  .  .  .
 72
65
 73
2
 40
0.5
 49
0.0
 74
0
 49
-0.5
 74
0
  0
LTYPE
  5
4F
100
AcDbSymbolTableRecord
100
AcDbLinetypeTableRecord
  2
ACAD_ISO10W100
 70
0
  3
ISO dash dot __ . __ . __ . __ . __ . __ . __ . 
 72
65
 73
4
 40
18.0
 49
12.0
 74
0
 49
-3.0
 74
0
 49
0.0
 74
0
 49
-3.0
 74
0
  0
LTYPE
  5
50
100
AcDbSymbolTableRecord
100
AcDbLinetypeTableRecord
  2
DASHED2
 70
0
  3
Dashed (.5x) _ _ _ _ _ _ _ _ _ _ _ _ _ _ _ _ _ 
 72
65
 73
2
 40
0.375
 49
0.25
 74
0
 49
-0.125
 74
0
  0
LTYPE
  5
51
100
AcDbSymbolTableRecord
100
AcDbLinetypeTableRecord
  2
DIVIDEX2
 70
0
  3
Divide (2x) ________  .  .  ________  .  .  _
 72
65
 73
6
 40
2.5
 49
1.0
 74
0
 49
-0.5
 74
0
 49
0.0
 74
0
 49
-0.5
 74
0
 49
0.0
 74
0
 49
-0.5
 74
0
  0
LTYPE
  5
52
100
AcDbSymbolTableRecord
100
AcDbLinetypeTableRecord
  2
HIDDENX2
 70
0
  3
Hidden (2x) ____ ____ ____ ____ ____ ____ ____ 
 72
65
 73
2
 40
0.75
 49
0.5
 74
0
 49
-0.25
 74
0
  0
LTYPE
  5
53
100
AcDbSymbolTableRecord
100
AcDbLinetypeTableRecord
  2
CENTERX2
 70
0
  3
Center (2x) ________  __  ________  __  _____
 72
65
 73
4
 40
4.0
 49
2.5
 74
0
 49
-0.5
 74
0
 49
0.5
 74
0
 49
-0.5
 74
0
  0
LTYPE
  5
54
100
AcDbSymbolTableRecord
100
AcDbLinetypeTableRecord
  2
ACAD_ISO15W100
 70
0
  3
ISO double-dash triple-dot __ __ . . . __ __ . .
 72
65
 73
10
 40
39.0
 49
12.0
 74
0
 49
-3.0
 74
0
 49
12.0
 74
0
 49
-3.0
 74
0
 49
0.0
 74
0
 49
-3.0
 74
0
 49
0.0
 74
0
 49
-3.0
 74
0
 49
0.0
 74
0
 49
-3.0
 74
0
  0
LTYPE
  5
55
100
AcDbSymbolTableRecord
100
AcDbLinetypeTableRecord
  2
BORDER2
 70
0
  3
Border (.5x) __.__.__.__.__.__.__.__.__.__.__.
 72
65
 73
6
 40
0.875
 49
0.25
 74
0
 49
-0.125
 74
0
 49
0.25
 74
0
 49
-0.125
 74
0
 49
0.0
 74
0
 49
-0.125
 74
0
  0
LTYPE
  5
56
100
AcDbSymbolTableRecord
100
AcDbLinetypeTableRecord
  2
DOT2
 70
0
  3
Dot (.5x) ........................................
 72
65
 73
2
 40
0.125
 49
0.0
 74
0
 49
-0.125
 74
0
  0
ENDTAB
  0
TABLE
  2
LAYER
  5
2
100
AcDbSymbolTable
 70
2
  0
LAYER
  5
57
100
AcDbSymbolTableRecord
100
AcDbLayerTableRecord
  2
Window Trim
 70
0
 62
7
420
0
  6
Continuous
370
25
390
F
  0
LAYER
  5
10
100
AcDbSymbolTableRecord
100
AcDbLayerTableRecord
  2
0
 70
1
 62
7
420
16777215
  6
Continuous
370
25
390
F
  0
ENDTAB
  0
TABLE
  2
STYLE
  5
3
100
AcDbSymbolTable
 70
14
  0
STYLE
  5
58
100
AcDbSymbolTableRecord
100
AcDbTextStyleTableRecord
  2
Standard
 70
0
 40
0.0
 41
1.0
 50
0.0
 71
0
 42
2.5
  3

  4

1001
ACAD
1000
txt
1071
0
  0
STYLE
  5
59
100
AcDbSymbolTableRecord
100
AcDbTextStyleTableRecord
  2
textstyle0
 70
0
 40
0.0
 41
1.0
 50
0.0
 71
0
 42
3.0
  3

  4

1001
ACAD
1000
Liberation Sans
1071
0
  0
STYLE
  5
5A
100
AcDbSymbolTableRecord
100
AcDbTextStyleTableRecord
  2
textstyle1
 70
0
 40
0.0
 41
1.0
 50
0.0
 71
0
 42
3.0
  3

  4

1001
ACAD
1000
Liberation Sans
1071
0
  0
STYLE
  5
5B
100
AcDbSymbolTableRecord
100
AcDbTextStyleTableRecord
  2
textstyle2
 70
0
 40
0.0
 41
1.0
 50
0.0
 71
0
 42
3.0
  3

  4

1001
ACAD
1000
Liberation Sans
1071
0
  0
STYLE
  5
5C
100
AcDbSymbolTableRecord
100
AcDbTextStyleTableRecord
  2
textstyle3
 70
0
 40
0.0
 41
1.0
 50
0.0
 71
0
 42
3.0
  3

  4

1001
ACAD
1000
Liberation Sans
1071
0
  0
STYLE
  5
5D
100
AcDbSymbolTableRecord
100
AcDbTextStyleTableRecord
  2
textstyle4
 70
0
 40
0.0
 41
1.0
 50
0.0
 71
0
 42
3.0
  3

  4

1001
ACAD
1000
Liberation Sans
1071
0
  0
STYLE
  5
5E
100
AcDbSymbolTableRecord
100
AcDbTextStyleTableRecord
  2
textstyle5
 70
0
 40
0.0
 41
1.0
 50
0.0
 71
0
 42
3.0
  3

  4

1001
ACAD
1000
Liberation Sans
1071
0
  0
STYLE
  5
5F
100
AcDbSymbolTableRecord
100
AcDbTextStyleTableRecord
  2
textstyle6
 70
0
 40
0.0
 41
1.0
 50
0.0
 71
0
 42
3.0
  3

  4

1001
ACAD
1000
Liberation Sans
1071
0
  0
STYLE
  5
60
100
AcDbSymbolTableRecord
100
AcDbTextStyleTableRecord
  2
textstyle7
 70
0
 40
0.0
 41
1.0
 50
0.0
 71
0
 42
3.0
  3

  4

1001
ACAD
1000
Liberation Sans
1071
0
  0
STYLE
  5
61
100
AcDbSymbolTableRecord
100
AcDbTextStyleTableRecord
  2
textstyle8
 70
0
 40
0.0
 41
1.0
 50
0.0
 71
0
 42
3.0
  3

  4

1001
ACAD
1000
Liberation Sans
1071
0
  0
STYLE
  5
62
100
AcDbSymbolTableRecord
100
AcDbTextStyleTableRecord
  2
textstyle9
 70
0
 40
0.0
 41
1.0
 50
0.0
 71
0
 42
3.0
  3

  4

1001
ACAD
1000
Liberation Sans
1071
0
  0
STYLE
  5
63
100
AcDbSymbolTableRecord
100
AcDbTextStyleTableRecord
  2
textstyle10
 70
0
 40
0.0
 41
1.0
 50
0.0
 71
0
 42
3.0
  3

  4

1001
ACAD
1000
Liberation Sans
1071
0
  0
STYLE
  5
64
100
AcDbSymbolTableRecord
100
AcDbTextStyleTableRecord
  2
textstyle11
 70
0
 40
0.0
 41
1.0
 50
0.0
 71
0
 42
3.0
  3

  4

1001
ACAD
1000
Liberation Sans
1071
0
  0
STYLE
  5
65
100
AcDbSymbolTableRecord
100
AcDbTextStyleTableRecord
  2
textstyle12
 70
0
 40
0.0
 41
1.0
 50
0.0
 71
0
 42
3.0
  3

  4

1001
ACAD
1000
Liberation Sans
1071
0
  0
ENDTAB
  0
TABLE
  2
VIEW
  5
6
100
AcDbSymbolTable
 70
0
  0
ENDTAB
  0
TABLE
  2
UCS
  5
7
100
AcDbSymbolTable
 70
0
  0
ENDTAB
  0
TABLE
  2
APPID
  5
9
100
AcDbSymbolTable
 70
1
  0
APPID
  5
12
100
AcDbSymbolTableRecord
100
AcDbRegAppTableRecord
  2
ACAD
 70
0
  0
APPID
  5
66
100
AcDbSymbolTableRecord
100
AcDbRegAppTableRecord
  2
QCAD
 70
0
  0
ENDTAB
  0
TABLE
  2
DIMSTYLE
  5
A
100
AcDbSymbolTable
 70
1
100
AcDbDimStyleTable
 71
0
  0
DIMSTYLE
105
27
100
AcDbSymbolTableRecord
100
AcDbDimStyleTableRecord
  2
Standard
 41
1.5
 42
0.625
 43
3.75
 44
1.25
 70
0
 73
0
 74
0
 77
1
 78
8
140
2.5
141
2.5
143
0.03937007874016
147
0.625
171
3
172
1
271
2
272
2
274
3
278
44
283
0
284
8
340
58
  0
ENDTAB
  0
TABLE
  2
BLOCK_RECORD
  5
1
100
AcDbSymbolTable
 70
1
  0
BLOCK_RECORD
  5
1F
100
AcDbSymbolTableRecord
100
AcDbBlockTableRecord
  2
*Model_Space
340
22
  0
BLOCK_RECORD
  5
1B
100
AcDbSymbolTableRecord
100
AcDbBlockTableRecord
  2
*Paper_Space
340
1E
  0
BLOCK_RECORD
  5
23
100
AcDbSymbolTableRecord
100
AcDbBlockTableRecord
  2
*Paper_Space0
340
26
  0
BLOCK_RECORD
  5
67
100
AcDbSymbolTableRecord
100
AcDbBlockTableRecord
  2
noNail
340
0
  0
BLOCK_RECORD
  5
68
100
AcDbSymbolTableRecord
100
AcDbBlockTableRecord
  2
NailHead
340
0
  0
ENDTAB
  0
ENDSEC
  0
SECTION
  2
BLOCKS
  0
BLOCK
  5
20
100
AcDbEntity
  8
0
100
AcDbBlockBegin
  2
*Model_Space
 70
0
 10
0.0
 20
0.0
 30
0.0
  3
*Model_Space
  1

  0
ENDBLK
  5
21
100
AcDbEntity
  8
0
100
AcDbBlockEnd
  0
BLOCK
  5
1C
100
AcDbEntity
 67
1
  8
0
100
AcDbBlockBegin
  2
*Paper_Space
 70
0
 10
0.0
 20
0.0
 30
0.0
  3
*Paper_Space
  1

  0
ENDBLK
  5
1D
100
AcDbEntity
 67
1
  8
0
100
AcDbBlockEnd
  0
BLOCK
  5
24
100
AcDbEntity
  8
0
100
AcDbBlockBegin
  2
*Paper_Space0
 70
0
 10
0.0
 20
0.0
 30
0.0
  3
*Paper_Space0
  1

  0
ENDBLK
  5
25
100
AcDbEntity
  8
0
100
AcDbBlockEnd
  0
BLOCK
  5
69
100
AcDbEntity
  8
0
100
AcDbBlockBegin
  2
noNail
 70
0
 10
0.0
 20
0.0
 30
0.0
  3
noNail
  1

  0
ENDBLK
  5
6A
100
AcDbEntity
  8
0
100
AcDbBlockEnd
  0
BLOCK
  5
6B
100
AcDbEntity
  8
0
100
AcDbBlockBegin
  2
NailHead
 70
0
 10
0.0
 20
0.0
 30
0.0
  3
NailHead
  1

  0
CIRCLE
  5
6C
100
AcDbEntity
  8
Window Trim
 62
256
370
-1
 48
1.0
  6
BYLAYER
100
AcDbCircle
 10
0.0
 20
0.0
 30
0.0
 40
0.15
  0
HATCH
  5
6D
100
AcDbEntity
  8
Window Trim
 62
256
370
-1
 48
1.0
  6
BYLAYER
100
AcDbHatch
 10
0.0
 20
0.0
 30
0.0
210
0.0
220
0.0
230
1.0
  2
SOLID
 70
1
 71
0
 91
1
 92
1
 93
1
 72
2
 10
0.0
 20
0.0
 40
0.15
 50
0.0
 51
360.0
 73
1
 97
0
 75
0
 76
1
 98
0
1001
ACAD
1010
0.0
1020
0.0
1030
0
  0
ENDBLK
  5
6E
100
AcDbEntity
  8
0
100
AcDbBlockEnd
  0
ENDSEC
  0
SECTION
  2
ENTITIES
  0
LINE
  5
6F
100
AcDbEntity
  8
Window Trim
 62
256
370
-1
 48
1.0
  6
BYLAYER
100
AcDbLine
 10
26.75
 20
35.25
 30
0.0
 11
-4.25
 21
35.25
 31
0.0
  0
LINE
  5
70
100
AcDbEntity
  8
Window Trim
 62
256
370
-1
 48
1.0
  6
BYLAYER
100
AcDbLine
 10
26.75
 20
45.25
 30
0.0
 11
-4.25
 21
45.25
 31
0.0
  0
LINE
  5
71
100
AcDbEntity
  8
Window Trim
 62
256
370
-1
 48
1.0
  6
BYLAYER
100
AcDbLine
 10
0.0
 20
35.0
 30
0.0
 11
23.0
 21
35.0
 31
0.0
  0
LINE
  5
72
100
AcDbEntity
  8
Window Trim
 62
256
370
-1
 48
1.0
  6
BYLAYER
100
AcDbLine
 10
23.0
 20
0.0
 30
0.0
 11
0.0
 21
0.0
 31
0.0
  0
LINE
  5
73
100
AcDbEntity
  8
Window Trim
 62
256
370
-1
 48
1.0
  6
BYLAYER
100
AcDbLine
 10
0.0
 20
21.5
 30
0.0
 11
0.0
 21
21.5
 31
0.0
  0
LINE
  5
74
100
AcDbEntity
  8
Window Trim
 62
256
370
-1
 48
1.0
  6
BYLAYER
100
AcDbLine
 10
0.0
 20
21.5
 30
0.0
 11
23.0
 21
21.5
 31
0.0
  0
LINE
  5
75
100
AcDbEntity
  8
Window Trim
 62
256
370
-1
 48
1.0
  6
BYLAYER
100
AcDbLine
 10
-0.0032699811025978
 20
21.9093086989282568
 30
0.0
 11
23.0
 21
21.9093086989282568
 31
0.0
  0
LINE
  5
76
100
AcDbEntity
  8
Window Trim
 62
256
370
-1
 48
1.0
  6
BYLAYER
100
AcDbLine
 10
0.0
 20
0.0
 30
0.0
 11
0.0
 21
21.5
 31
0.0
  0
LINE
  5
77
100
AcDbEntity
  8
Window Trim
 62
256
370
-1
 48
1.0
  6
BYLAYER
100
AcDbLine
 10
0.0
 20
21.5
 30
0.0
 11
0.0
 21
21.5
 31
0.0
  0
LINE
  5
78
100
AcDbEntity
  8
Window Trim
 62
256
370
-1
 48
1.0
  6
BYLAYER
100
AcDbLine
 10
0.0
 20
21.5
 30
0.0
 11
0.0
 21
35.0
 31
0.0
  0
LINE
  5
79
100
AcDbEntity
  8
Window Trim
 62
256
370
-1
 48
1.0
  6
BYLAYER
100
AcDbLine
 10
23.0
 20
35.0
 30
0.0
 11
23.0
 21
21.9093086989282568
 31
0.0
  0
LINE
  5
7A
100
AcDbEntity
  8
Window Trim
 62
256
370
-1
 48
1.0
  6
BYLAYER
100
AcDbLine
 10
23.0
 20
21.9093086989282568
 30
0.0
 11
23.0
 21
21.9093086989282568
 31
0.0
  0
LINE
  5
7B
100
AcDbEntity
  8
Window Trim
 62
256
370
-1
 48
1.0
  6
BYLAYER
100
AcDbLine
 10
23.0
 20
21.5
 30
0.0
 11
23.0
 21
0.0
 31
0.0
  0
LINE
  5
7C
100
AcDbEntity
  8
Window Trim
 62
256
370
-1
 48
1.0
  6
BYLAYER
100
AcDbLine
 10
23.0
 20
21.5
 30
0.0
 11
23.0
 21
21.9093086989282568
 31
0.0
  0
LINE
  5
7D
100
AcDbEntity
  8
Window Trim
 62
256
370
-1
 48
1.0
  6
BYLAYER
100
AcDbLine
 10
23.0
 20
21.9093086989282568
 30
0.0
 11
23.0
 21
21.9093086989282568
 31
0.0
  0
LINE
  5
7E
100
AcDbEntity
  8
Window Trim
 62
256
370
-1
 48
1.0
  6
BYLAYER
100
AcDbLine
 10
-3.75
 20
-4.25
 30
0.0
 11
-3.75
 21
35.25
 31
0.0
  0
LINE
  5
7F
100
AcDbEntity
  8
Window Trim
 62
256
370
-1
 48
1.0
  6
BYLAYER
100
AcDbLine
 10
23.25
 20
-4.25
 30
0.0
 11
23.25
 21
35.25
 31
0.0
  0
LINE
  5
80
100
AcDbEntity
  8
Window Trim
 62
256
370
-1
 48
1.0
  6
BYLAYER
100
AcDbLine
 10
37.8049525450768442
 20
-11.1356164729075999
 30
0.0
 11
37.8049525450768442
 21
28.3643835270924001
 31
0.0
  0
LINE
  5
81
100
AcDbEntity
  8
Window Trim
 62
256
370
-1
 48
1.0
  6
BYLAYER
100
AcDbLine
 10
-14.8923411330825548
 20
-11.135616472907591
 30
0.0
 11
-14.8923411330825406
 21
28.3643835270924072
 31
0.0
  0
LINE
  5
82
100
AcDbEntity
  8
Window Trim
 62
256
370
-1
 48
1.0
  6
BYLAYER
100
AcDbLine
 10
-3.75
 20
35.25
 30
0.0
 11
-0.25
 21
35.25
 31
0.0
  0
LINE
  5
83
100
AcDbEntity
  8
Window Trim
 62
256
370
-1
 48
1.0
  6
BYLAYER
100
AcDbLine
 10
-3.75
 20
45.25
 30
0.0
 11
-0.25
 21
45.25
 31
0.0
  0
LINE
  5
84
100
AcDbEntity
  8
Window Trim
 62
256
370
-1
 48
1.0
  6
BYLAYER
100
AcDbLine
 10
23.25
 20
35.25
 30
0.0
 11
26.75
 21
35.25
 31
0.0
  0
LINE
  5
85
100
AcDbEntity
  8
Window Trim
 62
256
370
-1
 48
1.0
  6
BYLAYER
100
AcDbLine
 10
23.25
 20
45.25
 30
0.0
 11
26.25
 21
45.25
 31
0.0
  0
LINE
  5
86
100
AcDbEntity
  8
Window Trim
 62
256
370
-1
 48
1.0
  6
BYLAYER
100
AcDbLine
 10
-0.25
 20
35.25
 30
0.0
 11
-0.25
 21
-4.25
 31
0.0
  0
LINE
  5
87
100
AcDbEntity
  8
Window Trim
 62
256
370
-1
 48
1.0
  6
BYLAYER
100
AcDbLine
 10
26.75
 20
35.25
 30
0.0
 11
26.75
 21
-4.25
 31
0.0
  0
LINE
  5
88
100
AcDbEntity
  8
Window Trim
 62
256
370
-1
 48
1.0
  6
BYLAYER
100
AcDbLine
 10
41.3049525450768442
 20
28.3643835270924001
 30
0.0
 11
41.3049525450768442
 21
-11.1356164729075999
 31
0.0
  0
LINE
  5
89
100
AcDbEntity
  8
Window Trim
 62
256
370
-1
 48
1.0
  6
BYLAYER
100
AcDbLine
 10
-18.3923411330825459
 20
28.3643835270924001
 30
0.0
 11
-18.392341133082553
 21
-11.1356164729075964
 31
0.0
  0
LINE
  5
8A
100
AcDbEntity
  8
Window Trim
 62
256
370
-1
 48
1.0
  6
BYLAYER
100
AcDbLine
 10
-0.25
 20
-4.25
 30
0.0
 11
-3.75
 21
-4.25
 31
0.0
  0
LINE
  5
8B
100
AcDbEntity
  8
Window Trim
 62
256
370
-1
 48
1.0
  6
BYLAYER
100
AcDbLine
 10
26.75
 20
-4.25
 30
0.0
 11
23.25
 21
-4.25
 31
0.0
  0
LINE
  5
8C
100
AcDbEntity
  8
Window Trim
 62
256
370
-1
 48
1.0
  6
BYLAYER
100
AcDbLine
 10
41.3049525450768442
 20
-11.1356164729075999
 30
0.0
 11
37.8049525450768442
 21
-11.1356164729075999
 31
0.0
  0
LINE
  5
8D
100
AcDbEntity
  8
Window Trim
 62
256
370
-1
 48
1.0
  6
BYLAYER
100
AcDbLine
 10
-18.392341133082553
 20
-11.1356164729075964
 30
0.0
 11
-14.8923411330825548
 21
-11.135616472907591
 31
0.0
  0
LINE
  5
8E
100
AcDbEntity
  8
Window Trim
 62
256
370
-1
 48
1.0
  6
BYLAYER
100
AcDbLine
 10
-4.25
 20
35.25
 30
0.0
 11
-4.25
 21
38.75
 31
0.0
  0
LINE
  5
8F
100
AcDbEntity
  8
Window Trim
 62
256
370
-1
 48
1.0
  6
BYLAYER
100
AcDbLine
 10
-4.25
 20
45.25
 30
0.0
 11
-4.25
 21
48.75
 31
0.0
  0
LINE
  5
90
100
AcDbEntity
  8
Window Trim
 62
256
370
-1
 48
1.0
  6
BYLAYER
100
AcDbLine
 10
-4.25
 20
38.75
 30
0.0
 11
26.75
 21
38.75
 31
0.0
  0
LINE
  5
91
100
AcDbEntity
  8
Window Trim
 62
256
370
-1
 48
1.0
  6
BYLAYER
100
AcDbLine
 10
-4.25
 20
48.75
 30
0.0
 11
26.75
 21
48.75
 31
0.0
  0
LINE
  5
92
100
AcDbEntity
  8
Window Trim
 62
256
370
-1
 48
1.0
  6
BYLAYER
100
AcDbLine
 10
-4.25
 20
38.5499999999999972
 30
0.0
 11
26.75
 21
38.5499999999999972
 31
0.0
  0
LINE
  5
93
100
AcDbEntity
  8
Window Trim
 62
256
370
-1
 48
1.0
  6
BYLAYER
100
AcDbLine
 10
26.75
 20
38.75
 30
0.0
 11
26.75
 21
35.25
 31
0.0
  0
LINE
  5
94
100
AcDbEntity
  8
Window Trim
 62
256
370
-1
 48
1.0
  6
BYLAYER
100
AcDbLine
 10
26.75
 20
48.75
 30
0.0
 11
26.75
 21
45.25
 31
0.0
  0
LINE
  5
95
100
AcDbEntity
  8
Window Trim
 62
256
370
-1
 48
1.0
  6
BYLAYER
100
AcDbLine
 10
-0.25
 20
-0.25
 30
0.0
 11
23.25
 21
-0.25
 31
0.0
  0
LINE
  5
96
100
AcDbEntity
  8
Window Trim
 62
256
370
-1
 48
1.0
  6
BYLAYER
100
AcDbLine
 10
23.25
 20
-0.25
 30
0.0
 11
23.25
 21
-3.75
 31
0.0
  0
LINE
  5
97
100
AcDbEntity
  8
Window Trim
 62
256
370
-1
 48
1.0
  6
BYLAYER
100
AcDbLine
 10
23.25
 20
-3.75
 30
0.0
 11
-0.25
 21
-3.75
 31
0.0
  0
LINE
  5
98
100
AcDbEntity
  8
Window Trim
 62
256
370
-1
 48
1.0
  6
BYLAYER
100
AcDbLine
 10
-0.25
 20
-3.75
 30
0.0
 11
-0.25
 21
-0.25
 31
0.0
  0
LEADER
  5
99
100
AcDbEntity
  8
Window Trim
 62
256
370
-1
 48
1.0
  6
BYLAYER
100
AcDbLeader
  3
Standard
 71
1
 72
0
 73
3
 74
0
 75
0
 40
1.0
 41
10.0
 76
3
 10
-4.0057347291886591
 20
35.2227165805757565
 10
-7.0293392501019083
 20
30.9542000574792695
 10
-9.0293392501019092
 20
30.9542000574792624
1001
ACAD
1000
DSTYLE
1002
{
1070
40
1040
1.0
1002
}
  0
MTEXT
  5
9A
100
AcDbEntity
  8
Window Trim
 62
256
370
-1
 48
1.0
  6
BYLAYER
100
AcDbMText
 10
-9.3962260141852134
 20
31.2340621194178141
 30
0.0
 40
3.0
 41
0.0
 71
3
 72
1
  1
\H1;1/2" overhang
  7
textstyle2
 50
0.0
 73
2
 44
1.0
  0
MTEXT
  5
9B
100
AcDbEntity
  8
Window Trim
 62
256
370
-1
 48
1.0
  6
BYLAYER
100
AcDbMText
 10
6.3442380378824854
 20
41.5449844638709394
 30
0.0
 40
3.0
 41
0.0
 71
1
 72
1
  1
\H1;30%%d bevel
  7
textstyle5
 50
0.0
 73
2
 44
1.0
  0
LEADER
  5
9C
100
AcDbEntity
  8
Window Trim
 62
256
370
-1
 48
1.0
  6
BYLAYER
100
AcDbLeader
  3
Standard
 71
1
 72
0
 73
3
 74
0
 75
0
 40
1.0
 41
10.0
 76
3
 10
11.1347462390567404
 20
-3.7111260832480863
 10
14.0
 20
-8.0
 10
15.0
 20
-8.0
1001
ACAD
1000
DSTYLE
1002
{
1070
40
1040
1.0
1002
}
  0
MTEXT
  5
9D
100
AcDbEntity
  8
Window Trim
 62
256
370
-1
 48
1.0
  6
BYLAYER
100
AcDbMText
 10
15.5706475430110629
 20
-7.5119909071845896
 30
0.0
 40
3.0
 41
0.0
 71
1
 72
1
  1
\H1;Measure and cut to fit
  7
textstyle4
 50
0.0
 73
2
 44
1.0
  0
MTEXT
  5
9E
100
AcDbEntity
  8
Window Trim
 62
256
370
-1
 48
1.0
  6
BYLAYER
100
AcDbMText
 10
32.9000000000000057
 20
42.3499999999999801
 30
0.0
 40
3.0
 41
0.0
 71
1
 72
1
  1
\H2;3
  7
textstyle3
 50
0.0
 73
2
 44
1.0
  0
MTEXT
  5
9F
100
AcDbEntity
  8
Window Trim
 62
256
370
-1
 48
1.0
  6
BYLAYER
100
AcDbMText
 10
-10.6113076509434805
 20
-5.0950790125124854
 30
0.0
 40
3.0
 41
0.0
 71
1
 72
1
  1
\H2;1
  7
textstyle8
 50
0.0
 73
2
 44
1.0
  0
MTEXT
  5
A0
100
AcDbEntity
  8
Window Trim
 62
256
370
-1
 48
1.0
  6
BYLAYER
100
AcDbMText
 10
32.288692349056511
 20
-5.1950790125124762
 30
0.0
 40
3.0
 41
0.0
 71
1
 72
1
  1
\H2;2
  7
textstyle7
 50
0.0
 73
2
 44
1.0
  0
MTEXT
  5
A1
100
AcDbEntity
  8
Window Trim
 62
256
370
-1
 48
1.0
  6
BYLAYER
100
AcDbMText
 10
5.3647339854003331
 20
-7.6985788515467668
 30
0.0
 40
3.0
 41
0.0
 71
2
 72
1
  1
\H2;4
  7
textstyle6
 50
0.0
 73
2
 44
1.0
  0
CIRCLE
  5
A2
100
AcDbEntity
  8
Window Trim
 62
256
370
-1
 48
1.0
  6
BYLAYER
100
AcDbCircle
 10
33.5
 20
41.2499999999999929
 30
0.0
 40
1.625
  0
CIRCLE
  5
A3
100
AcDbEntity
  8
Window Trim
 62
256
370
-1
 48
1.0
  6
BYLAYER
100
AcDbCircle
 10
-10.0113076509434826
 20
-6.1950790125124726
 30
0.0
 40
1.625
  0
CIRCLE
  5
A4
100
AcDbEntity
  8
Window Trim
 62
256
370
-1
 48
1.0
  6
BYLAYER
100
AcDbCircle
 10
32.9886923490565138
 20
-6.1950790125124726
 30
0.0
 40
1.625
  0
CIRCLE
  5
A5
100
AcDbEntity
  8
Window Trim
 62
256
370
-1
 48
1.0
  6
BYLAYER
100
AcDbCircle
 10
5.4027334168145185
 20
-8.6060230118744379
 30
0.0
 40
1.625
  0
LEADER
  5
A6
100
AcDbEntity
  8
Window Trim
 62
256
370
-1
 48
1.0
  6
BYLAYER
100
AcDbLeader
  3
Standard
 71
1
 72
0
 73
3
 74
0
 75
0
 40
1.0
 41
10.0
 76
3
 10
26.7499999999999964
 20
36.9999999999999929
 10
29.2499999999999964
 20
41.2499999999999929
 10
31.8749999999999964
 20
41.2499999999999929
1001
ACAD
1000
DSTYLE
1002
{
1070
40
1040
1.0
1002
}
  0
LEADER
  5
A7
100
AcDbEntity
  8
Window Trim
 62
256
370
-1
 48
1.0
  6
BYLAYER
100
AcDbLeader
  3
Standard
 71
1
 72
0
 73
3
 74
0
 75
0
 40
1.0
 41
10.0
 76
3
 10
-3.7613076509434831
 20
-1.1950790125124726
 10
-6.5113076509434826
 20
-6.1950790125124726
 10
-8.3863076509434826
 20
-6.1950790125124726
1001
ACAD
1000
DSTYLE
1002
{
1070
40
1040
1.0
1002
}
  0
LEADER
  5
A8
100
AcDbEntity
  8
Window Trim
 62
256
370
-1
 48
1.0
  6
BYLAYER
100
AcDbLeader
  3
Standard
 71
1
 72
0
 73
3
 74
0
 75
0
 40
1.0
 41
10.0
 76
3
 10
26.7386923490565174
 20
-1.1950790125124726
 10
29.4886923490565174
 20
-6.1950790125124726
 10
31.3636923490565174
 20
-6.1950790125124726
1001
ACAD
1000
DSTYLE
1002
{
1070
40
1040
1.0
1002
}
  0
LEADER
  5
A9
100
AcDbEntity
  8
Window Trim
 62
256
370
-1
 48
1.0
  6
BYLAYER
100
AcDbLeader
  3
Standard
 71
1
 72
0
 73
3
 74
0
 75
0
 40
1.0
 41
10.0
 76
3
 10
9.9999999999999982
 20
-3.7500000000000107
 10
8.430164184353087
 20
-8.6219042554559415
 10
7.0277110587101248
 20
-8.6145472912806156
1001
ACAD
1000
DSTYLE
1002
{
1070
40
1040
1.0
1002
}
  0
MTEXT
  5
AA
100
AcDbEntity
  8
Window Trim
 62
256
370
-1
 48
1.0
  6
BYLAYER
100
AcDbMText
 10
-5.0667246651877287
 20
-26.1333643625882921
 30
0.0
 40
3.0
 41
0.0
 71
1
 72
1
  1
Rear Window Trim
  7
textstyle1
 50
0.0
 73
2
 44
1.0
  0
LEADER
  5
AB
100
AcDbEntity
  8
Window Trim
 62
256
370
-1
 48
1.0
  6
BYLAYER
100
AcDbLeader
  3
Standard
 71
1
 72
0
 73
3
 74
0
 75
0
 40
1.0
 41
10.0
 76
3
 10
0.5
 20
38.75
 10
3.0
 20
41.0
 10
5.0
 20
41.0
1001
ACAD
1000
DSTYLE
1002
{
1070
40
1040
1.0
1002
}
  0
LINE
  5
AC
100
AcDbEntity
  8
Window Trim
 62
256
370
100
 48
1.0
  6
BYLAYER
100
AcDbLine
 10
-3.6377538350978664
 20
48.3456803754422424
 30
0.0
 11
-3.5848227647828494
 21
48.239818234812212
 31
0.0
  0
LINE
  5
AD
100
AcDbEntity
  8
Window Trim
 62
256
370
100
 48
1.0
  6
BYLAYER
100
AcDbLine
 10
-3.5848227647828494
 20
48.239818234812212
 30
0.0
 11
-3.531891694467832
 21
47.9751628832371253
 31
0.0
  0
LINE
  5
AE
100
AcDbEntity
  8
Window Trim
 62
256
370
100
 48
1.0
  6
BYLAYER
100
AcDbLine
 10
-3.531891694467832
 20
47.9751628832371253
 30
0.0
 11
-3.531891694467832
 21
47.9222318129221065
 31
0.0
  0
LINE
  5
AF
100
AcDbEntity
  8
Window Trim
 62
256
370
100
 48
1.0
  6
BYLAYER
100
AcDbLine
 10
-3.531891694467832
 20
47.9222318129221065
 30
0.0
 11
-3.4789606241528146
 21
47.816369672292069
 31
0.0
  0
LINE
  5
B0
100
AcDbEntity
  8
Window Trim
 62
256
370
100
 48
1.0
  6
BYLAYER
100
AcDbLine
 10
-3.4789606241528146
 20
47.816369672292069
 30
0.0
 11
-3.4789606241528146
 21
47.7634386019770574
 31
0.0
  0
LINE
  5
B1
100
AcDbEntity
  8
Window Trim
 62
256
370
100
 48
1.0
  6
BYLAYER
100
AcDbLine
 10
-3.4789606241528146
 20
47.7634386019770574
 30
0.0
 11
-3.4789606241528146
 21
47.7105075316620386
 31
0.0
  0
LINE
  5
B2
100
AcDbEntity
  8
Window Trim
 62
256
370
100
 48
1.0
  6
BYLAYER
100
AcDbLine
 10
-3.4789606241528146
 20
47.7105075316620386
 30
0.0
 11
-3.4260295538377976
 21
47.6575764613470199
 31
0.0
  0
LINE
  5
B3
100
AcDbEntity
  8
Window Trim
 62
256
370
100
 48
1.0
  6
BYLAYER
100
AcDbLine
 10
-3.4260295538377976
 20
47.6575764613470199
 30
0.0
 11
-3.4260295538377976
 21
47.5517143207169823
 31
0.0
  0
LINE
  5
B4
100
AcDbEntity
  8
Window Trim
 62
256
370
100
 48
1.0
  6
BYLAYER
100
AcDbLine
 10
-3.4260295538377976
 20
47.5517143207169823
 30
0.0
 11
-3.4260295538377976
 21
47.4987832504019707
 31
0.0
  0
LINE
  5
B5
100
AcDbEntity
  8
Window Trim
 62
256
370
100
 48
1.0
  6
BYLAYER
100
AcDbLine
 10
-3.4260295538377976
 20
47.4987832504019707
 30
0.0
 11
-3.4260295538377976
 21
47.3929211097719332
 31
0.0
  0
LINE
  5
B6
100
AcDbEntity
  8
Window Trim
 62
256
370
100
 48
1.0
  6
BYLAYER
100
AcDbLine
 10
-3.4260295538377976
 20
47.3929211097719332
 30
0.0
 11
-3.4260295538377976
 21
47.3399900394569144
 31
0.0
  0
LINE
  5
B7
100
AcDbEntity
  8
Window Trim
 62
256
370
100
 48
1.0
  6
BYLAYER
100
AcDbLine
 10
-3.4260295538377976
 20
47.3399900394569144
 30
0.0
 11
-3.4260295538377976
 21
47.234127898826884
 31
0.0
  0
LINE
  5
B8
100
AcDbEntity
  8
Window Trim
 62
256
370
100
 48
1.0
  6
BYLAYER
100
AcDbLine
 10
-3.4260295538377976
 20
47.234127898826884
 30
0.0
 11
-3.4260295538377976
 21
47.1282657581968465
 31
0.0
  0
LINE
  5
B9
100
AcDbEntity
  8
Window Trim
 62
256
370
100
 48
1.0
  6
BYLAYER
100
AcDbLine
 10
-3.4260295538377976
 20
47.1282657581968465
 30
0.0
 11
-3.4260295538377976
 21
47.0753346878818348
 31
0.0
  0
LINE
  5
BA
100
AcDbEntity
  8
Window Trim
 62
256
370
100
 48
1.0
  6
BYLAYER
100
AcDbLine
 10
-3.4260295538377976
 20
47.0753346878818348
 30
0.0
 11
-3.4260295538377976
 21
46.9165414769367786
 31
0.0
  0
LINE
  5
BB
100
AcDbEntity
  8
Window Trim
 62
256
370
100
 48
1.0
  6
BYLAYER
100
AcDbLine
 10
-3.4260295538377976
 20
46.9165414769367786
 30
0.0
 11
-3.4260295538377976
 21
46.8106793363067482
 31
0.0
  0
LINE
  5
BC
100
AcDbEntity
  8
Window Trim
 62
256
370
100
 48
1.0
  6
BYLAYER
100
AcDbLine
 10
-3.4260295538377976
 20
46.8106793363067482
 30
0.0
 11
-3.4260295538377976
 21
46.7048171956767106
 31
0.0
  0
LINE
  5
BD
100
AcDbEntity
  8
Window Trim
 62
256
370
100
 48
1.0
  6
BYLAYER
100
AcDbLine
 10
-3.4260295538377976
 20
46.7048171956767106
 30
0.0
 11
-3.4260295538377976
 21
46.6518861253616919
 31
0.0
  0
LINE
  5
BE
100
AcDbEntity
  8
Window Trim
 62
256
370
100
 48
1.0
  6
BYLAYER
100
AcDbLine
 10
-3.4260295538377976
 20
46.6518861253616919
 30
0.0
 11
-3.4260295538377976
 21
46.5989550550466731
 31
0.0
  0
LINE
  5
BF
100
AcDbEntity
  8
Window Trim
 62
256
370
100
 48
1.0
  6
BYLAYER
100
AcDbLine
 10
-3.4260295538377976
 20
46.5989550550466731
 30
0.0
 11
-3.4260295538377976
 21
46.5460239847316615
 31
0.0
  0
LINE
  5
C0
100
AcDbEntity
  8
Window Trim
 62
256
370
100
 48
1.0
  6
BYLAYER
100
AcDbLine
 10
-3.4260295538377976
 20
46.5460239847316615
 30
0.0
 11
-3.4260295538377976
 21
46.4930929144166427
 31
0.0
  0
LINE
  5
C1
100
AcDbEntity
  8
Window Trim
 62
256
370
100
 48
1.0
  6
BYLAYER
100
AcDbLine
 10
-3.4260295538377976
 20
46.4930929144166427
 30
0.0
 11
-3.4260295538377976
 21
46.3872307737866052
 31
0.0
  0
LINE
  5
C2
100
AcDbEntity
  8
Window Trim
 62
256
370
100
 48
1.0
  6
BYLAYER
100
AcDbLine
 10
-3.4260295538377976
 20
46.3872307737866052
 30
0.0
 11
-3.4260295538377976
 21
46.2813686331565748
 31
0.0
  0
LINE
  5
C3
100
AcDbEntity
  8
Window Trim
 62
256
370
100
 48
1.0
  6
BYLAYER
100
AcDbLine
 10
-3.4260295538377976
 20
46.2813686331565748
 30
0.0
 11
-3.3730984835227806
 21
46.2813686331565748
 31
0.0
  0
LINE
  5
C4
100
AcDbEntity
  8
Window Trim
 62
256
370
100
 48
1.0
  6
BYLAYER
100
AcDbLine
 10
-3.3730984835227806
 20
46.2813686331565748
 30
0.0
 11
-3.3730984835227806
 21
46.228437562841556
 31
0.0
  0
LINE
  5
C5
100
AcDbEntity
  8
Window Trim
 62
256
370
100
 48
1.0
  6
BYLAYER
100
AcDbLine
 10
-3.3730984835227806
 20
46.228437562841556
 30
0.0
 11
-3.3730984835227806
 21
46.1755064925265373
 31
0.0
  0
LINE
  5
C6
100
AcDbEntity
  8
Window Trim
 62
256
370
100
 48
1.0
  6
BYLAYER
100
AcDbLine
 10
-3.3730984835227806
 20
46.1755064925265373
 30
0.0
 11
-3.3201674132077632
 21
46.1755064925265373
 31
0.0
  0
LINE
  5
C7
100
AcDbEntity
  8
Window Trim
 62
256
370
100
 48
1.0
  6
BYLAYER
100
AcDbLine
 10
-3.3201674132077632
 20
46.1755064925265373
 30
0.0
 11
-3.2672363428927458
 21
46.1755064925265373
 31
0.0
  0
LINE
  5
C8
100
AcDbEntity
  8
Window Trim
 62
256
370
100
 48
1.0
  6
BYLAYER
100
AcDbLine
 10
-3.2672363428927458
 20
46.1755064925265373
 30
0.0
 11
-3.2143052725777288
 21
46.1755064925265373
 31
0.0
  0
LINE
  5
C9
100
AcDbEntity
  8
Window Trim
 62
256
370
100
 48
1.0
  6
BYLAYER
100
AcDbLine
 10
-3.2143052725777288
 20
46.1755064925265373
 30
0.0
 11
-3.1613742022627118
 21
46.1225754222115256
 31
0.0
  0
LINE
  5
CA
100
AcDbEntity
  8
Window Trim
 62
256
370
100
 48
1.0
  6
BYLAYER
100
AcDbLine
 10
-3.1613742022627118
 20
46.1225754222115256
 30
0.0
 11
-3.1084431319476944
 21
46.1225754222115256
 31
0.0
  0
LINE
  5
CB
100
AcDbEntity
  8
Window Trim
 62
256
370
100
 48
1.0
  6
BYLAYER
100
AcDbLine
 10
-3.1084431319476944
 20
46.1225754222115256
 30
0.0
 11
-3.055512061632677
 21
46.1225754222115256
 31
0.0
  0
LINE
  5
CC
100
AcDbEntity
  8
Window Trim
 62
256
370
100
 48
1.0
  6
BYLAYER
100
AcDbLine
 10
-3.055512061632677
 20
46.1225754222115256
 30
0.0
 11
-3.00258099131766
 21
46.0696443518965069
 31
0.0
  0
LINE
  5
CD
100
AcDbEntity
  8
Window Trim
 62
256
370
100
 48
1.0
  6
BYLAYER
100
AcDbLine
 10
-3.00258099131766
 20
46.0696443518965069
 30
0.0
 11
-2.949649921002643
 21
46.0696443518965069
 31
0.0
  0
LINE
  5
CE
100
AcDbEntity
  8
Window Trim
 62
256
370
100
 48
1.0
  6
BYLAYER
100
AcDbLine
 10
-2.949649921002643
 20
46.0696443518965069
 30
0.0
 11
-2.7908567100575912
 21
46.0696443518965069
 31
0.0
  0
LINE
  5
CF
100
AcDbEntity
  8
Window Trim
 62
256
370
100
 48
1.0
  6
BYLAYER
100
AcDbLine
 10
-2.7908567100575912
 20
46.0696443518965069
 30
0.0
 11
-2.6320634991125393
 21
46.0696443518965069
 31
0.0
  0
LINE
  5
D0
100
AcDbEntity
  8
Window Trim
 62
256
370
100
 48
1.0
  6
BYLAYER
100
AcDbLine
 10
-2.6320634991125393
 20
46.0696443518965069
 30
0.0
 11
-2.5262013584825054
 21
46.0167132815814881
 31
0.0
  0
LINE
  5
D1
100
AcDbEntity
  8
Window Trim
 62
256
370
100
 48
1.0
  6
BYLAYER
100
AcDbLine
 10
-2.5262013584825054
 20
46.0167132815814881
 30
0.0
 11
-2.4203392178524705
 21
46.0167132815814881
 31
0.0
  0
LINE
  5
D2
100
AcDbEntity
  8
Window Trim
 62
256
370
100
 48
1.0
  6
BYLAYER
100
AcDbLine
 10
-2.4203392178524705
 20
46.0167132815814881
 30
0.0
 11
-2.3144770772224366
 21
46.0167132815814881
 31
0.0
  0
LINE
  5
D3
100
AcDbEntity
  8
Window Trim
 62
256
370
100
 48
1.0
  6
BYLAYER
100
AcDbLine
 10
-2.3144770772224366
 20
46.0167132815814881
 30
0.0
 11
-2.2615460069074191
 21
46.0167132815814881
 31
0.0
  0
LINE
  5
D4
100
AcDbEntity
  8
Window Trim
 62
256
370
100
 48
1.0
  6
BYLAYER
100
AcDbLine
 10
-2.2615460069074191
 20
46.0167132815814881
 30
0.0
 11
-2.1027527959623677
 21
46.0167132815814881
 31
0.0
  0
LINE
  5
D5
100
AcDbEntity
  8
Window Trim
 62
256
370
100
 48
1.0
  6
BYLAYER
100
AcDbLine
 10
-2.1027527959623677
 20
46.0167132815814881
 30
0.0
 11
-1.9968906553323329
 21
46.0167132815814881
 31
0.0
  0
LINE
  5
D6
100
AcDbEntity
  8
Window Trim
 62
256
370
100
 48
1.0
  6
BYLAYER
100
AcDbLine
 10
-1.9968906553323329
 20
46.0167132815814881
 30
0.0
 11
-1.8910285147022989
 21
46.0167132815814881
 31
0.0
  0
LINE
  5
D7
100
AcDbEntity
  8
Window Trim
 62
256
370
100
 48
1.0
  6
BYLAYER
100
AcDbLine
 10
-1.8910285147022989
 20
46.0167132815814881
 30
0.0
 11
-1.838097444387282
 21
46.0167132815814881
 31
0.0
  0
LINE
  5
D8
100
AcDbEntity
  8
Window Trim
 62
256
370
100
 48
1.0
  6
BYLAYER
100
AcDbLine
 10
-1.838097444387282
 20
46.0167132815814881
 30
0.0
 11
-1.7851663740722641
 21
46.0167132815814881
 31
0.0
  0
LINE
  5
D9
100
AcDbEntity
  8
Window Trim
 62
256
370
100
 48
1.0
  6
BYLAYER
100
AcDbLine
 10
-1.7851663740722641
 20
46.0167132815814881
 30
0.0
 11
-1.6793042334422301
 21
46.0167132815814881
 31
0.0
  0
LINE
  5
DA
100
AcDbEntity
  8
Window Trim
 62
256
370
100
 48
1.0
  6
BYLAYER
100
AcDbLine
 10
-1.6793042334422301
 20
46.0167132815814881
 30
0.0
 11
-1.6263731631272123
 21
45.9637822112664693
 31
0.0
  0
LINE
  5
DB
100
AcDbEntity
  8
Window Trim
 62
256
370
100
 48
1.0
  6
BYLAYER
100
AcDbLine
 10
-1.6263731631272123
 20
45.9637822112664693
 30
0.0
 11
-1.4675799521821613
 21
45.9637822112664693
 31
0.0
  0
LINE
  5
DC
100
AcDbEntity
  8
Window Trim
 62
256
370
100
 48
1.0
  6
BYLAYER
100
AcDbLine
 10
-1.4675799521821613
 20
45.9637822112664693
 30
0.0
 11
-1.3617178115521265
 21
45.9108511409514506
 31
0.0
  0
LINE
  5
DD
100
AcDbEntity
  8
Window Trim
 62
256
370
100
 48
1.0
  6
BYLAYER
100
AcDbLine
 10
-1.3617178115521265
 20
45.9108511409514506
 30
0.0
 11
-1.0970624599770407
 21
45.9108511409514506
 31
0.0
  0
LINE
  5
DE
100
AcDbEntity
  8
Window Trim
 62
256
370
100
 48
1.0
  6
BYLAYER
100
AcDbLine
 10
-1.0970624599770407
 20
45.9108511409514506
 30
0.0
 11
-1.0441313896620237
 21
45.9108511409514506
 31
0.0
  0
LINE
  5
DF
100
AcDbEntity
  8
Window Trim
 62
256
370
100
 48
1.0
  6
BYLAYER
100
AcDbLine
 10
-1.0441313896620237
 20
45.9108511409514506
 30
0.0
 11
-0.6206828271418861
 21
45.8579200706364389
 31
0.0
  0
LINE
  5
E0
100
AcDbEntity
  8
Window Trim
 62
256
370
100
 48
1.0
  6
BYLAYER
100
AcDbLine
 10
-0.6206828271418861
 20
45.8579200706364389
 30
0.0
 11
-0.0913721239917136
 21
45.8049890003214202
 31
0.0
  0
LINE
  5
E1
100
AcDbEntity
  8
Window Trim
 62
256
370
100
 48
1.0
  6
BYLAYER
100
AcDbLine
 10
-0.0913721239917136
 20
45.8049890003214202
 30
0.0
 11
0.0144900166383204
 21
45.8049890003214202
 31
0.0
  0
LINE
  5
E2
100
AcDbEntity
  8
Window Trim
 62
256
370
100
 48
1.0
  6
BYLAYER
100
AcDbLine
 10
0.0144900166383204
 20
45.8049890003214202
 30
0.0
 11
0.1203521572683552
 21
45.8049890003214202
 31
0.0
  0
LINE
  5
E3
100
AcDbEntity
  8
Window Trim
 62
256
370
100
 48
1.0
  6
BYLAYER
100
AcDbLine
 10
0.1203521572683552
 20
45.8049890003214202
 30
0.0
 11
0.4908696494734759
 21
45.8049890003214202
 31
0.0
  0
LINE
  5
E4
100
AcDbEntity
  8
Window Trim
 62
256
370
100
 48
1.0
  6
BYLAYER
100
AcDbLine
 10
0.4908696494734759
 20
45.8049890003214202
 30
0.0
 11
0.5438007197884929
 21
45.8049890003214202
 31
0.0
  0
LINE
  5
E5
100
AcDbEntity
  8
Window Trim
 62
256
370
100
 48
1.0
  6
BYLAYER
100
AcDbLine
 10
0.5438007197884929
 20
45.8049890003214202
 30
0.0
 11
1.1260424932536814
 21
45.7520579300064014
 31
0.0
  0
LINE
  5
E6
100
AcDbEntity
  8
Window Trim
 62
256
370
100
 48
1.0
  6
BYLAYER
100
AcDbLine
 10
1.1260424932536814
 20
45.7520579300064014
 30
0.0
 11
1.2848357041987333
 21
45.7520579300064014
 31
0.0
  0
LINE
  5
E7
100
AcDbEntity
  8
Window Trim
 62
256
370
100
 48
1.0
  6
BYLAYER
100
AcDbLine
 10
1.2848357041987333
 20
45.7520579300064014
 30
0.0
 11
1.3377667745137511
 21
45.7520579300064014
 31
0.0
  0
LINE
  5
E8
100
AcDbEntity
  8
Window Trim
 62
256
370
100
 48
1.0
  6
BYLAYER
100
AcDbLine
 10
1.3377667745137511
 20
45.7520579300064014
 30
0.0
 11
1.6024221260888369
 21
45.7520579300064014
 31
0.0
  0
LINE
  5
E9
100
AcDbEntity
  8
Window Trim
 62
256
370
100
 48
1.0
  6
BYLAYER
100
AcDbLine
 10
1.6024221260888369
 20
45.7520579300064014
 30
0.0
 11
1.9729396182939567
 21
45.7520579300064014
 31
0.0
  0
LINE
  5
EA
100
AcDbEntity
  8
Window Trim
 62
256
370
100
 48
1.0
  6
BYLAYER
100
AcDbLine
 10
1.9729396182939567
 20
45.7520579300064014
 30
0.0
 11
2.1846638995540264
 21
45.7520579300064014
 31
0.0
  0
LINE
  5
EB
100
AcDbEntity
  8
Window Trim
 62
256
370
100
 48
1.0
  6
BYLAYER
100
AcDbLine
 10
2.1846638995540264
 20
45.7520579300064014
 30
0.0
 11
2.3963881808140943
 21
45.7520579300064014
 31
0.0
  0
LINE
  5
EC
100
AcDbEntity
  8
Window Trim
 62
256
370
100
 48
1.0
  6
BYLAYER
100
AcDbLine
 10
2.3963881808140943
 20
45.7520579300064014
 30
0.0
 11
2.608112462074164
 21
45.7520579300064014
 31
0.0
  0
LINE
  5
ED
100
AcDbEntity
  8
Window Trim
 62
256
370
100
 48
1.0
  6
BYLAYER
100
AcDbLine
 10
2.608112462074164
 20
45.7520579300064014
 30
0.0
 11
2.8727678136492489
 21
45.7520579300064014
 31
0.0
  0
LINE
  5
EE
100
AcDbEntity
  8
Window Trim
 62
256
370
100
 48
1.0
  6
BYLAYER
100
AcDbLine
 10
2.8727678136492489
 20
45.7520579300064014
 30
0.0
 11
2.9256988839642677
 21
45.7520579300064014
 31
0.0
  0
LINE
  5
EF
100
AcDbEntity
  8
Window Trim
 62
256
370
100
 48
1.0
  6
BYLAYER
100
AcDbLine
 10
2.9256988839642677
 20
45.7520579300064014
 30
0.0
 11
3.1903542355393526
 21
45.7520579300064014
 31
0.0
  0
LINE
  5
F0
100
AcDbEntity
  8
Window Trim
 62
256
370
100
 48
1.0
  6
BYLAYER
100
AcDbLine
 10
3.1903542355393526
 20
45.7520579300064014
 30
0.0
 11
3.4550095871144393
 21
45.6991268596913827
 31
0.0
  0
LINE
  5
F1
100
AcDbEntity
  8
Window Trim
 62
256
370
100
 48
1.0
  6
BYLAYER
100
AcDbLine
 10
3.4550095871144393
 20
45.6991268596913827
 30
0.0
 11
4.0372513605796279
 21
45.6991268596913827
 31
0.0
  0
LINE
  5
F2
100
AcDbEntity
  8
Window Trim
 62
256
370
100
 48
1.0
  6
BYLAYER
100
AcDbLine
 10
4.0372513605796279
 20
45.6991268596913827
 30
0.0
 11
4.0901824308946448
 21
45.6991268596913827
 31
0.0
  0
LINE
  5
F3
100
AcDbEntity
  8
Window Trim
 62
256
370
100
 48
1.0
  6
BYLAYER
100
AcDbLine
 10
4.0901824308946448
 20
45.6991268596913827
 30
0.0
 11
4.4606999230997655
 21
45.6991268596913827
 31
0.0
  0
LINE
  5
F4
100
AcDbEntity
  8
Window Trim
 62
256
370
100
 48
1.0
  6
BYLAYER
100
AcDbLine
 10
4.4606999230997655
 20
45.6991268596913827
 30
0.0
 11
4.7782863449898691
 21
45.6991268596913827
 31
0.0
  0
LINE
  5
F5
100
AcDbEntity
  8
Window Trim
 62
256
370
100
 48
1.0
  6
BYLAYER
100
AcDbLine
 10
4.7782863449898691
 20
45.6991268596913827
 30
0.0
 11
5.2546659778250238
 21
45.6991268596913827
 31
0.0
  0
LINE
  5
F6
100
AcDbEntity
  8
Window Trim
 62
256
370
100
 48
1.0
  6
BYLAYER
100
AcDbLine
 10
5.2546659778250238
 20
45.6991268596913827
 30
0.0
 11
5.4134591887700747
 21
45.6991268596913827
 31
0.0
  0
LINE
  5
F7
100
AcDbEntity
  8
Window Trim
 62
256
370
100
 48
1.0
  6
BYLAYER
100
AcDbLine
 10
5.4134591887700747
 20
45.6991268596913827
 30
0.0
 11
5.5193213294001104
 21
45.6991268596913827
 31
0.0
  0
LINE
  5
F8
100
AcDbEntity
  8
Window Trim
 62
256
370
100
 48
1.0
  6
BYLAYER
100
AcDbLine
 10
5.5193213294001104
 20
45.6991268596913827
 30
0.0
 11
5.7310456106601784
 21
45.6461957893763639
 31
0.0
  0
LINE
  5
F9
100
AcDbEntity
  8
Window Trim
 62
256
370
100
 48
1.0
  6
BYLAYER
100
AcDbLine
 10
5.7310456106601784
 20
45.6461957893763639
 30
0.0
 11
5.8369077512902123
 21
45.6461957893763639
 31
0.0
  0
LINE
  5
FA
100
AcDbEntity
  8
Window Trim
 62
256
370
100
 48
1.0
  6
BYLAYER
100
AcDbLine
 10
5.8369077512902123
 20
45.6461957893763639
 30
0.0
 11
6.207425243495333
 21
45.6461957893763639
 31
0.0
  0
LINE
  5
FB
100
AcDbEntity
  8
Window Trim
 62
256
370
100
 48
1.0
  6
BYLAYER
100
AcDbLine
 10
6.207425243495333
 20
45.6461957893763639
 30
0.0
 11
6.7367359466455046
 21
45.6461957893763639
 31
0.0
  0
LINE
  5
FC
100
AcDbEntity
  8
Window Trim
 62
256
370
100
 48
1.0
  6
BYLAYER
100
AcDbLine
 10
6.7367359466455046
 20
45.6461957893763639
 30
0.0
 11
6.8955291575905573
 21
45.5932647190613523
 31
0.0
  0
LINE
  5
FD
100
AcDbEntity
  8
Window Trim
 62
256
370
100
 48
1.0
  6
BYLAYER
100
AcDbLine
 10
6.8955291575905573
 20
45.5932647190613523
 30
0.0
 11
7.2660466497956779
 21
45.5932647190613523
 31
0.0
  0
LINE
  5
FE
100
AcDbEntity
  8
Window Trim
 62
256
370
100
 48
1.0
  6
BYLAYER
100
AcDbLine
 10
7.2660466497956779
 20
45.5932647190613523
 30
0.0
 11
7.6894952123158156
 21
45.5932647190613523
 31
0.0
  0
LINE
  5
FF
100
AcDbEntity
  8
Window Trim
 62
256
370
100
 48
1.0
  6
BYLAYER
100
AcDbLine
 10
7.6894952123158156
 20
45.5932647190613523
 30
0.0
 11
8.0600127045209362
 21
45.5932647190613523
 31
0.0
  0
LINE
  5
100
100
AcDbEntity
  8
Window Trim
 62
256
370
100
 48
1.0
  6
BYLAYER
100
AcDbLine
 10
8.0600127045209362
 20
45.5932647190613523
 30
0.0
 11
8.3775991264110381
 21
45.5932647190613523
 31
0.0
  0
LINE
  5
101
100
AcDbEntity
  8
Window Trim
 62
256
370
100
 48
1.0
  6
BYLAYER
100
AcDbLine
 10
8.3775991264110381
 20
45.5932647190613523
 30
0.0
 11
8.9069098295612115
 21
45.5932647190613523
 31
0.0
  0
LINE
  5
102
100
AcDbEntity
  8
Window Trim
 62
256
370
100
 48
1.0
  6
BYLAYER
100
AcDbLine
 10
8.9069098295612115
 20
45.5932647190613523
 30
0.0
 11
9.1715651811362964
 21
45.5932647190613523
 31
0.0
  0
LINE
  5
103
100
AcDbEntity
  8
Window Trim
 62
256
370
100
 48
1.0
  6
BYLAYER
100
AcDbLine
 10
9.1715651811362964
 20
45.5932647190613523
 30
0.0
 11
9.647944813971451
 21
45.5932647190613523
 31
0.0
  0
LINE
  5
104
100
AcDbEntity
  8
Window Trim
 62
256
370
100
 48
1.0
  6
BYLAYER
100
AcDbLine
 10
9.647944813971451
 20
45.5932647190613523
 30
0.0
 11
10.441910868696711
 21
45.5932647190613523
 31
0.0
  0
LINE
  5
105
100
AcDbEntity
  8
Window Trim
 62
256
370
100
 48
1.0
  6
BYLAYER
100
AcDbLine
 10
10.441910868696711
 20
45.5932647190613523
 30
0.0
 11
10.4948419390117262
 21
45.5932647190613523
 31
0.0
  0
LINE
  5
106
100
AcDbEntity
  8
Window Trim
 62
256
370
100
 48
1.0
  6
BYLAYER
100
AcDbLine
 10
10.4948419390117262
 20
45.5932647190613523
 30
0.0
 11
10.547773009326745
 21
45.5932647190613523
 31
0.0
  0
LINE
  5
107
100
AcDbEntity
  8
Window Trim
 62
256
370
100
 48
1.0
  6
BYLAYER
100
AcDbLine
 10
10.547773009326745
 20
45.5932647190613523
 30
0.0
 11
10.653635149956779
 21
45.5932647190613523
 31
0.0
  0
LINE
  5
108
100
AcDbEntity
  8
Window Trim
 62
256
370
100
 48
1.0
  6
BYLAYER
100
AcDbLine
 10
10.653635149956779
 20
45.5932647190613523
 30
0.0
 11
11.3946701343670203
 21
45.5932647190613523
 31
0.0
  0
LINE
  5
109
100
AcDbEntity
  8
Window Trim
 62
256
370
100
 48
1.0
  6
BYLAYER
100
AcDbLine
 10
11.3946701343670203
 20
45.5932647190613523
 30
0.0
 11
11.5005322749970542
 21
45.5932647190613523
 31
0.0
  0
LINE
  5
10A
100
AcDbEntity
  8
Window Trim
 62
256
370
100
 48
1.0
  6
BYLAYER
100
AcDbLine
 10
11.5005322749970542
 20
45.5932647190613523
 30
0.0
 11
11.8181186968871561
 21
45.5932647190613523
 31
0.0
  0
LINE
  5
10B
100
AcDbEntity
  8
Window Trim
 62
256
370
100
 48
1.0
  6
BYLAYER
100
AcDbLine
 10
11.8181186968871561
 20
45.5932647190613523
 30
0.0
 11
12.0298429781472276
 21
45.5932647190613523
 31
0.0
  0
LINE
  5
10C
100
AcDbEntity
  8
Window Trim
 62
256
370
100
 48
1.0
  6
BYLAYER
100
AcDbLine
 10
12.0298429781472276
 20
45.5932647190613523
 30
0.0
 11
12.4532915406673634
 21
45.5932647190613523
 31
0.0
  0
LINE
  5
10D
100
AcDbEntity
  8
Window Trim
 62
256
370
100
 48
1.0
  6
BYLAYER
100
AcDbLine
 10
12.4532915406673634
 20
45.5932647190613523
 30
0.0
 11
12.5062226109823822
 21
45.5932647190613523
 31
0.0
  0
LINE
  5
10E
100
AcDbEntity
  8
Window Trim
 62
256
370
100
 48
1.0
  6
BYLAYER
100
AcDbLine
 10
12.5062226109823822
 20
45.5932647190613523
 30
0.0
 11
12.7179468922424501
 21
45.5932647190613523
 31
0.0
  0
LINE
  5
10F
100
AcDbEntity
  8
Window Trim
 62
256
370
100
 48
1.0
  6
BYLAYER
100
AcDbLine
 10
12.7179468922424501
 20
45.5932647190613523
 30
0.0
 11
12.8238090328724841
 21
45.5932647190613523
 31
0.0
  0
LINE
  5
110
100
AcDbEntity
  8
Window Trim
 62
256
370
100
 48
1.0
  6
BYLAYER
100
AcDbLine
 10
12.8238090328724841
 20
45.5932647190613523
 30
0.0
 11
12.9826022438175368
 21
45.5932647190613523
 31
0.0
  0
LINE
  5
111
100
AcDbEntity
  8
Window Trim
 62
256
370
100
 48
1.0
  6
BYLAYER
100
AcDbLine
 10
12.9826022438175368
 20
45.5932647190613523
 30
0.0
 11
13.0884643844475708
 21
45.5932647190613523
 31
0.0
  0
LINE
  5
112
100
AcDbEntity
  8
Window Trim
 62
256
370
100
 48
1.0
  6
BYLAYER
100
AcDbLine
 10
13.0884643844475708
 20
45.5932647190613523
 30
0.0
 11
13.6707061579127593
 21
45.5932647190613523
 31
0.0
  0
LINE
  5
113
100
AcDbEntity
  8
Window Trim
 62
256
370
100
 48
1.0
  6
BYLAYER
100
AcDbLine
 10
13.6707061579127593
 20
45.5932647190613523
 30
0.0
 11
13.7236372282277781
 21
45.5932647190613523
 31
0.0
  0
LINE
  5
114
100
AcDbEntity
  8
Window Trim
 62
256
370
100
 48
1.0
  6
BYLAYER
100
AcDbLine
 10
13.7236372282277781
 20
45.5932647190613523
 30
0.0
 11
14.04122365011788
 21
45.5932647190613523
 31
0.0
  0
LINE
  5
115
100
AcDbEntity
  8
Window Trim
 62
256
370
100
 48
1.0
  6
BYLAYER
100
AcDbLine
 10
14.04122365011788
 20
45.5932647190613523
 30
0.0
 11
14.4646722126380158
 21
45.5932647190613523
 31
0.0
  0
LINE
  5
116
100
AcDbEntity
  8
Window Trim
 62
256
370
100
 48
1.0
  6
BYLAYER
100
AcDbLine
 10
14.4646722126380158
 20
45.5932647190613523
 30
0.0
 11
15.046913986103208
 21
45.5932647190613523
 31
0.0
  0
LINE
  5
117
100
AcDbEntity
  8
Window Trim
 62
256
370
100
 48
1.0
  6
BYLAYER
100
AcDbLine
 10
15.046913986103208
 20
45.5932647190613523
 30
0.0
 11
15.8938111111434832
 21
45.5932647190613523
 31
0.0
  0
LINE
  5
118
100
AcDbEntity
  8
Window Trim
 62
256
370
100
 48
1.0
  6
BYLAYER
100
AcDbLine
 10
15.8938111111434832
 20
45.5932647190613523
 30
0.0
 11
16.1055353924035529
 21
45.5932647190613523
 31
0.0
  0
LINE
  5
119
100
AcDbEntity
  8
Window Trim
 62
256
370
100
 48
1.0
  6
BYLAYER
100
AcDbLine
 10
16.1055353924035529
 20
45.5932647190613523
 30
0.0
 11
16.2643286033486021
 21
45.5932647190613523
 31
0.0
  0
LINE
  5
11A
100
AcDbEntity
  8
Window Trim
 62
256
370
100
 48
1.0
  6
BYLAYER
100
AcDbLine
 10
16.2643286033486021
 20
45.5932647190613523
 30
0.0
 11
16.8995014471288059
 21
45.5932647190613523
 31
0.0
  0
LINE
  5
11B
100
AcDbEntity
  8
Window Trim
 62
256
370
100
 48
1.0
  6
BYLAYER
100
AcDbLine
 10
16.8995014471288059
 20
45.5932647190613523
 30
0.0
 11
17.0053635877588434
 21
45.5932647190613523
 31
0.0
  0
LINE
  5
11C
100
AcDbEntity
  8
Window Trim
 62
256
370
100
 48
1.0
  6
BYLAYER
100
AcDbLine
 10
17.0053635877588434
 20
45.5932647190613523
 30
0.0
 11
17.0582946580738621
 21
45.5932647190613523
 31
0.0
  0
LINE
  5
11D
100
AcDbEntity
  8
Window Trim
 62
256
370
100
 48
1.0
  6
BYLAYER
100
AcDbLine
 10
17.0582946580738621
 20
45.5932647190613523
 30
0.0
 11
17.481743220593998
 21
45.5932647190613523
 31
0.0
  0
LINE
  5
11E
100
AcDbEntity
  8
Window Trim
 62
256
370
100
 48
1.0
  6
BYLAYER
100
AcDbLine
 10
17.481743220593998
 20
45.5932647190613523
 30
0.0
 11
18.0639849940591901
 21
45.5932647190613523
 31
0.0
  0
LINE
  5
11F
100
AcDbEntity
  8
Window Trim
 62
256
370
100
 48
1.0
  6
BYLAYER
100
AcDbLine
 10
18.0639849940591901
 20
45.5932647190613523
 30
0.0
 11
18.3286403456342697
 21
45.5932647190613523
 31
0.0
  0
LINE
  5
120
100
AcDbEntity
  8
Window Trim
 62
256
370
100
 48
1.0
  6
BYLAYER
100
AcDbLine
 10
18.3286403456342697
 20
45.5932647190613523
 30
0.0
 11
18.5932956972093564
 21
45.5932647190613523
 31
0.0
  0
LINE
  5
121
100
AcDbEntity
  8
Window Trim
 62
256
370
100
 48
1.0
  6
BYLAYER
100
AcDbLine
 10
18.5932956972093564
 20
45.5932647190613523
 30
0.0
 11
18.6462267675243751
 21
45.5932647190613523
 31
0.0
  0
LINE
  5
122
100
AcDbEntity
  8
Window Trim
 62
256
370
100
 48
1.0
  6
BYLAYER
100
AcDbLine
 10
18.6462267675243751
 20
45.5932647190613523
 30
0.0
 11
18.9108821190994618
 21
45.6461957893763639
 31
0.0
  0
LINE
  5
123
100
AcDbEntity
  8
Window Trim
 62
256
370
100
 48
1.0
  6
BYLAYER
100
AcDbLine
 10
18.9108821190994618
 20
45.6461957893763639
 30
0.0
 11
19.0167442597294993
 21
45.6461957893763639
 31
0.0
  0
LINE
  5
124
100
AcDbEntity
  8
Window Trim
 62
256
370
100
 48
1.0
  6
BYLAYER
100
AcDbLine
 10
19.0167442597294993
 20
45.6461957893763639
 30
0.0
 11
19.4401928222496352
 21
45.6461957893763639
 31
0.0
  0
LINE
  5
125
100
AcDbEntity
  8
Window Trim
 62
256
370
100
 48
1.0
  6
BYLAYER
100
AcDbLine
 10
19.4401928222496352
 20
45.6461957893763639
 30
0.0
 11
19.5460549628796656
 21
45.6991268596913827
 31
0.0
  0
LINE
  5
126
100
AcDbEntity
  8
Window Trim
 62
256
370
100
 48
1.0
  6
BYLAYER
100
AcDbLine
 10
19.5460549628796656
 20
45.6991268596913827
 30
0.0
 11
19.9165724550847898
 21
45.6991268596913827
 31
0.0
  0
LINE
  5
127
100
AcDbEntity
  8
Window Trim
 62
256
370
100
 48
1.0
  6
BYLAYER
100
AcDbLine
 10
19.9165724550847898
 20
45.6991268596913827
 30
0.0
 11
20.1812278066598765
 21
45.6991268596913827
 31
0.0
  0
LINE
  5
128
100
AcDbEntity
  8
Window Trim
 62
256
370
100
 48
1.0
  6
BYLAYER
100
AcDbLine
 10
20.1812278066598765
 20
45.6991268596913827
 30
0.0
 11
20.5517452988649936
 21
45.6991268596913827
 31
0.0
  0
LINE
  5
129
100
AcDbEntity
  8
Window Trim
 62
256
370
100
 48
1.0
  6
BYLAYER
100
AcDbLine
 10
20.5517452988649936
 20
45.6991268596913827
 30
0.0
 11
20.7105385098100498
 21
45.6991268596913827
 31
0.0
  0
LINE
  5
12A
100
AcDbEntity
  8
Window Trim
 62
256
370
100
 48
1.0
  6
BYLAYER
100
AcDbLine
 10
20.7105385098100498
 20
45.6991268596913827
 30
0.0
 11
21.0810560020151669
 21
45.6991268596913827
 31
0.0
  0
LINE
  5
12B
100
AcDbEntity
  8
Window Trim
 62
256
370
100
 48
1.0
  6
BYLAYER
100
AcDbLine
 10
21.0810560020151669
 20
45.6991268596913827
 30
0.0
 11
21.1869181426452045
 21
45.6991268596913827
 31
0.0
  0
LINE
  5
12C
100
AcDbEntity
  8
Window Trim
 62
256
370
100
 48
1.0
  6
BYLAYER
100
AcDbLine
 10
21.1869181426452045
 20
45.6991268596913827
 30
0.0
 11
21.3986424239052724
 21
45.6991268596913827
 31
0.0
  0
LINE
  5
12D
100
AcDbEntity
  8
Window Trim
 62
256
370
100
 48
1.0
  6
BYLAYER
100
AcDbLine
 10
21.3986424239052724
 20
45.6991268596913827
 30
0.0
 11
21.6103667051653403
 21
45.6991268596913827
 31
0.0
  0
LINE
  5
12E
100
AcDbEntity
  8
Window Trim
 62
256
370
100
 48
1.0
  6
BYLAYER
100
AcDbLine
 10
21.6103667051653403
 20
45.6991268596913827
 30
0.0
 11
22.3514016895755816
 21
45.7520579300064014
 31
0.0
  0
LINE
  5
12F
100
AcDbEntity
  8
Window Trim
 62
256
370
100
 48
1.0
  6
BYLAYER
100
AcDbLine
 10
22.3514016895755816
 20
45.7520579300064014
 30
0.0
 11
22.4043327598906004
 21
45.7520579300064014
 31
0.0
  0
LINE
  5
130
100
AcDbEntity
  8
Window Trim
 62
256
370
100
 48
1.0
  6
BYLAYER
100
AcDbLine
 10
22.4043327598906004
 20
45.7520579300064014
 30
0.0
 11
22.457263830205612
 21
45.7520579300064014
 31
0.0
  0
LINE
  5
131
100
AcDbEntity
  8
Window Trim
 62
256
370
100
 48
1.0
  6
BYLAYER
100
AcDbLine
 10
22.457263830205612
 20
45.7520579300064014
 30
0.0
 11
22.9865745333557854
 21
45.7520579300064014
 31
0.0
  0
LINE
  5
132
100
AcDbEntity
  8
Window Trim
 62
256
370
100
 48
1.0
  6
BYLAYER
100
AcDbLine
 10
22.9865745333557854
 20
45.7520579300064014
 30
0.0
 11
23.0924366739858229
 21
45.7520579300064014
 31
0.0
  0
LINE
  5
133
100
AcDbEntity
  8
Window Trim
 62
256
370
100
 48
1.0
  6
BYLAYER
100
AcDbLine
 10
23.0924366739858229
 20
45.7520579300064014
 30
0.0
 11
23.1982988146158533
 21
45.7520579300064014
 31
0.0
  0
LINE
  5
134
100
AcDbEntity
  8
Window Trim
 62
256
370
100
 48
1.0
  6
BYLAYER
100
AcDbLine
 10
23.1982988146158533
 20
45.7520579300064014
 30
0.0
 11
23.9393337990260946
 21
45.7520579300064014
 31
0.0
  0
LINE
  5
135
100
AcDbEntity
  8
Window Trim
 62
256
370
100
 48
1.0
  6
BYLAYER
100
AcDbLine
 10
23.9393337990260946
 20
45.7520579300064014
 30
0.0
 11
23.9922648693411134
 21
45.7520579300064014
 31
0.0
  0
LINE
  5
136
100
AcDbEntity
  8
Window Trim
 62
256
370
100
 48
1.0
  6
BYLAYER
100
AcDbLine
 10
23.9922648693411134
 20
45.7520579300064014
 30
0.0
 11
24.2569202209162
 21
45.7520579300064014
 31
0.0
  0
LINE
  5
137
100
AcDbEntity
  8
Window Trim
 62
256
370
100
 48
1.0
  6
BYLAYER
100
AcDbLine
 10
24.2569202209162
 20
45.7520579300064014
 30
0.0
 11
24.3627823615462376
 21
45.7520579300064014
 31
0.0
  0
LINE
  5
138
100
AcDbEntity
  8
Window Trim
 62
256
370
100
 48
1.0
  6
BYLAYER
100
AcDbLine
 10
24.3627823615462376
 20
45.7520579300064014
 30
0.0
 11
24.9979552053264413
 21
45.6991268596913827
 31
0.0
  0
LINE
  5
139
100
AcDbEntity
  8
Window Trim
 62
256
370
100
 48
1.0
  6
BYLAYER
100
AcDbLine
 10
24.9979552053264413
 20
45.6991268596913827
 30
0.0
 11
25.0508862756414601
 21
45.6991268596913827
 31
0.0
  0
LINE
  5
13A
100
AcDbEntity
  8
Window Trim
 62
256
370
100
 48
1.0
  6
BYLAYER
100
AcDbLine
 10
25.0508862756414601
 20
45.6991268596913827
 30
0.0
 11
25.1038173459564717
 21
45.6991268596913827
 31
0.0
  0
LINE
  5
13B
100
AcDbEntity
  8
Window Trim
 62
256
370
100
 48
1.0
  6
BYLAYER
100
AcDbLine
 10
25.1038173459564717
 20
45.6991268596913827
 30
0.0
 11
25.2096794865865093
 21
45.6991268596913827
 31
0.0
  0
LINE
  5
13C
100
AcDbEntity
  8
Window Trim
 62
256
370
100
 48
1.0
  6
BYLAYER
100
AcDbLine
 10
25.2096794865865093
 20
45.6991268596913827
 30
0.0
 11
25.3684726975315584
 21
45.6991268596913827
 31
0.0
  0
LINE
  5
13D
100
AcDbEntity
  8
Window Trim
 62
256
370
100
 48
1.0
  6
BYLAYER
100
AcDbLine
 10
25.3684726975315584
 20
45.6991268596913827
 30
0.0
 11
25.5801969787916335
 21
45.6991268596913827
 31
0.0
  0
LINE
  5
13E
100
AcDbEntity
  8
Window Trim
 62
256
370
100
 48
1.0
  6
BYLAYER
100
AcDbLine
 10
25.5801969787916335
 20
45.6991268596913827
 30
0.0
 11
25.8448523303667201
 21
45.6991268596913827
 31
0.0
  0
LINE
  5
13F
100
AcDbEntity
  8
Window Trim
 62
256
370
100
 48
1.0
  6
BYLAYER
100
AcDbLine
 10
25.8448523303667201
 20
45.6991268596913827
 30
0.0
 11
25.9507144709967505
 21
45.6991268596913827
 31
0.0
  0
LINE
  5
140
100
AcDbEntity
  8
Window Trim
 62
256
370
100
 48
1.0
  6
BYLAYER
100
AcDbLine
 10
25.9507144709967505
 20
45.6991268596913827
 30
0.0
 11
25.5565766116267881
 21
45.6991268596913827
 31
0.0
  0
LINE
  5
141
100
AcDbEntity
  8
Window Trim
 62
256
370
100
 48
1.0
  6
BYLAYER
100
AcDbLine
 10
25.5565766116267881
 20
45.6991268596913827
 30
0.0
 11
25.6624387522568185
 21
45.6991268596913827
 31
0.0
  0
LINE
  5
142
100
AcDbEntity
  8
Window Trim
 62
256
370
100
 48
1.0
  6
BYLAYER
100
AcDbLine
 10
25.6624387522568185
 20
45.6991268596913827
 30
0.0
 11
25.7153698225718372
 21
45.6991268596913827
 31
0.0
  0
LINE
  5
143
100
AcDbEntity
  8
Window Trim
 62
256
370
100
 48
1.0
  6
BYLAYER
100
AcDbLine
 10
25.7153698225718372
 20
45.6991268596913827
 30
0.0
 11
25.8212319632018747
 21
45.6991268596913827
 31
0.0
  0
LINE
  5
144
100
AcDbEntity
  8
Window Trim
 62
256
370
100
 48
1.0
  6
BYLAYER
100
AcDbLine
 10
25.8212319632018747
 20
45.6991268596913827
 30
0.0
 11
25.8741630335168864
 21
45.6991268596913827
 31
0.0
  0
LINE
  5
145
100
AcDbEntity
  8
Window Trim
 62
256
370
100
 48
1.0
  6
BYLAYER
100
AcDbLine
 10
25.8741630335168864
 20
45.6991268596913827
 30
0.0
 11
25.9270941038319052
 21
45.6991268596913827
 31
0.0
  0
LINE
  5
146
100
AcDbEntity
  8
Window Trim
 62
256
370
100
 48
1.0
  6
BYLAYER
100
AcDbLine
 10
25.9270941038319052
 20
45.6991268596913827
 30
0.0
 11
25.9270941038319052
 21
45.7520579300064014
 31
0.0
  0
LINE
  5
147
100
AcDbEntity
  8
Window Trim
 62
256
370
100
 48
1.0
  6
BYLAYER
100
AcDbLine
 10
25.9270941038319052
 20
45.7520579300064014
 30
0.0
 11
26.0858873147769614
 21
45.7520579300064014
 31
0.0
  0
LINE
  5
148
100
AcDbEntity
  8
Window Trim
 62
256
370
100
 48
1.0
  6
BYLAYER
100
AcDbLine
 10
26.0858873147769614
 20
45.7520579300064014
 30
0.0
 11
26.1388183850919731
 21
45.8049890003214202
 31
0.0
  0
LINE
  5
149
100
AcDbEntity
  8
Window Trim
 62
256
370
100
 48
1.0
  6
BYLAYER
100
AcDbLine
 10
26.1388183850919731
 20
45.8049890003214202
 30
0.0
 11
26.2976115960370294
 21
46.0167132815814881
 31
0.0
  0
LINE
  5
14A
100
AcDbEntity
  8
Window Trim
 62
256
370
100
 48
1.0
  6
BYLAYER
100
AcDbLine
 10
26.2976115960370294
 20
46.0167132815814881
 30
0.0
 11
26.3505426663520481
 21
46.1225754222115256
 31
0.0
  0
LINE
  5
14B
100
AcDbEntity
  8
Window Trim
 62
256
370
100
 48
1.0
  6
BYLAYER
100
AcDbLine
 10
26.3505426663520481
 20
46.1225754222115256
 30
0.0
 11
26.3505426663520481
 21
46.1755064925265373
 31
0.0
  0
LINE
  5
14C
100
AcDbEntity
  8
Window Trim
 62
256
370
100
 48
1.0
  6
BYLAYER
100
AcDbLine
 10
26.3505426663520481
 20
46.1755064925265373
 30
0.0
 11
26.3505426663520481
 21
46.228437562841556
 31
0.0
  0
LINE
  5
14D
100
AcDbEntity
  8
Window Trim
 62
256
370
100
 48
1.0
  6
BYLAYER
100
AcDbLine
 10
26.3505426663520481
 20
46.228437562841556
 30
0.0
 11
26.4034737366670598
 21
46.3872307737866052
 31
0.0
  0
LINE
  5
14E
100
AcDbEntity
  8
Window Trim
 62
256
370
100
 48
1.0
  6
BYLAYER
100
AcDbLine
 10
26.4034737366670598
 20
46.3872307737866052
 30
0.0
 11
26.4034737366670598
 21
46.440161844101624
 31
0.0
  0
LINE
  5
14F
100
AcDbEntity
  8
Window Trim
 62
256
370
100
 48
1.0
  6
BYLAYER
100
AcDbLine
 10
26.4034737366670598
 20
46.440161844101624
 30
0.0
 11
26.4034737366670598
 21
46.4930929144166427
 31
0.0
  0
LINE
  5
150
100
AcDbEntity
  8
Window Trim
 62
256
370
100
 48
1.0
  6
BYLAYER
100
AcDbLine
 10
26.4034737366670598
 20
46.4930929144166427
 30
0.0
 11
26.4034737366670598
 21
46.7577482659917294
 31
0.0
  0
LINE
  5
151
100
AcDbEntity
  8
Window Trim
 62
256
370
100
 48
1.0
  6
BYLAYER
100
AcDbLine
 10
26.4034737366670598
 20
46.7577482659917294
 30
0.0
 11
26.4034737366670598
 21
46.8106793363067482
 31
0.0
  0
LINE
  5
152
100
AcDbEntity
  8
Window Trim
 62
256
370
100
 48
1.0
  6
BYLAYER
100
AcDbLine
 10
26.4034737366670598
 20
46.8106793363067482
 30
0.0
 11
26.4034737366670598
 21
46.9694725472517973
 31
0.0
  0
LINE
  5
153
100
AcDbEntity
  8
Window Trim
 62
256
370
100
 48
1.0
  6
BYLAYER
100
AcDbLine
 10
26.4034737366670598
 20
46.9694725472517973
 30
0.0
 11
26.4034737366670598
 21
47.0753346878818348
 31
0.0
  0
LINE
  5
154
100
AcDbEntity
  8
Window Trim
 62
256
370
100
 48
1.0
  6
BYLAYER
100
AcDbLine
 10
26.4034737366670598
 20
47.0753346878818348
 30
0.0
 11
26.4034737366670598
 21
47.3399900394569144
 31
0.0
  0
LINE
  5
155
100
AcDbEntity
  8
Window Trim
 62
256
370
100
 48
1.0
  6
BYLAYER
100
AcDbLine
 10
26.4034737366670598
 20
47.3399900394569144
 30
0.0
 11
26.4034737366670598
 21
47.4458521800869519
 31
0.0
  0
LINE
  5
156
100
AcDbEntity
  8
Window Trim
 62
256
370
100
 48
1.0
  6
BYLAYER
100
AcDbLine
 10
26.4034737366670598
 20
47.4458521800869519
 30
0.0
 11
26.4034737366670598
 21
47.4987832504019707
 31
0.0
  0
LINE
  5
157
100
AcDbEntity
  8
Window Trim
 62
256
370
100
 48
1.0
  6
BYLAYER
100
AcDbLine
 10
26.4034737366670598
 20
47.4987832504019707
 30
0.0
 11
26.4034737366670598
 21
47.5517143207169823
 31
0.0
  0
LINE
  5
158
100
AcDbEntity
  8
Window Trim
 62
256
370
100
 48
1.0
  6
BYLAYER
100
AcDbLine
 10
26.4034737366670598
 20
47.5517143207169823
 30
0.0
 11
26.4034737366670598
 21
47.6046453910320011
 31
0.0
  0
LINE
  5
159
100
AcDbEntity
  8
Window Trim
 62
256
370
100
 48
1.0
  6
BYLAYER
100
AcDbLine
 10
26.4034737366670598
 20
47.6046453910320011
 30
0.0
 11
26.4034737366670598
 21
47.7634386019770574
 31
0.0
  0
LINE
  5
15A
100
AcDbEntity
  8
Window Trim
 62
256
370
100
 48
1.0
  6
BYLAYER
100
AcDbLine
 10
26.4034737366670598
 20
47.7634386019770574
 30
0.0
 11
26.4034737366670598
 21
47.9222318129221065
 31
0.0
  0
LINE
  5
15B
100
AcDbEntity
  8
Window Trim
 62
256
370
100
 48
1.0
  6
BYLAYER
100
AcDbLine
 10
26.4034737366670598
 20
47.9222318129221065
 30
0.0
 11
26.3505426663520481
 21
47.9751628832371253
 31
0.0
  0
LINE
  5
15C
100
AcDbEntity
  8
Window Trim
 62
256
370
100
 48
1.0
  6
BYLAYER
100
AcDbLine
 10
26.3505426663520481
 20
47.9751628832371253
 30
0.0
 11
26.3505426663520481
 21
48.0810250238671557
 31
0.0
  0
LINE
  5
15D
100
AcDbEntity
  8
Window Trim
 62
256
370
100
 48
1.0
  6
BYLAYER
100
AcDbLine
 10
26.3505426663520481
 20
48.0810250238671557
 30
0.0
 11
26.3505426663520481
 21
48.1339560941821745
 31
0.0
  0
LINE
  5
15E
100
AcDbEntity
  8
Window Trim
 62
256
370
100
 48
1.0
  6
BYLAYER
100
AcDbLine
 10
26.3505426663520481
 20
48.1339560941821745
 30
0.0
 11
26.3505426663520481
 21
48.1868871644971932
 31
0.0
  0
LINE
  5
15F
100
AcDbEntity
  8
Window Trim
 62
256
370
100
 48
1.0
  6
BYLAYER
100
AcDbLine
 10
26.3505426663520481
 20
48.1868871644971932
 30
0.0
 11
26.3505426663520481
 21
48.239818234812212
 31
0.0
  0
ARC
  5
160
100
AcDbEntity
  8
Window Trim
 62
256
370
-1
 48
1.0
  6
BYLAYER
100
AcDbCircle
 10
-1.0000000000000151
 20
42.5
 30
0.0
 40
6.0207972893961381
100
AcDbArc
 50
131.6335393365700952
 51
228.3664606634299048
  0
LINE
  5
161
100
AcDbEntity
  8
Window Trim
 62
256
370
-1
 48
1.0
  6
BYLAYER
100
AcDbLine
 10
-5.0
 20
47.0
 30
0.0
 11
-5.7728079528595586
 21
46.4739282728775933
 31
0.0
  0
LINE
  5
162
100
AcDbEntity
  8
Window Trim
 62
256
370
-1
 48
1.0
  6
BYLAYER
100
AcDbLine
 10
-5.0
 20
47.0
 30
0.0
 11
-5.4664938885365419
 21
46.2441927246353259
 31
0.0
  0
LINE
  5
163
100
AcDbEntity
  8
Window Trim
 62
256
370
-1
 48
1.0
  6
BYLAYER
100
AcDbLine
 10
-5.4664938885365419
 20
46.2441927246353259
 30
0.0
 11
-5.7728079528595586
 21
46.4739282728775933
 31
0.0
  0
LINE
  5
164
100
AcDbEntity
  8
Window Trim
 62
256
370
-1
 48
1.0
  6
BYLAYER
100
AcDbLine
 10
-5.0000000000000009
 20
38.0
 30
0.0
 11
-5.2878106843481163
 21
38.5608149445330071
 31
0.0
  0
LINE
  5
165
100
AcDbEntity
  8
Window Trim
 62
256
370
-1
 48
1.0
  6
BYLAYER
100
AcDbLine
 10
-5.0000000000000009
 20
38.0
 30
0.0
 11
-5.5685985766442148
 21
38.3310793962907397
 31
0.0
  0
LINE
  5
166
100
AcDbEntity
  8
Window Trim
 62
256
370
-1
 48
1.0
  6
BYLAYER
100
AcDbLine
 10
-5.5685985766442148
 20
38.3310793962907397
 30
0.0
 11
-5.2878106843481163
 21
38.5608149445330071
 31
0.0
  0
MTEXT
  5
167
100
AcDbEntity
  8
Window Trim
 62
256
370
-1
 48
1.0
  6
BYLAYER
100
AcDbMText
 10
-10.0
 20
43.0
 30
0.0
 40
3.0
 41
0.0
 71
1
 72
1
  1
\H1;Flip
  7
textstyle0
 50
0.0
 73
2
 44
1.0
  0
LEADER
  5
168
100
AcDbEntity
  8
Window Trim
 62
256
370
-1
 48
1.0
  6
BYLAYER
100
AcDbLeader
  3
Standard
 71
1
 72
0
 73
3
 74
0
 75
0
 40
1.0
 41
10.0
 76
3
 10
19.0
 20
45.2021707372349795
 10
14.5
 20
41.0
 10
13.0
 20
41.0
1001
ACAD
1000
DSTYLE
1002
{
1070
40
1040
1.0
1002
}
  0
LINE
  5
169
100
AcDbEntity
  8
Window Trim
 62
256
370
-1
 48
1.0
  6
BYLAYER
100
AcDbLine
 10
37.8049525450768442
 20
28.3643835270924001
 30
0.0
 11
41.3049525450768442
 21
28.3643835270924001
 31
0.0
  0
LINE
  5
16A
100
AcDbEntity
  8
Window Trim
 62
256
370
-1
 48
1.0
  6
BYLAYER
100
AcDbLine
 10
-14.8923411330825406
 20
28.3643835270924072
 30
0.0
 11
-18.3923411330825459
 21
28.3643835270924001
 31
0.0
  0
LINE
  5
16B
100
AcDbEntity
  8
Window Trim
 62
256
370
100
 48
1.0
  6
BYLAYER
100
AcDbLine
 10
40.7595495236508611
 20
28.0192079257592042
 30
0.0
 11
40.7227918359320995
 21
28.0192079257592042
 31
0.0
  0
LINE
  5
16C
100
AcDbEntity
  8
Window Trim
 62
256
370
100
 48
1.0
  6
BYLAYER
100
AcDbLine
 10
-17.8469381116565629
 20
28.0192079257592113
 30
0.0
 11
-17.8101804239378012
 21
28.0192079257592113
 31
0.0
  0
LINE
  5
16D
100
AcDbEntity
  8
Window Trim
 62
256
370
100
 48
1.0
  6
BYLAYER
100
AcDbLine
 10
40.7227918359320995
 20
28.0192079257592042
 30
0.0
 11
40.6860341482133379
 21
28.0192079257592042
 31
0.0
  0
LINE
  5
16E
100
AcDbEntity
  8
Window Trim
 62
256
370
100
 48
1.0
  6
BYLAYER
100
AcDbLine
 10
-17.8101804239378012
 20
28.0192079257592113
 30
0.0
 11
-17.7734227362190396
 21
28.0192079257592113
 31
0.0
  0
LINE
  5
16F
100
AcDbEntity
  8
Window Trim
 62
256
370
100
 48
1.0
  6
BYLAYER
100
AcDbLine
 10
40.6860341482133379
 20
28.0192079257592042
 30
0.0
 11
40.6492764604945762
 21
27.9824502380404425
 31
0.0
  0
LINE
  5
170
100
AcDbEntity
  8
Window Trim
 62
256
370
100
 48
1.0
  6
BYLAYER
100
AcDbLine
 10
-17.7734227362190396
 20
28.0192079257592113
 30
0.0
 11
-17.7366650485002779
 21
27.9824502380404567
 31
0.0
  0
LINE
  5
171
100
AcDbEntity
  8
Window Trim
 62
256
370
100
 48
1.0
  6
BYLAYER
100
AcDbLine
 10
40.6492764604945762
 20
27.9824502380404425
 30
0.0
 11
40.6125187727758146
 21
27.9824502380404425
 31
0.0
  0
LINE
  5
172
100
AcDbEntity
  8
Window Trim
 62
256
370
100
 48
1.0
  6
BYLAYER
100
AcDbLine
 10
-17.7366650485002779
 20
27.9824502380404567
 30
0.0
 11
-17.6999073607815234
 21
27.9824502380404354
 31
0.0
  0
LINE
  5
173
100
AcDbEntity
  8
Window Trim
 62
256
370
100
 48
1.0
  6
BYLAYER
100
AcDbLine
 10
40.6125187727758146
 20
27.9824502380404425
 30
0.0
 11
40.5757610850570529
 21
27.9824502380404425
 31
0.0
  0
LINE
  5
174
100
AcDbEntity
  8
Window Trim
 62
256
370
100
 48
1.0
  6
BYLAYER
100
AcDbLine
 10
-17.6999073607815234
 20
27.9824502380404354
 30
0.0
 11
-17.6631496730627688
 21
27.9824502380404425
 31
0.0
  0
LINE
  5
175
100
AcDbEntity
  8
Window Trim
 62
256
370
100
 48
1.0
  6
BYLAYER
100
AcDbLine
 10
40.5757610850570529
 20
27.9824502380404425
 30
0.0
 11
40.5390033973382913
 21
27.9824502380404425
 31
0.0
  0
LINE
  5
176
100
AcDbEntity
  8
Window Trim
 62
256
370
100
 48
1.0
  6
BYLAYER
100
AcDbLine
 10
-17.6631496730627688
 20
27.9824502380404425
 30
0.0
 11
-17.626391985343993
 21
27.9824502380404496
 31
0.0
  0
LINE
  5
177
100
AcDbEntity
  8
Window Trim
 62
256
370
100
 48
1.0
  6
BYLAYER
100
AcDbLine
 10
40.5390033973382913
 20
27.9824502380404425
 30
0.0
 11
40.5022457096195296
 21
27.9824502380404425
 31
0.0
  0
LINE
  5
178
100
AcDbEntity
  8
Window Trim
 62
256
370
100
 48
1.0
  6
BYLAYER
100
AcDbLine
 10
-17.626391985343993
 20
27.9824502380404496
 30
0.0
 11
-17.5896342976252242
 21
27.9824502380404567
 31
0.0
  0
LINE
  5
179
100
AcDbEntity
  8
Window Trim
 62
256
370
100
 48
1.0
  6
BYLAYER
100
AcDbLine
 10
40.5022457096195296
 20
27.9824502380404425
 30
0.0
 11
40.4287303341820063
 21
27.9824502380404425
 31
0.0
  0
LINE
  5
17A
100
AcDbEntity
  8
Window Trim
 62
256
370
100
 48
1.0
  6
BYLAYER
100
AcDbLine
 10
-17.5896342976252242
 20
27.9824502380404567
 30
0.0
 11
-17.5161189221877009
 21
27.9824502380404567
 31
0.0
  0
LINE
  5
17B
100
AcDbEntity
  8
Window Trim
 62
256
370
100
 48
1.0
  6
BYLAYER
100
AcDbLine
 10
40.4287303341820063
 20
27.9824502380404425
 30
0.0
 11
40.3552149587444831
 21
27.9824502380404425
 31
0.0
  0
LINE
  5
17C
100
AcDbEntity
  8
Window Trim
 62
256
370
100
 48
1.0
  6
BYLAYER
100
AcDbLine
 10
-17.5161189221877009
 20
27.9824502380404567
 30
0.0
 11
-17.4426035467501919
 21
27.9824502380404496
 31
0.0
  0
LINE
  5
17D
100
AcDbEntity
  8
Window Trim
 62
256
370
100
 48
1.0
  6
BYLAYER
100
AcDbLine
 10
40.3552149587444831
 20
27.9824502380404425
 30
0.0
 11
40.3184572710257214
 21
27.9824502380404425
 31
0.0
  0
LINE
  5
17E
100
AcDbEntity
  8
Window Trim
 62
256
370
100
 48
1.0
  6
BYLAYER
100
AcDbLine
 10
-17.4426035467501919
 20
27.9824502380404496
 30
0.0
 11
-17.4058458590314231
 21
27.9824502380404496
 31
0.0
  0
LINE
  5
17F
100
AcDbEntity
  8
Window Trim
 62
256
370
100
 48
1.0
  6
BYLAYER
100
AcDbLine
 10
40.3184572710257214
 20
27.9824502380404425
 30
0.0
 11
40.2449418955881981
 21
27.9824502380404425
 31
0.0
  0
LINE
  5
180
100
AcDbEntity
  8
Window Trim
 62
256
370
100
 48
1.0
  6
BYLAYER
100
AcDbLine
 10
-17.4058458590314231
 20
27.9824502380404496
 30
0.0
 11
-17.3323304835938927
 21
27.9824502380404567
 31
0.0
  0
LINE
  5
181
100
AcDbEntity
  8
Window Trim
 62
256
370
100
 48
1.0
  6
BYLAYER
100
AcDbLine
 10
40.2449418955881981
 20
27.9824502380404425
 30
0.0
 11
40.2081842078694365
 21
27.9824502380404425
 31
0.0
  0
LINE
  5
182
100
AcDbEntity
  8
Window Trim
 62
256
370
100
 48
1.0
  6
BYLAYER
100
AcDbLine
 10
-17.3323304835938927
 20
27.9824502380404567
 30
0.0
 11
-17.2955727958751382
 21
27.9824502380404567
 31
0.0
  0
LINE
  5
183
100
AcDbEntity
  8
Window Trim
 62
256
370
100
 48
1.0
  6
BYLAYER
100
AcDbLine
 10
40.2081842078694365
 20
27.9824502380404425
 30
0.0
 11
40.1714265201506748
 21
27.9824502380404425
 31
0.0
  0
LINE
  5
184
100
AcDbEntity
  8
Window Trim
 62
256
370
100
 48
1.0
  6
BYLAYER
100
AcDbLine
 10
-17.2955727958751382
 20
27.9824502380404567
 30
0.0
 11
-17.2588151081563694
 21
27.9824502380404496
 31
0.0
  0
LINE
  5
185
100
AcDbEntity
  8
Window Trim
 62
256
370
100
 48
1.0
  6
BYLAYER
100
AcDbLine
 10
40.1714265201506748
 20
27.9824502380404425
 30
0.0
 11
40.1346688324319132
 21
27.9824502380404425
 31
0.0
  0
LINE
  5
186
100
AcDbEntity
  8
Window Trim
 62
256
370
100
 48
1.0
  6
BYLAYER
100
AcDbLine
 10
-17.2588151081563694
 20
27.9824502380404496
 30
0.0
 11
-17.2220574204376078
 21
27.9824502380404567
 31
0.0
  0
LINE
  5
187
100
AcDbEntity
  8
Window Trim
 62
256
370
100
 48
1.0
  6
BYLAYER
100
AcDbLine
 10
40.1346688324319132
 20
27.9824502380404425
 30
0.0
 11
40.0611534569943899
 21
27.9824502380404425
 31
0.0
  0
LINE
  5
188
100
AcDbEntity
  8
Window Trim
 62
256
370
100
 48
1.0
  6
BYLAYER
100
AcDbLine
 10
-17.2220574204376078
 20
27.9824502380404567
 30
0.0
 11
-17.1485420450000987
 21
27.9824502380404496
 31
0.0
  0
LINE
  5
189
100
AcDbEntity
  8
Window Trim
 62
256
370
100
 48
1.0
  6
BYLAYER
100
AcDbLine
 10
40.0611534569943899
 20
27.9824502380404425
 30
0.0
 11
40.0243957692756283
 21
27.9824502380404425
 31
0.0
  0
LINE
  5
18A
100
AcDbEntity
  8
Window Trim
 62
256
370
100
 48
1.0
  6
BYLAYER
100
AcDbLine
 10
-17.1485420450000987
 20
27.9824502380404496
 30
0.0
 11
-17.1117843572813442
 21
27.9824502380404354
 31
0.0
  0
LINE
  5
18B
100
AcDbEntity
  8
Window Trim
 62
256
370
100
 48
1.0
  6
BYLAYER
100
AcDbLine
 10
40.0243957692756283
 20
27.9824502380404425
 30
0.0
 11
39.9141227061193433
 21
27.9824502380404425
 31
0.0
  0
LINE
  5
18C
100
AcDbEntity
  8
Window Trim
 62
256
370
100
 48
1.0
  6
BYLAYER
100
AcDbLine
 10
-17.1117843572813442
 20
27.9824502380404354
 30
0.0
 11
-17.0015112941250521
 21
27.9824502380404425
 31
0.0
  0
LINE
  5
18D
100
AcDbEntity
  8
Window Trim
 62
256
370
100
 48
1.0
  6
BYLAYER
100
AcDbLine
 10
39.9141227061193433
 20
27.9824502380404425
 30
0.0
 11
39.7670919552442967
 21
27.9824502380404425
 31
0.0
  0
LINE
  5
18E
100
AcDbEntity
  8
Window Trim
 62
256
370
100
 48
1.0
  6
BYLAYER
100
AcDbLine
 10
-17.0015112941250521
 20
27.9824502380404425
 30
0.0
 11
-16.8544805432499984
 21
27.9824502380404496
 31
0.0
  0
LINE
  5
18F
100
AcDbEntity
  8
Window Trim
 62
256
370
100
 48
1.0
  6
BYLAYER
100
AcDbLine
 10
39.7670919552442967
 20
27.9824502380404425
 30
0.0
 11
39.6935765798067663
 21
27.9824502380404425
 31
0.0
  0
LINE
  5
190
100
AcDbEntity
  8
Window Trim
 62
256
370
100
 48
1.0
  6
BYLAYER
100
AcDbLine
 10
-16.8544805432499984
 20
27.9824502380404496
 30
0.0
 11
-16.7809651678124681
 21
27.9824502380404425
 31
0.0
  0
LINE
  5
191
100
AcDbEntity
  8
Window Trim
 62
256
370
100
 48
1.0
  6
BYLAYER
100
AcDbLine
 10
39.6935765798067663
 20
27.9824502380404425
 30
0.0
 11
39.6568188920880047
 21
27.9824502380404425
 31
0.0
  0
LINE
  5
192
100
AcDbEntity
  8
Window Trim
 62
256
370
100
 48
1.0
  6
BYLAYER
100
AcDbLine
 10
-16.7809651678124681
 20
27.9824502380404425
 30
0.0
 11
-16.7442074800937135
 21
27.9824502380404425
 31
0.0
  0
LINE
  5
193
100
AcDbEntity
  8
Window Trim
 62
256
370
100
 48
1.0
  6
BYLAYER
100
AcDbLine
 10
39.6568188920880047
 20
27.9824502380404425
 30
0.0
 11
39.5833035166504814
 21
27.9824502380404425
 31
0.0
  0
LINE
  5
194
100
AcDbEntity
  8
Window Trim
 62
256
370
100
 48
1.0
  6
BYLAYER
100
AcDbLine
 10
-16.7442074800937135
 20
27.9824502380404425
 30
0.0
 11
-16.6706921046561831
 21
27.9824502380404425
 31
0.0
  0
LINE
  5
195
100
AcDbEntity
  8
Window Trim
 62
256
370
100
 48
1.0
  6
BYLAYER
100
AcDbLine
 10
39.5833035166504814
 20
27.9824502380404425
 30
0.0
 11
39.3995150780566732
 21
27.9824502380404425
 31
0.0
  0
LINE
  5
196
100
AcDbEntity
  8
Window Trim
 62
256
370
100
 48
1.0
  6
BYLAYER
100
AcDbLine
 10
-16.6706921046561831
 20
27.9824502380404425
 30
0.0
 11
-16.4869036660623749
 21
27.9824502380404496
 31
0.0
  0
LINE
  5
197
100
AcDbEntity
  8
Window Trim
 62
256
370
100
 48
1.0
  6
BYLAYER
100
AcDbLine
 10
39.3995150780566732
 20
27.9824502380404425
 30
0.0
 11
39.3627573903379115
 21
27.9824502380404425
 31
0.0
  0
LINE
  5
198
100
AcDbEntity
  8
Window Trim
 62
256
370
100
 48
1.0
  6
BYLAYER
100
AcDbLine
 10
-16.4869036660623749
 20
27.9824502380404496
 30
0.0
 11
-16.4501459783436061
 21
27.9824502380404496
 31
0.0
  0
LINE
  5
199
100
AcDbEntity
  8
Window Trim
 62
256
370
100
 48
1.0
  6
BYLAYER
100
AcDbLine
 10
39.3627573903379115
 20
27.9824502380404425
 30
0.0
 11
39.2157266394628579
 21
27.9824502380404425
 31
0.0
  0
LINE
  5
19A
100
AcDbEntity
  8
Window Trim
 62
256
370
100
 48
1.0
  6
BYLAYER
100
AcDbLine
 10
-16.4501459783436061
 20
27.9824502380404496
 30
0.0
 11
-16.3031152274685667
 21
27.9824502380404496
 31
0.0
  0
LINE
  5
19B
100
AcDbEntity
  8
Window Trim
 62
256
370
100
 48
1.0
  6
BYLAYER
100
AcDbLine
 10
39.2157266394628579
 20
27.9824502380404425
 30
0.0
 11
39.1789689517440962
 21
27.9824502380404425
 31
0.0
  0
LINE
  5
19C
100
AcDbEntity
  8
Window Trim
 62
256
370
100
 48
1.0
  6
BYLAYER
100
AcDbLine
 10
-16.3031152274685667
 20
27.9824502380404496
 30
0.0
 11
-16.2663575397497979
 21
27.9824502380404425
 31
0.0
  0
LINE
  5
19D
100
AcDbEntity
  8
Window Trim
 62
256
370
100
 48
1.0
  6
BYLAYER
100
AcDbLine
 10
39.1789689517440962
 20
27.9824502380404425
 30
0.0
 11
39.1422112640253346
 21
27.9824502380404425
 31
0.0
  0
LINE
  5
19E
100
AcDbEntity
  8
Window Trim
 62
256
370
100
 48
1.0
  6
BYLAYER
100
AcDbLine
 10
-16.2663575397497979
 20
27.9824502380404425
 30
0.0
 11
-16.2295998520310363
 21
27.9824502380404496
 31
0.0
  0
LINE
  5
19F
100
AcDbEntity
  8
Window Trim
 62
256
370
100
 48
1.0
  6
BYLAYER
100
AcDbLine
 10
39.1422112640253346
 20
27.9824502380404425
 30
0.0
 11
39.0686958885878113
 21
27.9824502380404425
 31
0.0
  0
LINE
  5
1A0
100
AcDbEntity
  8
Window Trim
 62
256
370
100
 48
1.0
  6
BYLAYER
100
AcDbLine
 10
-16.2295998520310363
 20
27.9824502380404496
 30
0.0
 11
-16.1560844765935201
 21
27.9824502380404496
 31
0.0
  0
LINE
  5
1A1
100
AcDbEntity
  8
Window Trim
 62
256
370
100
 48
1.0
  6
BYLAYER
100
AcDbLine
 10
39.0686958885878113
 20
27.9824502380404425
 30
0.0
 11
39.0319382008690496
 21
27.9824502380404425
 31
0.0
  0
LINE
  5
1A2
100
AcDbEntity
  8
Window Trim
 62
256
370
100
 48
1.0
  6
BYLAYER
100
AcDbLine
 10
-16.1560844765935201
 20
27.9824502380404496
 30
0.0
 11
-16.1193267888747513
 21
27.9824502380404567
 31
0.0
  0
LINE
  5
1A3
100
AcDbEntity
  8
Window Trim
 62
256
370
100
 48
1.0
  6
BYLAYER
100
AcDbLine
 10
39.0319382008690496
 20
27.9824502380404425
 30
0.0
 11
38.995180513150288
 21
27.9824502380404425
 31
0.0
  0
LINE
  5
1A4
100
AcDbEntity
  8
Window Trim
 62
256
370
100
 48
1.0
  6
BYLAYER
100
AcDbLine
 10
-16.1193267888747513
 20
27.9824502380404567
 30
0.0
 11
-16.0825691011559826
 21
27.9824502380404567
 31
0.0
  0
LINE
  5
1A5
100
AcDbEntity
  8
Window Trim
 62
256
370
100
 48
1.0
  6
BYLAYER
100
AcDbLine
 10
38.995180513150288
 20
27.9824502380404425
 30
0.0
 11
38.9584228254315263
 21
27.9824502380404425
 31
0.0
  0
LINE
  5
1A6
100
AcDbEntity
  8
Window Trim
 62
256
370
100
 48
1.0
  6
BYLAYER
100
AcDbLine
 10
-16.0825691011559826
 20
27.9824502380404567
 30
0.0
 11
-16.0458114134372352
 21
27.9824502380404425
 31
0.0
  0
LINE
  5
1A7
100
AcDbEntity
  8
Window Trim
 62
256
370
100
 48
1.0
  6
BYLAYER
100
AcDbLine
 10
38.9584228254315263
 20
27.9824502380404425
 30
0.0
 11
38.9216651377127647
 21
28.0192079257592042
 31
0.0
  0
LINE
  5
1A8
100
AcDbEntity
  8
Window Trim
 62
256
370
100
 48
1.0
  6
BYLAYER
100
AcDbLine
 10
-16.0458114134372352
 20
27.9824502380404425
 30
0.0
 11
-16.0090537257184735
 21
28.0192079257592042
 31
0.0
  0
LINE
  5
1A9
100
AcDbEntity
  8
Window Trim
 62
256
370
100
 48
1.0
  6
BYLAYER
100
AcDbLine
 10
38.9216651377127647
 20
28.0192079257592042
 30
0.0
 11
38.8849074499940031
 21
28.0192079257592042
 31
0.0
  0
LINE
  5
1AA
100
AcDbEntity
  8
Window Trim
 62
256
370
100
 48
1.0
  6
BYLAYER
100
AcDbLine
 10
-16.0090537257184735
 20
28.0192079257592042
 30
0.0
 11
-15.9722960379996994
 21
28.0192079257592113
 31
0.0
  0
LINE
  5
1AB
100
AcDbEntity
  8
Window Trim
 62
256
370
100
 48
1.0
  6
BYLAYER
100
AcDbLine
 10
38.8849074499940031
 20
28.0192079257592042
 30
0.0
 11
38.8481497622752414
 21
28.0192079257592042
 31
0.0
  0
LINE
  5
1AC
100
AcDbEntity
  8
Window Trim
 62
256
370
100
 48
1.0
  6
BYLAYER
100
AcDbLine
 10
-15.9722960379996994
 20
28.0192079257592113
 30
0.0
 11
-15.9355383502809591
 21
28.0192079257592042
 31
0.0
  0
LINE
  5
1AD
100
AcDbEntity
  8
Window Trim
 62
256
370
100
 48
1.0
  6
BYLAYER
100
AcDbLine
 10
38.8481497622752414
 20
28.0192079257592042
 30
0.0
 11
38.8113920745564798
 21
28.0192079257592042
 31
0.0
  0
LINE
  5
1AE
100
AcDbEntity
  8
Window Trim
 62
256
370
100
 48
1.0
  6
BYLAYER
100
AcDbLine
 10
-15.9355383502809591
 20
28.0192079257592042
 30
0.0
 11
-15.8987806625621797
 21
28.0192079257592113
 31
0.0
  0
LINE
  5
1AF
100
AcDbEntity
  8
Window Trim
 62
256
370
100
 48
1.0
  6
BYLAYER
100
AcDbLine
 10
38.8113920745564798
 20
28.0192079257592042
 30
0.0
 11
38.6643613236814332
 21
28.0192079257592042
 31
0.0
  0
LINE
  5
1B0
100
AcDbEntity
  8
Window Trim
 62
256
370
100
 48
1.0
  6
BYLAYER
100
AcDbLine
 10
-15.8987806625621797
 20
28.0192079257592113
 30
0.0
 11
-15.751749911687126
 21
28.0192079257592113
 31
0.0
  0
LINE
  5
1B1
100
AcDbEntity
  8
Window Trim
 62
256
370
100
 48
1.0
  6
BYLAYER
100
AcDbLine
 10
38.6643613236814332
 20
28.0192079257592042
 30
0.0
 11
38.4438151973688633
 21
28.0192079257592042
 31
0.0
  0
LINE
  5
1B2
100
AcDbEntity
  8
Window Trim
 62
256
370
100
 48
1.0
  6
BYLAYER
100
AcDbLine
 10
-15.751749911687126
 20
28.0192079257592113
 30
0.0
 11
-15.5312037853745704
 21
28.0192079257592042
 31
0.0
  0
LINE
  5
1B3
100
AcDbEntity
  8
Window Trim
 62
256
370
100
 48
1.0
  6
BYLAYER
100
AcDbLine
 10
38.4438151973688633
 20
28.0192079257592042
 30
0.0
 11
38.4070575096501017
 21
28.0192079257592042
 31
0.0
  0
LINE
  5
1B4
100
AcDbEntity
  8
Window Trim
 62
256
370
100
 48
1.0
  6
BYLAYER
100
AcDbLine
 10
-15.5312037853745704
 20
28.0192079257592042
 30
0.0
 11
-15.4944460976558016
 21
28.0192079257592113
 31
0.0
  0
LINE
  5
1B5
100
AcDbEntity
  8
Window Trim
 62
256
370
100
 48
1.0
  6
BYLAYER
100
AcDbLine
 10
38.4070575096501017
 20
28.0192079257592042
 30
0.0
 11
38.3335421342125784
 21
27.9824502380404425
 31
0.0
  0
LINE
  5
1B6
100
AcDbEntity
  8
Window Trim
 62
256
370
100
 48
1.0
  6
BYLAYER
100
AcDbLine
 10
-15.4944460976558016
 20
28.0192079257592113
 30
0.0
 11
-15.4209307222182854
 21
27.9824502380404496
 31
0.0
  0
LINE
  5
1B7
100
AcDbEntity
  8
Window Trim
 62
256
370
100
 48
1.0
  6
BYLAYER
100
AcDbLine
 10
38.3335421342125784
 20
27.9824502380404425
 30
0.0
 11
38.2967844464938167
 21
27.9824502380404425
 31
0.0
  0
LINE
  5
1B8
100
AcDbEntity
  8
Window Trim
 62
256
370
100
 48
1.0
  6
BYLAYER
100
AcDbLine
 10
-15.4209307222182854
 20
27.9824502380404496
 30
0.0
 11
-15.3841730344995167
 21
27.9824502380404567
 31
0.0
  0
LINE
  5
1B9
100
AcDbEntity
  8
Window Trim
 62
256
370
100
 48
1.0
  6
BYLAYER
100
AcDbLine
 10
38.2967844464938167
 20
27.9824502380404425
 30
0.0
 11
38.2967844464938167
 21
27.9456925503216809
 31
0.0
  0
LINE
  5
1BA
100
AcDbEntity
  8
Window Trim
 62
256
370
100
 48
1.0
  6
BYLAYER
100
AcDbLine
 10
-15.3841730344995167
 20
27.9824502380404567
 30
0.0
 11
-15.3841730344995202
 21
27.9456925503216809
 31
0.0
  0
LINE
  5
1BB
100
AcDbEntity
  8
Window Trim
 62
256
370
100
 48
1.0
  6
BYLAYER
100
AcDbLine
 10
38.2967844464938167
 20
27.9456925503216809
 30
0.0
 11
38.2600267587750551
 21
27.9456925503216809
 31
0.0
  0
LINE
  5
1BC
100
AcDbEntity
  8
Window Trim
 62
256
370
100
 48
1.0
  6
BYLAYER
100
AcDbLine
 10
-15.3841730344995202
 20
27.9456925503216809
 30
0.0
 11
-15.3474153467807586
 21
27.945692550321688
 31
0.0
  0
LINE
  5
1BD
100
AcDbEntity
  8
Window Trim
 62
256
370
100
 48
1.0
  6
BYLAYER
100
AcDbLine
 10
38.2600267587750551
 20
27.9456925503216809
 30
0.0
 11
38.2600267587750551
 21
27.8721771748841576
 31
0.0
  0
LINE
  5
1BE
100
AcDbEntity
  8
Window Trim
 62
256
370
100
 48
1.0
  6
BYLAYER
100
AcDbLine
 10
-15.3474153467807586
 20
27.945692550321688
 30
0.0
 11
-15.3474153467807657
 21
27.8721771748841576
 31
0.0
  0
LINE
  5
1BF
100
AcDbEntity
  8
Window Trim
 62
256
370
100
 48
1.0
  6
BYLAYER
100
AcDbLine
 10
38.2600267587750551
 20
27.8721771748841576
 30
0.0
 11
38.2600267587750551
 21
27.8354194871653959
 31
0.0
  0
LINE
  5
1C0
100
AcDbEntity
  8
Window Trim
 62
256
370
100
 48
1.0
  6
BYLAYER
100
AcDbLine
 10
-15.3474153467807657
 20
27.8721771748841576
 30
0.0
 11
-15.3474153467807692
 21
27.8354194871653888
 31
0.0
  0
LINE
  5
1C1
100
AcDbEntity
  8
Window Trim
 62
256
370
100
 48
1.0
  6
BYLAYER
100
AcDbLine
 10
38.2600267587750551
 20
27.8354194871653959
 30
0.0
 11
38.2232690710562935
 21
27.6883887362903458
 31
0.0
  0
LINE
  5
1C2
100
AcDbEntity
  8
Window Trim
 62
256
370
100
 48
1.0
  6
BYLAYER
100
AcDbLine
 10
-15.3474153467807692
 20
27.8354194871653888
 30
0.0
 11
-15.3106576590620076
 21
27.6883887362903494
 31
0.0
  0
LINE
  5
1C3
100
AcDbEntity
  8
Window Trim
 62
256
370
100
 48
1.0
  6
BYLAYER
100
AcDbLine
 10
38.2232690710562935
 20
27.6883887362903458
 30
0.0
 11
38.2232690710562935
 21
27.6148733608528225
 31
0.0
  0
LINE
  5
1C4
100
AcDbEntity
  8
Window Trim
 62
256
370
100
 48
1.0
  6
BYLAYER
100
AcDbLine
 10
-15.3106576590620076
 20
27.6883887362903494
 30
0.0
 11
-15.3106576590619898
 21
27.6148733608528261
 31
0.0
  0
LINE
  5
1C5
100
AcDbEntity
  8
Window Trim
 62
256
370
100
 48
1.0
  6
BYLAYER
100
AcDbLine
 10
38.2232690710562935
 20
27.6148733608528225
 30
0.0
 11
38.2232690710562935
 21
27.5781156731340609
 31
0.0
  0
LINE
  5
1C6
100
AcDbEntity
  8
Window Trim
 62
256
370
100
 48
1.0
  6
BYLAYER
100
AcDbLine
 10
-15.3106576590619898
 20
27.6148733608528261
 30
0.0
 11
-15.310657659062004
 21
27.5781156731340715
 31
0.0
  0
LINE
  5
1C7
100
AcDbEntity
  8
Window Trim
 62
256
370
100
 48
1.0
  6
BYLAYER
100
AcDbLine
 10
38.2232690710562935
 20
27.5781156731340609
 30
0.0
 11
38.2232690710562935
 21
27.5413579854152992
 31
0.0
  0
LINE
  5
1C8
100
AcDbEntity
  8
Window Trim
 62
256
370
100
 48
1.0
  6
BYLAYER
100
AcDbLine
 10
-15.310657659062004
 20
27.5781156731340715
 30
0.0
 11
-15.310657659062004
 21
27.5413579854153028
 31
0.0
  0
LINE
  5
1C9
100
AcDbEntity
  8
Window Trim
 62
256
370
100
 48
1.0
  6
BYLAYER
100
AcDbLine
 10
38.2232690710562935
 20
27.5413579854152992
 30
0.0
 11
38.2232690710562935
 21
27.4678426099777759
 31
0.0
  0
LINE
  5
1CA
100
AcDbEntity
  8
Window Trim
 62
256
370
100
 48
1.0
  6
BYLAYER
100
AcDbLine
 10
-15.310657659062004
 20
27.5413579854153028
 30
0.0
 11
-15.310657659062004
 21
27.4678426099777866
 31
0.0
  0
LINE
  5
1CB
100
AcDbEntity
  8
Window Trim
 62
256
370
100
 48
1.0
  6
BYLAYER
100
AcDbLine
 10
38.2232690710562935
 20
27.4678426099777759
 30
0.0
 11
38.2232690710562935
 21
27.4310849222590143
 31
0.0
  0
LINE
  5
1CC
100
AcDbEntity
  8
Window Trim
 62
256
370
100
 48
1.0
  6
BYLAYER
100
AcDbLine
 10
-15.310657659062004
 20
27.4678426099777866
 30
0.0
 11
-15.3106576590619969
 21
27.4310849222590249
 31
0.0
  0
LINE
  5
1CD
100
AcDbEntity
  8
Window Trim
 62
256
370
100
 48
1.0
  6
BYLAYER
100
AcDbLine
 10
38.2232690710562935
 20
27.4310849222590143
 30
0.0
 11
38.2232690710562935
 21
27.3943272345402526
 31
0.0
  0
LINE
  5
1CE
100
AcDbEntity
  8
Window Trim
 62
256
370
100
 48
1.0
  6
BYLAYER
100
AcDbLine
 10
-15.3106576590619969
 20
27.4310849222590249
 30
0.0
 11
-15.3106576590619934
 21
27.3943272345402633
 31
0.0
  0
LINE
  5
1CF
100
AcDbEntity
  8
Window Trim
 62
256
370
100
 48
1.0
  6
BYLAYER
100
AcDbLine
 10
38.2232690710562935
 20
27.3943272345402526
 30
0.0
 11
38.1865113833375318
 21
27.2840541713839642
 31
0.0
  0
LINE
  5
1D0
100
AcDbEntity
  8
Window Trim
 62
256
370
100
 48
1.0
  6
BYLAYER
100
AcDbLine
 10
-15.3106576590619934
 20
27.3943272345402633
 30
0.0
 11
-15.2738999713432317
 21
27.2840541713839784
 31
0.0
  0
LINE
  5
1D1
100
AcDbEntity
  8
Window Trim
 62
256
370
100
 48
1.0
  6
BYLAYER
100
AcDbLine
 10
38.1865113833375318
 20
27.2840541713839642
 30
0.0
 11
38.1865113833375318
 21
27.2472964836652025
 31
0.0
  0
LINE
  5
1D2
100
AcDbEntity
  8
Window Trim
 62
256
370
100
 48
1.0
  6
BYLAYER
100
AcDbLine
 10
-15.2738999713432317
 20
27.2840541713839784
 30
0.0
 11
-15.2738999713432317
 21
27.2472964836652167
 31
0.0
  0
LINE
  5
1D3
100
AcDbEntity
  8
Window Trim
 62
256
370
100
 48
1.0
  6
BYLAYER
100
AcDbLine
 10
38.1865113833375318
 20
27.2472964836652025
 30
0.0
 11
38.1865113833375318
 21
27.2105387959464409
 31
0.0
  0
LINE
  5
1D4
100
AcDbEntity
  8
Window Trim
 62
256
370
100
 48
1.0
  6
BYLAYER
100
AcDbLine
 10
-15.2738999713432317
 20
27.2472964836652167
 30
0.0
 11
-15.2738999713432388
 21
27.2105387959464409
 31
0.0
  0
LINE
  5
1D5
100
AcDbEntity
  8
Window Trim
 62
256
370
100
 48
1.0
  6
BYLAYER
100
AcDbLine
 10
38.1865113833375318
 20
27.2105387959464409
 30
0.0
 11
38.1865113833375318
 21
27.1737811082276792
 31
0.0
  0
LINE
  5
1D6
100
AcDbEntity
  8
Window Trim
 62
256
370
100
 48
1.0
  6
BYLAYER
100
AcDbLine
 10
-15.2738999713432388
 20
27.2105387959464409
 30
0.0
 11
-15.2738999713432495
 21
27.1737811082276721
 31
0.0
  0
LINE
  5
1D7
100
AcDbEntity
  8
Window Trim
 62
256
370
100
 48
1.0
  6
BYLAYER
100
AcDbLine
 10
38.1865113833375318
 20
27.1737811082276792
 30
0.0
 11
38.1865113833375318
 21
27.1370234205089176
 31
0.0
  0
LINE
  5
1D8
100
AcDbEntity
  8
Window Trim
 62
256
370
100
 48
1.0
  6
BYLAYER
100
AcDbLine
 10
-15.2738999713432495
 20
27.1737811082276721
 30
0.0
 11
-15.2738999713432317
 21
27.1370234205089247
 31
0.0
  0
LINE
  5
1D9
100
AcDbEntity
  8
Window Trim
 62
256
370
100
 48
1.0
  6
BYLAYER
100
AcDbLine
 10
38.1865113833375318
 20
27.1370234205089176
 30
0.0
 11
38.1865113833375318
 21
27.1002657327901559
 31
0.0
  0
LINE
  5
1DA
100
AcDbEntity
  8
Window Trim
 62
256
370
100
 48
1.0
  6
BYLAYER
100
AcDbLine
 10
-15.2738999713432317
 20
27.1370234205089247
 30
0.0
 11
-15.2738999713432388
 21
27.1002657327901559
 31
0.0
  0
LINE
  5
1DB
100
AcDbEntity
  8
Window Trim
 62
256
370
100
 48
1.0
  6
BYLAYER
100
AcDbLine
 10
38.1865113833375318
 20
27.1002657327901559
 30
0.0
 11
38.1865113833375318
 21
27.0635080450713943
 31
0.0
  0
LINE
  5
1DC
100
AcDbEntity
  8
Window Trim
 62
256
370
100
 48
1.0
  6
BYLAYER
100
AcDbLine
 10
-15.2738999713432388
 20
27.1002657327901559
 30
0.0
 11
-15.2738999713432424
 21
27.0635080450714014
 31
0.0
  0
LINE
  5
1DD
100
AcDbEntity
  8
Window Trim
 62
256
370
100
 48
1.0
  6
BYLAYER
100
AcDbLine
 10
38.1865113833375318
 20
27.0635080450713943
 30
0.0
 11
38.1865113833375318
 21
27.0267503573526326
 31
0.0
  0
LINE
  5
1DE
100
AcDbEntity
  8
Window Trim
 62
256
370
100
 48
1.0
  6
BYLAYER
100
AcDbLine
 10
-15.2738999713432424
 20
27.0635080450714014
 30
0.0
 11
-15.2738999713432388
 21
27.0267503573526326
 31
0.0
  0
LINE
  5
1DF
100
AcDbEntity
  8
Window Trim
 62
256
370
100
 48
1.0
  6
BYLAYER
100
AcDbLine
 10
38.1865113833375318
 20
27.0267503573526326
 30
0.0
 11
38.1865113833375318
 21
26.989992669633871
 31
0.0
  0
LINE
  5
1E0
100
AcDbEntity
  8
Window Trim
 62
256
370
100
 48
1.0
  6
BYLAYER
100
AcDbLine
 10
-15.2738999713432388
 20
27.0267503573526326
 30
0.0
 11
-15.2738999713432495
 21
26.989992669633871
 31
0.0
  0
LINE
  5
1E1
100
AcDbEntity
  8
Window Trim
 62
256
370
100
 48
1.0
  6
BYLAYER
100
AcDbLine
 10
38.1865113833375318
 20
26.989992669633871
 30
0.0
 11
38.2232690710562935
 21
26.989992669633871
 31
0.0
  0
LINE
  5
1E2
100
AcDbEntity
  8
Window Trim
 62
256
370
100
 48
1.0
  6
BYLAYER
100
AcDbLine
 10
-15.2738999713432495
 20
26.989992669633871
 30
0.0
 11
-15.3106576590620111
 21
26.989992669633871
 31
0.0
  0
LINE
  5
1E3
100
AcDbEntity
  8
Window Trim
 62
256
370
100
 48
1.0
  6
BYLAYER
100
AcDbLine
 10
38.2232690710562935
 20
26.989992669633871
 30
0.0
 11
38.2232690710562935
 21
26.9532349819151094
 31
0.0
  0
LINE
  5
1E4
100
AcDbEntity
  8
Window Trim
 62
256
370
100
 48
1.0
  6
BYLAYER
100
AcDbLine
 10
-15.3106576590620111
 20
26.989992669633871
 30
0.0
 11
-15.3106576590619898
 21
26.9532349819151165
 31
0.0
  0
LINE
  5
1E5
100
AcDbEntity
  8
Window Trim
 62
256
370
100
 48
1.0
  6
BYLAYER
100
AcDbLine
 10
38.2232690710562935
 20
26.9532349819151094
 30
0.0
 11
38.2232690710562935
 21
26.8797196064775861
 31
0.0
  0
LINE
  5
1E6
100
AcDbEntity
  8
Window Trim
 62
256
370
100
 48
1.0
  6
BYLAYER
100
AcDbLine
 10
-15.3106576590619898
 20
26.9532349819151165
 30
0.0
 11
-15.3106576590619898
 21
26.8797196064775932
 31
0.0
  0
LINE
  5
1E7
100
AcDbEntity
  8
Window Trim
 62
256
370
100
 48
1.0
  6
BYLAYER
100
AcDbLine
 10
38.2232690710562935
 20
26.8797196064775861
 30
0.0
 11
38.2232690710562935
 21
26.8429619187588244
 31
0.0
  0
LINE
  5
1E8
100
AcDbEntity
  8
Window Trim
 62
256
370
100
 48
1.0
  6
BYLAYER
100
AcDbLine
 10
-15.3106576590619898
 20
26.8797196064775932
 30
0.0
 11
-15.3106576590619969
 21
26.8429619187588244
 31
0.0
  0
LINE
  5
1E9
100
AcDbEntity
  8
Window Trim
 62
256
370
100
 48
1.0
  6
BYLAYER
100
AcDbLine
 10
38.2232690710562935
 20
26.8429619187588244
 30
0.0
 11
38.2232690710562935
 21
26.8062042310400628
 31
0.0
  0
LINE
  5
1EA
100
AcDbEntity
  8
Window Trim
 62
256
370
100
 48
1.0
  6
BYLAYER
100
AcDbLine
 10
-15.3106576590619969
 20
26.8429619187588244
 30
0.0
 11
-15.3106576590620005
 21
26.8062042310400628
 31
0.0
  0
LINE
  5
1EB
100
AcDbEntity
  8
Window Trim
 62
256
370
100
 48
1.0
  6
BYLAYER
100
AcDbLine
 10
38.2232690710562935
 20
26.8062042310400628
 30
0.0
 11
38.2232690710562935
 21
26.7694465433212976
 31
0.0
  0
LINE
  5
1EC
100
AcDbEntity
  8
Window Trim
 62
256
370
100
 48
1.0
  6
BYLAYER
100
AcDbLine
 10
-15.3106576590620005
 20
26.8062042310400628
 30
0.0
 11
-15.3106576590620005
 21
26.769446543321294
 31
0.0
  0
LINE
  5
1ED
100
AcDbEntity
  8
Window Trim
 62
256
370
100
 48
1.0
  6
BYLAYER
100
AcDbLine
 10
38.2232690710562935
 20
26.7694465433212976
 30
0.0
 11
38.2600267587750551
 21
26.5856581047274894
 31
0.0
  0
LINE
  5
1EE
100
AcDbEntity
  8
Window Trim
 62
256
370
100
 48
1.0
  6
BYLAYER
100
AcDbLine
 10
-15.3106576590620005
 20
26.769446543321294
 30
0.0
 11
-15.3474153467807621
 21
26.5856581047274858
 31
0.0
  0
LINE
  5
1EF
100
AcDbEntity
  8
Window Trim
 62
256
370
100
 48
1.0
  6
BYLAYER
100
AcDbLine
 10
38.2600267587750551
 20
26.5856581047274894
 30
0.0
 11
38.2600267587750551
 21
26.5489004170087277
 31
0.0
  0
LINE
  5
1F0
100
AcDbEntity
  8
Window Trim
 62
256
370
100
 48
1.0
  6
BYLAYER
100
AcDbLine
 10
-15.3474153467807621
 20
26.5856581047274858
 30
0.0
 11
-15.347415346780755
 21
26.5489004170087242
 31
0.0
  0
LINE
  5
1F1
100
AcDbEntity
  8
Window Trim
 62
256
370
100
 48
1.0
  6
BYLAYER
100
AcDbLine
 10
38.2600267587750551
 20
26.5489004170087277
 30
0.0
 11
38.2600267587750551
 21
26.3651119784149159
 31
0.0
  0
LINE
  5
1F2
100
AcDbEntity
  8
Window Trim
 62
256
370
100
 48
1.0
  6
BYLAYER
100
AcDbLine
 10
-15.347415346780755
 20
26.5489004170087242
 30
0.0
 11
-15.3474153467807515
 21
26.3651119784149159
 31
0.0
  0
LINE
  5
1F3
100
AcDbEntity
  8
Window Trim
 62
256
370
100
 48
1.0
  6
BYLAYER
100
AcDbLine
 10
38.2600267587750551
 20
26.3651119784149159
 30
0.0
 11
38.2600267587750551
 21
26.2915966029773926
 31
0.0
  0
LINE
  5
1F4
100
AcDbEntity
  8
Window Trim
 62
256
370
100
 48
1.0
  6
BYLAYER
100
AcDbLine
 10
-15.3474153467807515
 20
26.3651119784149159
 30
0.0
 11
-15.347415346780755
 21
26.2915966029773998
 31
0.0
  0
LINE
  5
1F5
100
AcDbEntity
  8
Window Trim
 62
256
370
100
 48
1.0
  6
BYLAYER
100
AcDbLine
 10
38.2600267587750551
 20
26.2915966029773926
 30
0.0
 11
38.2600267587750551
 21
26.1813235398211077
 31
0.0
  0
LINE
  5
1F6
100
AcDbEntity
  8
Window Trim
 62
256
370
100
 48
1.0
  6
BYLAYER
100
AcDbLine
 10
-15.347415346780755
 20
26.2915966029773998
 30
0.0
 11
-15.3474153467807657
 21
26.1813235398211077
 31
0.0
  0
LINE
  5
1F7
100
AcDbEntity
  8
Window Trim
 62
256
370
100
 48
1.0
  6
BYLAYER
100
AcDbLine
 10
38.2600267587750551
 20
26.1813235398211077
 30
0.0
 11
38.2600267587750551
 21
26.1078081643835844
 31
0.0
  0
LINE
  5
1F8
100
AcDbEntity
  8
Window Trim
 62
256
370
100
 48
1.0
  6
BYLAYER
100
AcDbLine
 10
-15.3474153467807657
 20
26.1813235398211077
 30
0.0
 11
-15.3474153467807728
 21
26.1078081643835773
 31
0.0
  0
LINE
  5
1F9
100
AcDbEntity
  8
Window Trim
 62
256
370
100
 48
1.0
  6
BYLAYER
100
AcDbLine
 10
38.2600267587750551
 20
26.1078081643835844
 30
0.0
 11
38.2967844464938167
 21
25.9975351012272995
 31
0.0
  0
LINE
  5
1FA
100
AcDbEntity
  8
Window Trim
 62
256
370
100
 48
1.0
  6
BYLAYER
100
AcDbLine
 10
-15.3474153467807728
 20
26.1078081643835773
 30
0.0
 11
-15.3841730344995344
 21
25.9975351012272995
 31
0.0
  0
LINE
  5
1FB
100
AcDbEntity
  8
Window Trim
 62
256
370
100
 48
1.0
  6
BYLAYER
100
AcDbLine
 10
38.2967844464938167
 20
25.9975351012272995
 30
0.0
 11
38.2967844464938167
 21
25.9240197257897762
 31
0.0
  0
LINE
  5
1FC
100
AcDbEntity
  8
Window Trim
 62
256
370
100
 48
1.0
  6
BYLAYER
100
AcDbLine
 10
-15.3841730344995344
 20
25.9975351012272995
 30
0.0
 11
-15.3841730344995238
 21
25.9240197257897833
 31
0.0
  0
LINE
  5
1FD
100
AcDbEntity
  8
Window Trim
 62
256
370
100
 48
1.0
  6
BYLAYER
100
AcDbLine
 10
38.2967844464938167
 20
25.9240197257897762
 30
0.0
 11
38.2967844464938167
 21
25.8505043503522494
 31
0.0
  0
LINE
  5
1FE
100
AcDbEntity
  8
Window Trim
 62
256
370
100
 48
1.0
  6
BYLAYER
100
AcDbLine
 10
-15.3841730344995238
 20
25.9240197257897833
 30
0.0
 11
-15.3841730344995202
 21
25.85050435035226
 31
0.0
  0
LINE
  5
1FF
100
AcDbEntity
  8
Window Trim
 62
256
370
100
 48
1.0
  6
BYLAYER
100
AcDbLine
 10
38.2967844464938167
 20
25.8505043503522494
 30
0.0
 11
38.3335421342125784
 21
25.7769889749147261
 31
0.0
  0
LINE
  5
200
100
AcDbEntity
  8
Window Trim
 62
256
370
100
 48
1.0
  6
BYLAYER
100
AcDbLine
 10
-15.3841730344995202
 20
25.85050435035226
 30
0.0
 11
-15.4209307222182783
 21
25.7769889749147367
 31
0.0
  0
LINE
  5
201
100
AcDbEntity
  8
Window Trim
 62
256
370
100
 48
1.0
  6
BYLAYER
100
AcDbLine
 10
38.3335421342125784
 20
25.7769889749147261
 30
0.0
 11
38.3335421342125784
 21
25.7402312871959644
 31
0.0
  0
LINE
  5
202
100
AcDbEntity
  8
Window Trim
 62
256
370
100
 48
1.0
  6
BYLAYER
100
AcDbLine
 10
-15.4209307222182783
 20
25.7769889749147367
 30
0.0
 11
-15.4209307222182748
 21
25.7402312871959751
 31
0.0
  0
LINE
  5
203
100
AcDbEntity
  8
Window Trim
 62
256
370
100
 48
1.0
  6
BYLAYER
100
AcDbLine
 10
38.3335421342125784
 20
25.7402312871959644
 30
0.0
 11
38.3335421342125784
 21
25.6667159117584411
 31
0.0
  0
LINE
  5
204
100
AcDbEntity
  8
Window Trim
 62
256
370
100
 48
1.0
  6
BYLAYER
100
AcDbLine
 10
-15.4209307222182748
 20
25.7402312871959751
 30
0.0
 11
-15.4209307222182854
 21
25.6667159117584447
 31
0.0
  0
LINE
  5
205
100
AcDbEntity
  8
Window Trim
 62
256
370
100
 48
1.0
  6
BYLAYER
100
AcDbLine
 10
38.3335421342125784
 20
25.6667159117584411
 30
0.0
 11
38.3335421342125784
 21
25.6299582240396795
 31
0.0
  0
LINE
  5
206
100
AcDbEntity
  8
Window Trim
 62
256
370
100
 48
1.0
  6
BYLAYER
100
AcDbLine
 10
-15.4209307222182854
 20
25.6667159117584447
 30
0.0
 11
-15.4209307222182925
 21
25.6299582240396759
 31
0.0
  0
LINE
  5
207
100
AcDbEntity
  8
Window Trim
 62
256
370
100
 48
1.0
  6
BYLAYER
100
AcDbLine
 10
38.3335421342125784
 20
25.6299582240396795
 30
0.0
 11
38.37029982193134
 21
25.519685160883391
 31
0.0
  0
LINE
  5
208
100
AcDbEntity
  8
Window Trim
 62
256
370
100
 48
1.0
  6
BYLAYER
100
AcDbLine
 10
-15.4209307222182925
 20
25.6299582240396759
 30
0.0
 11
-15.45768840993704
 21
25.5196851608834052
 31
0.0
  0
LINE
  5
209
100
AcDbEntity
  8
Window Trim
 62
256
370
100
 48
1.0
  6
BYLAYER
100
AcDbLine
 10
38.37029982193134
 20
25.519685160883391
 30
0.0
 11
38.37029982193134
 21
25.4829274731646294
 31
0.0
  0
LINE
  5
20A
100
AcDbEntity
  8
Window Trim
 62
256
370
100
 48
1.0
  6
BYLAYER
100
AcDbLine
 10
-15.45768840993704
 20
25.5196851608834052
 30
0.0
 11
-15.4576884099370364
 21
25.4829274731646365
 31
0.0
  0
LINE
  5
20B
100
AcDbEntity
  8
Window Trim
 62
256
370
100
 48
1.0
  6
BYLAYER
100
AcDbLine
 10
38.37029982193134
 20
25.4829274731646294
 30
0.0
 11
38.37029982193134
 21
25.2623813468520595
 31
0.0
  0
LINE
  5
20C
100
AcDbEntity
  8
Window Trim
 62
256
370
100
 48
1.0
  6
BYLAYER
100
AcDbLine
 10
-15.4576884099370364
 20
25.4829274731646365
 30
0.0
 11
-15.4576884099370471
 21
25.2623813468520666
 31
0.0
  0
LINE
  5
20D
100
AcDbEntity
  8
Window Trim
 62
256
370
100
 48
1.0
  6
BYLAYER
100
AcDbLine
 10
38.37029982193134
 20
25.2623813468520595
 30
0.0
 11
38.37029982193134
 21
25.1521082836957746
 31
0.0
  0
LINE
  5
20E
100
AcDbEntity
  8
Window Trim
 62
256
370
100
 48
1.0
  6
BYLAYER
100
AcDbLine
 10
-15.4576884099370471
 20
25.2623813468520666
 30
0.0
 11
-15.4576884099370471
 21
25.1521082836957675
 31
0.0
  0
LINE
  5
20F
100
AcDbEntity
  8
Window Trim
 62
256
370
100
 48
1.0
  6
BYLAYER
100
AcDbLine
 10
38.37029982193134
 20
25.1521082836957746
 30
0.0
 11
38.37029982193134
 21
24.9683198451019628
 31
0.0
  0
LINE
  5
210
100
AcDbEntity
  8
Window Trim
 62
256
370
100
 48
1.0
  6
BYLAYER
100
AcDbLine
 10
-15.4576884099370471
 20
25.1521082836957675
 30
0.0
 11
-15.4576884099370542
 21
24.9683198451019592
 31
0.0
  0
LINE
  5
211
100
AcDbEntity
  8
Window Trim
 62
256
370
100
 48
1.0
  6
BYLAYER
100
AcDbLine
 10
38.37029982193134
 20
24.9683198451019628
 30
0.0
 11
38.37029982193134
 21
24.8948044696644395
 31
0.0
  0
LINE
  5
212
100
AcDbEntity
  8
Window Trim
 62
256
370
100
 48
1.0
  6
BYLAYER
100
AcDbLine
 10
-15.4576884099370542
 20
24.9683198451019592
 30
0.0
 11
-15.45768840993704
 21
24.894804469664443
 31
0.0
  0
LINE
  5
213
100
AcDbEntity
  8
Window Trim
 62
256
370
100
 48
1.0
  6
BYLAYER
100
AcDbLine
 10
38.37029982193134
 20
24.8948044696644395
 30
0.0
 11
38.4070575096501017
 21
24.5272275924768195
 31
0.0
  0
LINE
  5
214
100
AcDbEntity
  8
Window Trim
 62
256
370
100
 48
1.0
  6
BYLAYER
100
AcDbLine
 10
-15.45768840993704
 20
24.894804469664443
 30
0.0
 11
-15.4944460976558087
 21
24.5272275924768266
 31
0.0
  0
LINE
  5
215
100
AcDbEntity
  8
Window Trim
 62
256
370
100
 48
1.0
  6
BYLAYER
100
AcDbLine
 10
38.4070575096501017
 20
24.5272275924768195
 30
0.0
 11
38.4070575096501017
 21
24.4169545293205346
 31
0.0
  0
LINE
  5
216
100
AcDbEntity
  8
Window Trim
 62
256
370
100
 48
1.0
  6
BYLAYER
100
AcDbLine
 10
-15.4944460976558087
 20
24.5272275924768266
 30
0.0
 11
-15.4944460976557981
 21
24.4169545293205417
 31
0.0
  0
LINE
  5
217
100
AcDbEntity
  8
Window Trim
 62
256
370
100
 48
1.0
  6
BYLAYER
100
AcDbLine
 10
38.4070575096501017
 20
24.4169545293205346
 30
0.0
 11
38.4070575096501017
 21
24.3066814661642496
 31
0.0
  0
LINE
  5
218
100
AcDbEntity
  8
Window Trim
 62
256
370
100
 48
1.0
  6
BYLAYER
100
AcDbLine
 10
-15.4944460976557981
 20
24.4169545293205417
 30
0.0
 11
-15.4944460976558123
 21
24.3066814661642425
 31
0.0
  0
LINE
  5
219
100
AcDbEntity
  8
Window Trim
 62
256
370
100
 48
1.0
  6
BYLAYER
100
AcDbLine
 10
38.4070575096501017
 20
24.3066814661642496
 30
0.0
 11
38.4070575096501017
 21
24.2331660907267263
 31
0.0
  0
LINE
  5
21A
100
AcDbEntity
  8
Window Trim
 62
256
370
100
 48
1.0
  6
BYLAYER
100
AcDbLine
 10
-15.4944460976558123
 20
24.3066814661642425
 30
0.0
 11
-15.4944460976558052
 21
24.2331660907267263
 31
0.0
  0
LINE
  5
21B
100
AcDbEntity
  8
Window Trim
 62
256
370
100
 48
1.0
  6
BYLAYER
100
AcDbLine
 10
38.4070575096501017
 20
24.2331660907267263
 30
0.0
 11
38.4070575096501017
 21
23.9758622766953913
 31
0.0
  0
LINE
  5
21C
100
AcDbEntity
  8
Window Trim
 62
256
370
100
 48
1.0
  6
BYLAYER
100
AcDbLine
 10
-15.4944460976558052
 20
24.2331660907267263
 30
0.0
 11
-15.4944460976558087
 21
23.9758622766953948
 31
0.0
  0
LINE
  5
21D
100
AcDbEntity
  8
Window Trim
 62
256
370
100
 48
1.0
  6
BYLAYER
100
AcDbLine
 10
38.4070575096501017
 20
23.9758622766953913
 30
0.0
 11
38.4070575096501017
 21
23.8288315258203447
 31
0.0
  0
LINE
  5
21E
100
AcDbEntity
  8
Window Trim
 62
256
370
100
 48
1.0
  6
BYLAYER
100
AcDbLine
 10
-15.4944460976558087
 20
23.9758622766953948
 30
0.0
 11
-15.4944460976558087
 21
23.8288315258203482
 31
0.0
  0
LINE
  5
21F
100
AcDbEntity
  8
Window Trim
 62
256
370
100
 48
1.0
  6
BYLAYER
100
AcDbLine
 10
38.4070575096501017
 20
23.8288315258203447
 30
0.0
 11
38.4070575096501017
 21
23.4612546486327247
 31
0.0
  0
LINE
  5
220
100
AcDbEntity
  8
Window Trim
 62
256
370
100
 48
1.0
  6
BYLAYER
100
AcDbLine
 10
-15.4944460976558087
 20
23.8288315258203482
 30
0.0
 11
-15.4944460976557981
 21
23.4612546486327318
 31
0.0
  0
LINE
  5
221
100
AcDbEntity
  8
Window Trim
 62
256
370
100
 48
1.0
  6
BYLAYER
100
AcDbLine
 10
38.4070575096501017
 20
23.4612546486327247
 30
0.0
 11
38.4070575096501017
 21
23.4244969609139631
 31
0.0
  0
LINE
  5
222
100
AcDbEntity
  8
Window Trim
 62
256
370
100
 48
1.0
  6
BYLAYER
100
AcDbLine
 10
-15.4944460976557981
 20
23.4612546486327318
 30
0.0
 11
-15.4944460976558016
 21
23.4244969609139702
 31
0.0
  0
LINE
  5
223
100
AcDbEntity
  8
Window Trim
 62
256
370
100
 48
1.0
  6
BYLAYER
100
AcDbLine
 10
38.4070575096501017
 20
23.4244969609139631
 30
0.0
 11
38.4070575096501017
 21
23.3509815854764398
 31
0.0
  0
LINE
  5
224
100
AcDbEntity
  8
Window Trim
 62
256
370
100
 48
1.0
  6
BYLAYER
100
AcDbLine
 10
-15.4944460976558016
 20
23.4244969609139702
 30
0.0
 11
-15.4944460976558123
 21
23.3509815854764398
 31
0.0
  0
LINE
  5
225
100
AcDbEntity
  8
Window Trim
 62
256
370
100
 48
1.0
  6
BYLAYER
100
AcDbLine
 10
38.4070575096501017
 20
23.3509815854764398
 30
0.0
 11
38.4070575096501017
 21
23.2407085223201548
 31
0.0
  0
LINE
  5
226
100
AcDbEntity
  8
Window Trim
 62
256
370
100
 48
1.0
  6
BYLAYER
100
AcDbLine
 10
-15.4944460976558123
 20
23.3509815854764398
 30
0.0
 11
-15.4944460976558194
 21
23.2407085223201548
 31
0.0
  0
LINE
  5
227
100
AcDbEntity
  8
Window Trim
 62
256
370
100
 48
1.0
  6
BYLAYER
100
AcDbLine
 10
38.4070575096501017
 20
23.2407085223201548
 30
0.0
 11
38.37029982193134
 21
23.0201623960075814
 31
0.0
  0
LINE
  5
228
100
AcDbEntity
  8
Window Trim
 62
256
370
100
 48
1.0
  6
BYLAYER
100
AcDbLine
 10
-15.4944460976558194
 20
23.2407085223201548
 30
0.0
 11
-15.45768840993704
 21
23.020162396007585
 31
0.0
  0
LINE
  5
229
100
AcDbEntity
  8
Window Trim
 62
256
370
100
 48
1.0
  6
BYLAYER
100
AcDbLine
 10
38.37029982193134
 20
23.0201623960075814
 30
0.0
 11
38.3335421342125784
 21
22.799616269695008
 31
0.0
  0
LINE
  5
22A
100
AcDbEntity
  8
Window Trim
 62
256
370
100
 48
1.0
  6
BYLAYER
100
AcDbLine
 10
-15.45768840993704
 20
23.020162396007585
 30
0.0
 11
-15.4209307222182819
 21
22.7996162696950151
 31
0.0
  0
LINE
  5
22B
100
AcDbEntity
  8
Window Trim
 62
256
370
100
 48
1.0
  6
BYLAYER
100
AcDbLine
 10
38.3335421342125784
 20
22.799616269695008
 30
0.0
 11
38.3335421342125784
 21
22.5423124556636765
 31
0.0
  0
LINE
  5
22C
100
AcDbEntity
  8
Window Trim
 62
256
370
100
 48
1.0
  6
BYLAYER
100
AcDbLine
 10
-15.4209307222182819
 20
22.7996162696950151
 30
0.0
 11
-15.4209307222182925
 21
22.5423124556636765
 31
0.0
  0
LINE
  5
22D
100
AcDbEntity
  8
Window Trim
 62
256
370
100
 48
1.0
  6
BYLAYER
100
AcDbLine
 10
38.3335421342125784
 20
22.5423124556636765
 30
0.0
 11
38.3335421342125784
 21
22.4320393925073915
 31
0.0
  0
LINE
  5
22E
100
AcDbEntity
  8
Window Trim
 62
256
370
100
 48
1.0
  6
BYLAYER
100
AcDbLine
 10
-15.4209307222182925
 20
22.5423124556636765
 30
0.0
 11
-15.4209307222182748
 21
22.4320393925073915
 31
0.0
  0
LINE
  5
22F
100
AcDbEntity
  8
Window Trim
 62
256
370
100
 48
1.0
  6
BYLAYER
100
AcDbLine
 10
38.3335421342125784
 20
22.4320393925073915
 30
0.0
 11
38.3335421342125784
 21
22.3585240170698683
 31
0.0
  0
LINE
  5
230
100
AcDbEntity
  8
Window Trim
 62
256
370
100
 48
1.0
  6
BYLAYER
100
AcDbLine
 10
-15.4209307222182748
 20
22.4320393925073915
 30
0.0
 11
-15.4209307222182819
 21
22.3585240170698754
 31
0.0
  0
LINE
  5
231
100
AcDbEntity
  8
Window Trim
 62
256
370
100
 48
1.0
  6
BYLAYER
100
AcDbLine
 10
38.3335421342125784
 20
22.3585240170698683
 30
0.0
 11
38.3335421342125784
 21
22.285008641632345
 31
0.0
  0
LINE
  5
232
100
AcDbEntity
  8
Window Trim
 62
256
370
100
 48
1.0
  6
BYLAYER
100
AcDbLine
 10
-15.4209307222182819
 20
22.3585240170698754
 30
0.0
 11
-15.4209307222182819
 21
22.285008641632345
 31
0.0
  0
LINE
  5
233
100
AcDbEntity
  8
Window Trim
 62
256
370
100
 48
1.0
  6
BYLAYER
100
AcDbLine
 10
38.3335421342125784
 20
22.285008641632345
 30
0.0
 11
38.3335421342125784
 21
22.1012202030385332
 31
0.0
  0
LINE
  5
234
100
AcDbEntity
  8
Window Trim
 62
256
370
100
 48
1.0
  6
BYLAYER
100
AcDbLine
 10
-15.4209307222182819
 20
22.285008641632345
 30
0.0
 11
-15.4209307222182783
 21
22.1012202030385438
 31
0.0
  0
LINE
  5
235
100
AcDbEntity
  8
Window Trim
 62
256
370
100
 48
1.0
  6
BYLAYER
100
AcDbLine
 10
38.3335421342125784
 20
22.1012202030385332
 30
0.0
 11
38.3335421342125784
 21
22.0277048276010063
 31
0.0
  0
LINE
  5
236
100
AcDbEntity
  8
Window Trim
 62
256
370
100
 48
1.0
  6
BYLAYER
100
AcDbLine
 10
-15.4209307222182783
 20
22.1012202030385438
 30
0.0
 11
-15.4209307222182819
 21
22.0277048276010063
 31
0.0
  0
LINE
  5
237
100
AcDbEntity
  8
Window Trim
 62
256
370
100
 48
1.0
  6
BYLAYER
100
AcDbLine
 10
38.3335421342125784
 20
22.0277048276010063
 30
0.0
 11
38.3335421342125784
 21
21.8071587012884365
 31
0.0
  0
LINE
  5
238
100
AcDbEntity
  8
Window Trim
 62
256
370
100
 48
1.0
  6
BYLAYER
100
AcDbLine
 10
-15.4209307222182819
 20
22.0277048276010063
 30
0.0
 11
-15.420930722218289
 21
21.8071587012884365
 31
0.0
  0
LINE
  5
239
100
AcDbEntity
  8
Window Trim
 62
256
370
100
 48
1.0
  6
BYLAYER
100
AcDbLine
 10
38.3335421342125784
 20
21.8071587012884365
 30
0.0
 11
38.3335421342125784
 21
21.7704010135696748
 31
0.0
  0
LINE
  5
23A
100
AcDbEntity
  8
Window Trim
 62
256
370
100
 48
1.0
  6
BYLAYER
100
AcDbLine
 10
-15.420930722218289
 20
21.8071587012884365
 30
0.0
 11
-15.4209307222182925
 21
21.7704010135696748
 31
0.0
  0
LINE
  5
23B
100
AcDbEntity
  8
Window Trim
 62
256
370
100
 48
1.0
  6
BYLAYER
100
AcDbLine
 10
38.3335421342125784
 20
21.7704010135696748
 30
0.0
 11
38.3335421342125784
 21
21.6233702626946283
 31
0.0
  0
LINE
  5
23C
100
AcDbEntity
  8
Window Trim
 62
256
370
100
 48
1.0
  6
BYLAYER
100
AcDbLine
 10
-15.4209307222182925
 20
21.7704010135696748
 30
0.0
 11
-15.4209307222182819
 21
21.6233702626946354
 31
0.0
  0
LINE
  5
23D
100
AcDbEntity
  8
Window Trim
 62
256
370
100
 48
1.0
  6
BYLAYER
100
AcDbLine
 10
38.3335421342125784
 20
21.6233702626946283
 30
0.0
 11
38.3335421342125784
 21
21.5130971995383433
 31
0.0
  0
LINE
  5
23E
100
AcDbEntity
  8
Window Trim
 62
256
370
100
 48
1.0
  6
BYLAYER
100
AcDbLine
 10
-15.4209307222182819
 20
21.6233702626946354
 30
0.0
 11
-15.4209307222182925
 21
21.5130971995383362
 31
0.0
  0
LINE
  5
23F
100
AcDbEntity
  8
Window Trim
 62
256
370
100
 48
1.0
  6
BYLAYER
100
AcDbLine
 10
38.3335421342125784
 20
21.5130971995383433
 30
0.0
 11
38.3335421342125784
 21
21.1455203223507233
 31
0.0
  0
LINE
  5
240
100
AcDbEntity
  8
Window Trim
 62
256
370
100
 48
1.0
  6
BYLAYER
100
AcDbLine
 10
-15.4209307222182925
 20
21.5130971995383362
 30
0.0
 11
-15.4209307222182819
 21
21.1455203223507269
 31
0.0
  0
LINE
  5
241
100
AcDbEntity
  8
Window Trim
 62
256
370
100
 48
1.0
  6
BYLAYER
100
AcDbLine
 10
38.3335421342125784
 20
21.1455203223507233
 30
0.0
 11
38.3335421342125784
 21
21.1087626346319581
 31
0.0
  0
LINE
  5
242
100
AcDbEntity
  8
Window Trim
 62
256
370
100
 48
1.0
  6
BYLAYER
100
AcDbLine
 10
-15.4209307222182819
 20
21.1455203223507269
 30
0.0
 11
-15.420930722218289
 21
21.1087626346319581
 31
0.0
  0
LINE
  5
243
100
AcDbEntity
  8
Window Trim
 62
256
370
100
 48
1.0
  6
BYLAYER
100
AcDbLine
 10
38.3335421342125784
 20
21.1087626346319581
 30
0.0
 11
38.37029982193134
 21
20.814701132881865
 31
0.0
  0
LINE
  5
244
100
AcDbEntity
  8
Window Trim
 62
256
370
100
 48
1.0
  6
BYLAYER
100
AcDbLine
 10
-15.420930722218289
 20
21.1087626346319581
 30
0.0
 11
-15.4576884099370471
 21
20.8147011328818579
 31
0.0
  0
LINE
  5
245
100
AcDbEntity
  8
Window Trim
 62
256
370
100
 48
1.0
  6
BYLAYER
100
AcDbLine
 10
38.37029982193134
 20
20.814701132881865
 30
0.0
 11
38.37029982193134
 21
20.7411857574443417
 31
0.0
  0
LINE
  5
246
100
AcDbEntity
  8
Window Trim
 62
256
370
100
 48
1.0
  6
BYLAYER
100
AcDbLine
 10
-15.4576884099370471
 20
20.8147011328818579
 30
0.0
 11
-15.4576884099370471
 21
20.7411857574443417
 31
0.0
  0
LINE
  5
247
100
AcDbEntity
  8
Window Trim
 62
256
370
100
 48
1.0
  6
BYLAYER
100
AcDbLine
 10
38.37029982193134
 20
20.7411857574443417
 30
0.0
 11
38.37029982193134
 21
20.447124255694245
 31
0.0
  0
LINE
  5
248
100
AcDbEntity
  8
Window Trim
 62
256
370
100
 48
1.0
  6
BYLAYER
100
AcDbLine
 10
-15.4576884099370471
 20
20.7411857574443417
 30
0.0
 11
-15.4576884099370542
 21
20.4471242556942414
 31
0.0
  0
LINE
  5
249
100
AcDbEntity
  8
Window Trim
 62
256
370
100
 48
1.0
  6
BYLAYER
100
AcDbLine
 10
38.37029982193134
 20
20.447124255694245
 30
0.0
 11
38.37029982193134
 21
20.33685119253796
 31
0.0
  0
LINE
  5
24A
100
AcDbEntity
  8
Window Trim
 62
256
370
100
 48
1.0
  6
BYLAYER
100
AcDbLine
 10
-15.4576884099370542
 20
20.4471242556942414
 30
0.0
 11
-15.4576884099370471
 21
20.3368511925379636
 31
0.0
  0
LINE
  5
24B
100
AcDbEntity
  8
Window Trim
 62
256
370
100
 48
1.0
  6
BYLAYER
100
AcDbLine
 10
38.37029982193134
 20
20.33685119253796
 30
0.0
 11
38.37029982193134
 21
20.1898204416629099
 31
0.0
  0
LINE
  5
24C
100
AcDbEntity
  8
Window Trim
 62
256
370
100
 48
1.0
  6
BYLAYER
100
AcDbLine
 10
-15.4576884099370471
 20
20.3368511925379636
 30
0.0
 11
-15.4576884099370542
 21
20.1898204416629028
 31
0.0
  0
LINE
  5
24D
100
AcDbEntity
  8
Window Trim
 62
256
370
100
 48
1.0
  6
BYLAYER
100
AcDbLine
 10
38.37029982193134
 20
20.1898204416629099
 30
0.0
 11
38.37029982193134
 21
20.079547378506625
 31
0.0
  0
LINE
  5
24E
100
AcDbEntity
  8
Window Trim
 62
256
370
100
 48
1.0
  6
BYLAYER
100
AcDbLine
 10
-15.4576884099370542
 20
20.1898204416629028
 30
0.0
 11
-15.4576884099370471
 21
20.0795473785066321
 31
0.0
  0
LINE
  5
24F
100
AcDbEntity
  8
Window Trim
 62
256
370
100
 48
1.0
  6
BYLAYER
100
AcDbLine
 10
38.37029982193134
 20
20.079547378506625
 30
0.0
 11
38.4438151973688633
 21
19.6752128136002469
 31
0.0
  0
LINE
  5
250
100
AcDbEntity
  8
Window Trim
 62
256
370
100
 48
1.0
  6
BYLAYER
100
AcDbLine
 10
-15.4576884099370471
 20
20.0795473785066321
 30
0.0
 11
-15.5312037853745668
 21
19.6752128136002469
 31
0.0
  0
LINE
  5
251
100
AcDbEntity
  8
Window Trim
 62
256
370
100
 48
1.0
  6
BYLAYER
100
AcDbLine
 10
38.4438151973688633
 20
19.6752128136002469
 30
0.0
 11
38.4438151973688633
 21
19.6384551258814852
 31
0.0
  0
LINE
  5
252
100
AcDbEntity
  8
Window Trim
 62
256
370
100
 48
1.0
  6
BYLAYER
100
AcDbLine
 10
-15.5312037853745668
 20
19.6752128136002469
 30
0.0
 11
-15.531203785374581
 21
19.6384551258814781
 31
0.0
  0
LINE
  5
253
100
AcDbEntity
  8
Window Trim
 62
256
370
100
 48
1.0
  6
BYLAYER
100
AcDbLine
 10
38.4438151973688633
 20
19.6384551258814852
 30
0.0
 11
38.4438151973688633
 21
19.4914243750064351
 31
0.0
  0
LINE
  5
254
100
AcDbEntity
  8
Window Trim
 62
256
370
100
 48
1.0
  6
BYLAYER
100
AcDbLine
 10
-15.531203785374581
 20
19.6384551258814781
 30
0.0
 11
-15.5312037853745633
 21
19.4914243750064387
 31
0.0
  0
LINE
  5
255
100
AcDbEntity
  8
Window Trim
 62
256
370
100
 48
1.0
  6
BYLAYER
100
AcDbLine
 10
38.4438151973688633
 20
19.4914243750064351
 30
0.0
 11
38.4438151973688633
 21
19.4179089995689118
 31
0.0
  0
LINE
  5
256
100
AcDbEntity
  8
Window Trim
 62
256
370
100
 48
1.0
  6
BYLAYER
100
AcDbLine
 10
-15.5312037853745633
 20
19.4914243750064387
 30
0.0
 11
-15.5312037853745597
 21
19.4179089995689154
 31
0.0
  0
LINE
  5
257
100
AcDbEntity
  8
Window Trim
 62
256
370
100
 48
1.0
  6
BYLAYER
100
AcDbLine
 10
38.4438151973688633
 20
19.4179089995689118
 30
0.0
 11
38.4438151973688633
 21
19.2341205609751
 31
0.0
  0
LINE
  5
258
100
AcDbEntity
  8
Window Trim
 62
256
370
100
 48
1.0
  6
BYLAYER
100
AcDbLine
 10
-15.5312037853745597
 20
19.4179089995689154
 30
0.0
 11
-15.5312037853745704
 21
19.2341205609751071
 31
0.0
  0
LINE
  5
259
100
AcDbEntity
  8
Window Trim
 62
256
370
100
 48
1.0
  6
BYLAYER
100
AcDbLine
 10
38.4438151973688633
 20
19.2341205609751
 30
0.0
 11
38.4438151973688633
 21
19.1238474978188151
 31
0.0
  0
LINE
  5
25A
100
AcDbEntity
  8
Window Trim
 62
256
370
100
 48
1.0
  6
BYLAYER
100
AcDbLine
 10
-15.5312037853745704
 20
19.2341205609751071
 30
0.0
 11
-15.5312037853745668
 21
19.1238474978188222
 31
0.0
  0
LINE
  5
25B
100
AcDbEntity
  8
Window Trim
 62
256
370
100
 48
1.0
  6
BYLAYER
100
AcDbLine
 10
38.4438151973688633
 20
19.1238474978188151
 30
0.0
 11
38.4438151973688633
 21
18.8297859960687219
 31
0.0
  0
LINE
  5
25C
100
AcDbEntity
  8
Window Trim
 62
256
370
100
 48
1.0
  6
BYLAYER
100
AcDbLine
 10
-15.5312037853745668
 20
19.1238474978188222
 30
0.0
 11
-15.5312037853745704
 21
18.829785996068729
 31
0.0
  0
LINE
  5
25D
100
AcDbEntity
  8
Window Trim
 62
256
370
100
 48
1.0
  6
BYLAYER
100
AcDbLine
 10
38.4438151973688633
 20
18.8297859960687219
 30
0.0
 11
38.4438151973688633
 21
18.719512932912437
 31
0.0
  0
LINE
  5
25E
100
AcDbEntity
  8
Window Trim
 62
256
370
100
 48
1.0
  6
BYLAYER
100
AcDbLine
 10
-15.5312037853745704
 20
18.829785996068729
 30
0.0
 11
-15.5312037853745775
 21
18.7195129329124299
 31
0.0
  0
LINE
  5
25F
100
AcDbEntity
  8
Window Trim
 62
256
370
100
 48
1.0
  6
BYLAYER
100
AcDbLine
 10
38.4438151973688633
 20
18.719512932912437
 30
0.0
 11
38.4438151973688633
 21
18.3886937434435751
 31
0.0
  0
LINE
  5
260
100
AcDbEntity
  8
Window Trim
 62
256
370
100
 48
1.0
  6
BYLAYER
100
AcDbLine
 10
-15.5312037853745775
 20
18.7195129329124299
 30
0.0
 11
-15.5312037853745668
 21
18.3886937434435822
 31
0.0
  0
LINE
  5
261
100
AcDbEntity
  8
Window Trim
 62
256
370
100
 48
1.0
  6
BYLAYER
100
AcDbLine
 10
38.4438151973688633
 20
18.3886937434435751
 30
0.0
 11
38.4438151973688633
 21
18.2416629925685285
 31
0.0
  0
LINE
  5
262
100
AcDbEntity
  8
Window Trim
 62
256
370
100
 48
1.0
  6
BYLAYER
100
AcDbLine
 10
-15.5312037853745668
 20
18.3886937434435822
 30
0.0
 11
-15.5312037853745668
 21
18.2416629925685356
 31
0.0
  0
LINE
  5
263
100
AcDbEntity
  8
Window Trim
 62
256
370
100
 48
1.0
  6
BYLAYER
100
AcDbLine
 10
38.4438151973688633
 20
18.2416629925685285
 30
0.0
 11
38.4438151973688633
 21
17.9476014908184354
 31
0.0
  0
LINE
  5
264
100
AcDbEntity
  8
Window Trim
 62
256
370
100
 48
1.0
  6
BYLAYER
100
AcDbLine
 10
-15.5312037853745668
 20
18.2416629925685356
 30
0.0
 11
-15.5312037853745668
 21
17.9476014908184354
 31
0.0
  0
LINE
  5
265
100
AcDbEntity
  8
Window Trim
 62
256
370
100
 48
1.0
  6
BYLAYER
100
AcDbLine
 10
38.4438151973688633
 20
17.9476014908184354
 30
0.0
 11
38.4070575096501017
 21
17.8373284276621504
 31
0.0
  0
LINE
  5
266
100
AcDbEntity
  8
Window Trim
 62
256
370
100
 48
1.0
  6
BYLAYER
100
AcDbLine
 10
-15.5312037853745668
 20
17.9476014908184354
 30
0.0
 11
-15.4944460976558052
 21
17.8373284276621504
 31
0.0
  0
LINE
  5
267
100
AcDbEntity
  8
Window Trim
 62
256
370
100
 48
1.0
  6
BYLAYER
100
AcDbLine
 10
38.4070575096501017
 20
17.8373284276621504
 30
0.0
 11
38.4070575096501017
 21
17.6902976767871003
 31
0.0
  0
LINE
  5
268
100
AcDbEntity
  8
Window Trim
 62
256
370
100
 48
1.0
  6
BYLAYER
100
AcDbLine
 10
-15.4944460976558052
 20
17.8373284276621504
 30
0.0
 11
-15.4944460976558052
 21
17.6902976767870967
 31
0.0
  0
LINE
  5
269
100
AcDbEntity
  8
Window Trim
 62
256
370
100
 48
1.0
  6
BYLAYER
100
AcDbLine
 10
38.4070575096501017
 20
17.6902976767871003
 30
0.0
 11
38.4070575096501017
 21
17.6535399890683387
 31
0.0
  0
LINE
  5
26A
100
AcDbEntity
  8
Window Trim
 62
256
370
100
 48
1.0
  6
BYLAYER
100
AcDbLine
 10
-15.4944460976558052
 20
17.6902976767870967
 30
0.0
 11
-15.4944460976558016
 21
17.6535399890683351
 31
0.0
  0
LINE
  5
26B
100
AcDbEntity
  8
Window Trim
 62
256
370
100
 48
1.0
  6
BYLAYER
100
AcDbLine
 10
38.4070575096501017
 20
17.6535399890683387
 30
0.0
 11
38.4070575096501017
 21
17.4697515504745269
 31
0.0
  0
LINE
  5
26C
100
AcDbEntity
  8
Window Trim
 62
256
370
100
 48
1.0
  6
BYLAYER
100
AcDbLine
 10
-15.4944460976558016
 20
17.6535399890683351
 30
0.0
 11
-15.4944460976558087
 21
17.4697515504745269
 31
0.0
  0
LINE
  5
26D
100
AcDbEntity
  8
Window Trim
 62
256
370
100
 48
1.0
  6
BYLAYER
100
AcDbLine
 10
38.4070575096501017
 20
17.4697515504745269
 30
0.0
 11
38.4070575096501017
 21
17.3227207995994803
 31
0.0
  0
LINE
  5
26E
100
AcDbEntity
  8
Window Trim
 62
256
370
100
 48
1.0
  6
BYLAYER
100
AcDbLine
 10
-15.4944460976558087
 20
17.4697515504745269
 30
0.0
 11
-15.4944460976558123
 21
17.3227207995994732
 31
0.0
  0
LINE
  5
26F
100
AcDbEntity
  8
Window Trim
 62
256
370
100
 48
1.0
  6
BYLAYER
100
AcDbLine
 10
38.4070575096501017
 20
17.3227207995994803
 30
0.0
 11
38.4070575096501017
 21
16.8448708592555754
 31
0.0
  0
LINE
  5
270
100
AcDbEntity
  8
Window Trim
 62
256
370
100
 48
1.0
  6
BYLAYER
100
AcDbLine
 10
-15.4944460976558123
 20
17.3227207995994732
 30
0.0
 11
-15.4944460976558123
 21
16.8448708592555718
 31
0.0
  0
LINE
  5
271
100
AcDbEntity
  8
Window Trim
 62
256
370
100
 48
1.0
  6
BYLAYER
100
AcDbLine
 10
38.4070575096501017
 20
16.8448708592555754
 30
0.0
 11
38.4070575096501017
 21
16.7345977960992904
 31
0.0
  0
LINE
  5
272
100
AcDbEntity
  8
Window Trim
 62
256
370
100
 48
1.0
  6
BYLAYER
100
AcDbLine
 10
-15.4944460976558123
 20
16.8448708592555718
 30
0.0
 11
-15.4944460976558087
 21
16.7345977960993011
 31
0.0
  0
LINE
  5
273
100
AcDbEntity
  8
Window Trim
 62
256
370
100
 48
1.0
  6
BYLAYER
100
AcDbLine
 10
38.4070575096501017
 20
16.7345977960992904
 30
0.0
 11
38.4070575096501017
 21
16.4405362943491937
 31
0.0
  0
LINE
  5
274
100
AcDbEntity
  8
Window Trim
 62
256
370
100
 48
1.0
  6
BYLAYER
100
AcDbLine
 10
-15.4944460976558087
 20
16.7345977960993011
 30
0.0
 11
-15.4944460976558052
 21
16.4405362943491937
 31
0.0
  0
LINE
  5
275
100
AcDbEntity
  8
Window Trim
 62
256
370
100
 48
1.0
  6
BYLAYER
100
AcDbLine
 10
38.4070575096501017
 20
16.4405362943491937
 30
0.0
 11
38.4070575096501017
 21
16.3302632311929088
 31
0.0
  0
LINE
  5
276
100
AcDbEntity
  8
Window Trim
 62
256
370
100
 48
1.0
  6
BYLAYER
100
AcDbLine
 10
-15.4944460976558052
 20
16.4405362943491937
 30
0.0
 11
-15.4944460976558016
 21
16.3302632311929194
 31
0.0
  0
LINE
  5
277
100
AcDbEntity
  8
Window Trim
 62
256
370
100
 48
1.0
  6
BYLAYER
100
AcDbLine
 10
38.4070575096501017
 20
16.3302632311929088
 30
0.0
 11
38.4070575096501017
 21
16.0362017294428156
 31
0.0
  0
LINE
  5
278
100
AcDbEntity
  8
Window Trim
 62
256
370
100
 48
1.0
  6
BYLAYER
100
AcDbLine
 10
-15.4944460976558016
 20
16.3302632311929194
 30
0.0
 11
-15.4944460976558087
 21
16.0362017294428192
 31
0.0
  0
LINE
  5
279
100
AcDbEntity
  8
Window Trim
 62
256
370
100
 48
1.0
  6
BYLAYER
100
AcDbLine
 10
38.4070575096501017
 20
16.0362017294428156
 30
0.0
 11
38.4070575096501017
 21
15.8156556031302422
 31
0.0
  0
LINE
  5
27A
100
AcDbEntity
  8
Window Trim
 62
256
370
100
 48
1.0
  6
BYLAYER
100
AcDbLine
 10
-15.4944460976558087
 20
16.0362017294428192
 30
0.0
 11
-15.4944460976558052
 21
15.8156556031302422
 31
0.0
  0
LINE
  5
27B
100
AcDbEntity
  8
Window Trim
 62
256
370
100
 48
1.0
  6
BYLAYER
100
AcDbLine
 10
38.4070575096501017
 20
15.8156556031302422
 30
0.0
 11
38.4070575096501017
 21
15.4480787259426222
 31
0.0
  0
LINE
  5
27C
100
AcDbEntity
  8
Window Trim
 62
256
370
100
 48
1.0
  6
BYLAYER
100
AcDbLine
 10
-15.4944460976558052
 20
15.8156556031302422
 30
0.0
 11
-15.4944460976558052
 21
15.4480787259426293
 31
0.0
  0
LINE
  5
27D
100
AcDbEntity
  8
Window Trim
 62
256
370
100
 48
1.0
  6
BYLAYER
100
AcDbLine
 10
38.4070575096501017
 20
15.4480787259426222
 30
0.0
 11
38.4070575096501017
 21
15.3745633505050989
 31
0.0
  0
LINE
  5
27E
100
AcDbEntity
  8
Window Trim
 62
256
370
100
 48
1.0
  6
BYLAYER
100
AcDbLine
 10
-15.4944460976558052
 20
15.4480787259426293
 30
0.0
 11
-15.4944460976558052
 21
15.374563350505106
 31
0.0
  0
LINE
  5
27F
100
AcDbEntity
  8
Window Trim
 62
256
370
100
 48
1.0
  6
BYLAYER
100
AcDbLine
 10
38.4070575096501017
 20
15.3745633505050989
 30
0.0
 11
38.4070575096501017
 21
15.1540172241925273
 31
0.0
  0
LINE
  5
280
100
AcDbEntity
  8
Window Trim
 62
256
370
100
 48
1.0
  6
BYLAYER
100
AcDbLine
 10
-15.4944460976558052
 20
15.374563350505106
 30
0.0
 11
-15.4944460976558087
 21
15.1540172241925362
 31
0.0
  0
LINE
  5
281
100
AcDbEntity
  8
Window Trim
 62
256
370
100
 48
1.0
  6
BYLAYER
100
AcDbLine
 10
38.4070575096501017
 20
15.1540172241925273
 30
0.0
 11
38.4070575096501017
 21
15.0805018487550022
 31
0.0
  0
LINE
  5
282
100
AcDbEntity
  8
Window Trim
 62
256
370
100
 48
1.0
  6
BYLAYER
100
AcDbLine
 10
-15.4944460976558087
 20
15.1540172241925362
 30
0.0
 11
-15.4944460976558123
 21
15.0805018487549951
 31
0.0
  0
LINE
  5
283
100
AcDbEntity
  8
Window Trim
 62
256
370
100
 48
1.0
  6
BYLAYER
100
AcDbLine
 10
38.4070575096501017
 20
15.0805018487550022
 30
0.0
 11
38.4070575096501017
 21
14.7496826592861439
 31
0.0
  0
LINE
  5
284
100
AcDbEntity
  8
Window Trim
 62
256
370
100
 48
1.0
  6
BYLAYER
100
AcDbLine
 10
-15.4944460976558123
 20
15.0805018487549951
 30
0.0
 11
-15.4944460976558123
 21
14.7496826592861403
 31
0.0
  0
LINE
  5
285
100
AcDbEntity
  8
Window Trim
 62
256
370
100
 48
1.0
  6
BYLAYER
100
AcDbLine
 10
38.4070575096501017
 20
14.7496826592861439
 30
0.0
 11
38.4070575096501017
 21
14.6761672838486206
 31
0.0
  0
LINE
  5
286
100
AcDbEntity
  8
Window Trim
 62
256
370
100
 48
1.0
  6
BYLAYER
100
AcDbLine
 10
-15.4944460976558123
 20
14.7496826592861403
 30
0.0
 11
-15.4944460976558087
 21
14.6761672838486241
 31
0.0
  0
LINE
  5
287
100
AcDbEntity
  8
Window Trim
 62
256
370
100
 48
1.0
  6
BYLAYER
100
AcDbLine
 10
38.4070575096501017
 20
14.6761672838486206
 30
0.0
 11
38.4070575096501017
 21
14.4188634698172891
 31
0.0
  0
LINE
  5
288
100
AcDbEntity
  8
Window Trim
 62
256
370
100
 48
1.0
  6
BYLAYER
100
AcDbLine
 10
-15.4944460976558087
 20
14.6761672838486241
 30
0.0
 11
-15.4944460976558087
 21
14.4188634698172926
 31
0.0
  0
LINE
  5
289
100
AcDbEntity
  8
Window Trim
 62
256
370
100
 48
1.0
  6
BYLAYER
100
AcDbLine
 10
38.4070575096501017
 20
14.4188634698172891
 30
0.0
 11
38.4438151973688633
 21
14.3085904066610041
 31
0.0
  0
LINE
  5
28A
100
AcDbEntity
  8
Window Trim
 62
256
370
100
 48
1.0
  6
BYLAYER
100
AcDbLine
 10
-15.4944460976558087
 20
14.4188634698172926
 30
0.0
 11
-15.5312037853745739
 21
14.3085904066610006
 31
0.0
  0
LINE
  5
28B
100
AcDbEntity
  8
Window Trim
 62
256
370
100
 48
1.0
  6
BYLAYER
100
AcDbLine
 10
38.4438151973688633
 20
14.3085904066610041
 30
0.0
 11
38.480572885087625
 21
13.9042558417546225
 31
0.0
  0
LINE
  5
28C
100
AcDbEntity
  8
Window Trim
 62
256
370
100
 48
1.0
  6
BYLAYER
100
AcDbLine
 10
-15.5312037853745739
 20
14.3085904066610006
 30
0.0
 11
-15.5679614730933356
 21
13.9042558417546225
 31
0.0
  0
LINE
  5
28D
100
AcDbEntity
  8
Window Trim
 62
256
370
100
 48
1.0
  6
BYLAYER
100
AcDbLine
 10
38.480572885087625
 20
13.9042558417546225
 30
0.0
 11
38.5173305728063866
 21
13.793982778598334
 31
0.0
  0
LINE
  5
28E
100
AcDbEntity
  8
Window Trim
 62
256
370
100
 48
1.0
  6
BYLAYER
100
AcDbLine
 10
-15.5679614730933356
 20
13.9042558417546225
 30
0.0
 11
-15.6047191608120972
 21
13.7939827785983375
 31
0.0
  0
LINE
  5
28F
100
AcDbEntity
  8
Window Trim
 62
256
370
100
 48
1.0
  6
BYLAYER
100
AcDbLine
 10
38.5173305728063866
 20
13.793982778598334
 30
0.0
 11
38.480572885087625
 21
13.2793751505356674
 31
0.0
  0
LINE
  5
290
100
AcDbEntity
  8
Window Trim
 62
256
370
100
 48
1.0
  6
BYLAYER
100
AcDbLine
 10
-15.6047191608120972
 20
13.7939827785983375
 30
0.0
 11
-15.567961473093332
 21
13.2793751505356674
 31
0.0
  0
LINE
  5
291
100
AcDbEntity
  8
Window Trim
 62
256
370
100
 48
1.0
  6
BYLAYER
100
AcDbLine
 10
38.480572885087625
 20
13.2793751505356674
 30
0.0
 11
38.480572885087625
 21
13.0588290242230975
 31
0.0
  0
LINE
  5
292
100
AcDbEntity
  8
Window Trim
 62
256
370
100
 48
1.0
  6
BYLAYER
100
AcDbLine
 10
-15.567961473093332
 20
13.2793751505356674
 30
0.0
 11
-15.567961473093332
 21
13.058829024223094
 31
0.0
  0
LINE
  5
293
100
AcDbEntity
  8
Window Trim
 62
256
370
100
 48
1.0
  6
BYLAYER
100
AcDbLine
 10
38.480572885087625
 20
13.0588290242230975
 30
0.0
 11
38.4070575096501017
 21
12.8015252101917625
 31
0.0
  0
LINE
  5
294
100
AcDbEntity
  8
Window Trim
 62
256
370
100
 48
1.0
  6
BYLAYER
100
AcDbLine
 10
-15.567961473093332
 20
13.058829024223094
 30
0.0
 11
-15.4944460976558158
 21
12.8015252101917554
 31
0.0
  0
LINE
  5
295
100
AcDbEntity
  8
Window Trim
 62
256
370
100
 48
1.0
  6
BYLAYER
100
AcDbLine
 10
38.4070575096501017
 20
12.8015252101917625
 30
0.0
 11
38.4070575096501017
 21
12.6912521470354775
 31
0.0
  0
LINE
  5
296
100
AcDbEntity
  8
Window Trim
 62
256
370
100
 48
1.0
  6
BYLAYER
100
AcDbLine
 10
-15.4944460976558158
 20
12.8015252101917554
 30
0.0
 11
-15.4944460976558087
 21
12.6912521470354811
 31
0.0
  0
LINE
  5
297
100
AcDbEntity
  8
Window Trim
 62
256
370
100
 48
1.0
  6
BYLAYER
100
AcDbLine
 10
38.4070575096501017
 20
12.6912521470354775
 30
0.0
 11
38.4070575096501017
 21
12.3604329575666192
 31
0.0
  0
LINE
  5
298
100
AcDbEntity
  8
Window Trim
 62
256
370
100
 48
1.0
  6
BYLAYER
100
AcDbLine
 10
-15.4944460976558087
 20
12.6912521470354811
 30
0.0
 11
-15.4944460976558052
 21
12.3604329575666227
 31
0.0
  0
LINE
  5
299
100
AcDbEntity
  8
Window Trim
 62
256
370
100
 48
1.0
  6
BYLAYER
100
AcDbLine
 10
38.4070575096501017
 20
12.3604329575666192
 30
0.0
 11
38.4070575096501017
 21
12.176644518972811
 31
0.0
  0
LINE
  5
29A
100
AcDbEntity
  8
Window Trim
 62
256
370
100
 48
1.0
  6
BYLAYER
100
AcDbLine
 10
-15.4944460976558052
 20
12.3604329575666227
 30
0.0
 11
-15.4944460976558087
 21
12.1766445189728181
 31
0.0
  0
LINE
  5
29B
100
AcDbEntity
  8
Window Trim
 62
256
370
100
 48
1.0
  6
BYLAYER
100
AcDbLine
 10
38.4070575096501017
 20
12.176644518972811
 30
0.0
 11
38.4070575096501017
 21
11.9928560803789992
 31
0.0
  0
LINE
  5
29C
100
AcDbEntity
  8
Window Trim
 62
256
370
100
 48
1.0
  6
BYLAYER
100
AcDbLine
 10
-15.4944460976558087
 20
12.1766445189728181
 30
0.0
 11
-15.4944460976558052
 21
11.9928560803790027
 31
0.0
  0
LINE
  5
29D
100
AcDbEntity
  8
Window Trim
 62
256
370
100
 48
1.0
  6
BYLAYER
100
AcDbLine
 10
38.4070575096501017
 20
11.9928560803789992
 30
0.0
 11
38.4070575096501017
 21
11.9560983926602376
 31
0.0
  0
LINE
  5
29E
100
AcDbEntity
  8
Window Trim
 62
256
370
100
 48
1.0
  6
BYLAYER
100
AcDbLine
 10
-15.4944460976558052
 20
11.9928560803790027
 30
0.0
 11
-15.4944460976558087
 21
11.956098392660234
 31
0.0
  0
LINE
  5
29F
100
AcDbEntity
  8
Window Trim
 62
256
370
100
 48
1.0
  6
BYLAYER
100
AcDbLine
 10
38.4070575096501017
 20
11.9560983926602376
 30
0.0
 11
38.4070575096501017
 21
11.8825830172227143
 31
0.0
  0
LINE
  5
2A0
100
AcDbEntity
  8
Window Trim
 62
256
370
100
 48
1.0
  6
BYLAYER
100
AcDbLine
 10
-15.4944460976558087
 20
11.956098392660234
 30
0.0
 11
-15.4944460976558052
 21
11.8825830172227214
 31
0.0
  0
LINE
  5
2A1
100
AcDbEntity
  8
Window Trim
 62
256
370
100
 48
1.0
  6
BYLAYER
100
AcDbLine
 10
38.4070575096501017
 20
11.8825830172227143
 30
0.0
 11
38.4070575096501017
 21
11.809067641785191
 31
0.0
  0
LINE
  5
2A2
100
AcDbEntity
  8
Window Trim
 62
256
370
100
 48
1.0
  6
BYLAYER
100
AcDbLine
 10
-15.4944460976558052
 20
11.8825830172227214
 30
0.0
 11
-15.4944460976558052
 21
11.8090676417852016
 31
0.0
  0
LINE
  5
2A3
100
AcDbEntity
  8
Window Trim
 62
256
370
100
 48
1.0
  6
BYLAYER
100
AcDbLine
 10
38.4070575096501017
 20
11.809067641785191
 30
0.0
 11
38.4070575096501017
 21
11.6252792031913827
 31
0.0
  0
LINE
  5
2A4
100
AcDbEntity
  8
Window Trim
 62
256
370
100
 48
1.0
  6
BYLAYER
100
AcDbLine
 10
-15.4944460976558052
 20
11.8090676417852016
 30
0.0
 11
-15.4944460976558052
 21
11.6252792031913863
 31
0.0
  0
LINE
  5
2A5
100
AcDbEntity
  8
Window Trim
 62
256
370
100
 48
1.0
  6
BYLAYER
100
AcDbLine
 10
38.4070575096501017
 20
11.6252792031913827
 30
0.0
 11
38.4070575096501017
 21
11.5150061400350943
 31
0.0
  0
LINE
  5
2A6
100
AcDbEntity
  8
Window Trim
 62
256
370
100
 48
1.0
  6
BYLAYER
100
AcDbLine
 10
-15.4944460976558052
 20
11.6252792031913863
 30
0.0
 11
-15.4944460976558087
 21
11.5150061400350943
 31
0.0
  0
LINE
  5
2A7
100
AcDbEntity
  8
Window Trim
 62
256
370
100
 48
1.0
  6
BYLAYER
100
AcDbLine
 10
38.37029982193134
 20
11.5786716314100104
 30
0.0
 11
38.37029982193134
 21
11.4683985682537237
 31
0.0
  0
LINE
  5
2A8
100
AcDbEntity
  8
Window Trim
 62
256
370
100
 48
1.0
  6
BYLAYER
100
AcDbLine
 10
-15.4576884099370435
 20
11.5786716314100246
 30
0.0
 11
-15.4576884099370471
 21
11.4683985682537291
 31
0.0
  0
LINE
  5
2A9
100
AcDbEntity
  8
Window Trim
 62
256
370
100
 48
1.0
  6
BYLAYER
100
AcDbLine
 10
38.37029982193134
 20
11.4683985682537237
 30
0.0
 11
38.37029982193134
 21
11.3213678173786754
 31
0.0
  0
LINE
  5
2AA
100
AcDbEntity
  8
Window Trim
 62
256
370
100
 48
1.0
  6
BYLAYER
100
AcDbLine
 10
-15.4576884099370471
 20
11.4683985682537291
 30
0.0
 11
-15.4576884099370435
 21
11.3213678173786789
 31
0.0
  0
LINE
  5
2AB
100
AcDbEntity
  8
Window Trim
 62
256
370
100
 48
1.0
  6
BYLAYER
100
AcDbLine
 10
38.37029982193134
 20
11.3213678173786754
 30
0.0
 11
38.37029982193134
 21
11.0273063156285804
 31
0.0
  0
LINE
  5
2AC
100
AcDbEntity
  8
Window Trim
 62
256
370
100
 48
1.0
  6
BYLAYER
100
AcDbLine
 10
-15.4576884099370435
 20
11.3213678173786789
 30
0.0
 11
-15.4576884099370435
 21
11.0273063156285893
 31
0.0
  0
LINE
  5
2AD
100
AcDbEntity
  8
Window Trim
 62
256
370
100
 48
1.0
  6
BYLAYER
100
AcDbLine
 10
38.37029982193134
 20
11.0273063156285804
 30
0.0
 11
38.37029982193134
 21
10.8435178770347704
 31
0.0
  0
LINE
  5
2AE
100
AcDbEntity
  8
Window Trim
 62
256
370
100
 48
1.0
  6
BYLAYER
100
AcDbLine
 10
-15.4576884099370435
 20
11.0273063156285893
 30
0.0
 11
-15.4576884099370471
 21
10.843517877034774
 31
0.0
  0
LINE
  5
2AF
100
AcDbEntity
  8
Window Trim
 62
256
370
100
 48
1.0
  6
BYLAYER
100
AcDbLine
 10
38.37029982193134
 20
10.8435178770347704
 30
0.0
 11
38.37029982193134
 21
10.4391833121283888
 31
0.0
  0
LINE
  5
2B0
100
AcDbEntity
  8
Window Trim
 62
256
370
100
 48
1.0
  6
BYLAYER
100
AcDbLine
 10
-15.4576884099370471
 20
10.843517877034774
 30
0.0
 11
-15.4576884099370435
 21
10.439183312128403
 31
0.0
  0
LINE
  5
2B1
100
AcDbEntity
  8
Window Trim
 62
256
370
100
 48
1.0
  6
BYLAYER
100
AcDbLine
 10
38.37029982193134
 20
10.4391833121283888
 30
0.0
 11
38.37029982193134
 21
10.3289102489721039
 31
0.0
  0
LINE
  5
2B2
100
AcDbEntity
  8
Window Trim
 62
256
370
100
 48
1.0
  6
BYLAYER
100
AcDbLine
 10
-15.4576884099370435
 20
10.439183312128403
 30
0.0
 11
-15.4576884099370435
 21
10.3289102489721039
 31
0.0
  0
LINE
  5
2B3
100
AcDbEntity
  8
Window Trim
 62
256
370
100
 48
1.0
  6
BYLAYER
100
AcDbLine
 10
38.37029982193134
 20
10.3289102489721039
 30
0.0
 11
38.37029982193134
 21
10.2553948735345806
 31
0.0
  0
LINE
  5
2B4
100
AcDbEntity
  8
Window Trim
 62
256
370
100
 48
1.0
  6
BYLAYER
100
AcDbLine
 10
-15.4576884099370435
 20
10.3289102489721039
 30
0.0
 11
-15.4576884099370471
 21
10.2553948735345841
 31
0.0
  0
LINE
  5
2B5
100
AcDbEntity
  8
Window Trim
 62
256
370
100
 48
1.0
  6
BYLAYER
100
AcDbLine
 10
38.37029982193134
 20
10.2553948735345806
 30
0.0
 11
38.37029982193134
 21
10.1451218103782939
 31
0.0
  0
LINE
  5
2B6
100
AcDbEntity
  8
Window Trim
 62
256
370
100
 48
1.0
  6
BYLAYER
100
AcDbLine
 10
-15.4576884099370471
 20
10.2553948735345841
 30
0.0
 11
-15.4576884099370577
 21
10.1451218103782885
 31
0.0
  0
LINE
  5
2B7
100
AcDbEntity
  8
Window Trim
 62
256
370
100
 48
1.0
  6
BYLAYER
100
AcDbLine
 10
38.37029982193134
 20
10.1451218103782939
 30
0.0
 11
38.4070575096501017
 21
9.9245756840657222
 31
0.0
  0
LINE
  5
2B8
100
AcDbEntity
  8
Window Trim
 62
256
370
100
 48
1.0
  6
BYLAYER
100
AcDbLine
 10
-15.4576884099370577
 20
10.1451218103782885
 30
0.0
 11
-15.4944460976558123
 21
9.9245756840657222
 31
0.0
  0
LINE
  5
2B9
100
AcDbEntity
  8
Window Trim
 62
256
370
100
 48
1.0
  6
BYLAYER
100
AcDbLine
 10
38.4070575096501017
 20
9.9245756840657222
 30
0.0
 11
38.4070575096501017
 21
9.8510603086281989
 31
0.0
  0
LINE
  5
2BA
100
AcDbEntity
  8
Window Trim
 62
256
370
100
 48
1.0
  6
BYLAYER
100
AcDbLine
 10
-15.4944460976558123
 20
9.9245756840657222
 30
0.0
 11
-15.4944460976558123
 21
9.8510603086281883
 31
0.0
  0
LINE
  5
2BB
100
AcDbEntity
  8
Window Trim
 62
256
370
100
 48
1.0
  6
BYLAYER
100
AcDbLine
 10
38.4070575096501017
 20
9.8510603086281989
 30
0.0
 11
38.4070575096501017
 21
9.6672718700343889
 31
0.0
  0
LINE
  5
2BC
100
AcDbEntity
  8
Window Trim
 62
256
370
100
 48
1.0
  6
BYLAYER
100
AcDbLine
 10
-15.4944460976558123
 20
9.8510603086281883
 30
0.0
 11
-15.4944460976558087
 21
9.6672718700343907
 31
0.0
  0
LINE
  5
2BD
100
AcDbEntity
  8
Window Trim
 62
256
370
100
 48
1.0
  6
BYLAYER
100
AcDbLine
 10
38.4070575096501017
 20
9.6672718700343889
 30
0.0
 11
38.4070575096501017
 21
9.5937564945968639
 31
0.0
  0
LINE
  5
2BE
100
AcDbEntity
  8
Window Trim
 62
256
370
100
 48
1.0
  6
BYLAYER
100
AcDbLine
 10
-15.4944460976558087
 20
9.6672718700343907
 30
0.0
 11
-15.4944460976558087
 21
9.5937564945968745
 31
0.0
  0
LINE
  5
2BF
100
AcDbEntity
  8
Window Trim
 62
256
370
100
 48
1.0
  6
BYLAYER
100
AcDbLine
 10
38.4070575096501017
 20
9.5937564945968639
 30
0.0
 11
38.4438151973688633
 21
9.4467257437218173
 31
0.0
  0
LINE
  5
2C0
100
AcDbEntity
  8
Window Trim
 62
256
370
100
 48
1.0
  6
BYLAYER
100
AcDbLine
 10
-15.4944460976558087
 20
9.5937564945968745
 30
0.0
 11
-15.5312037853745739
 21
9.4467257437218208
 31
0.0
  0
LINE
  5
2C1
100
AcDbEntity
  8
Window Trim
 62
256
370
100
 48
1.0
  6
BYLAYER
100
AcDbLine
 10
38.4438151973688633
 20
9.4467257437218173
 30
0.0
 11
38.4438151973688633
 21
9.373210368284294
 31
0.0
  0
LINE
  5
2C2
100
AcDbEntity
  8
Window Trim
 62
256
370
100
 48
1.0
  6
BYLAYER
100
AcDbLine
 10
-15.5312037853745739
 20
9.4467257437218208
 30
0.0
 11
-15.5312037853745739
 21
9.3732103682842975
 31
0.0
  0
LINE
  5
2C3
100
AcDbEntity
  8
Window Trim
 62
256
370
100
 48
1.0
  6
BYLAYER
100
AcDbLine
 10
38.4438151973688633
 20
9.373210368284294
 30
0.0
 11
38.480572885087625
 21
9.1159065542529589
 31
0.0
  0
LINE
  5
2C4
100
AcDbEntity
  8
Window Trim
 62
256
370
100
 48
1.0
  6
BYLAYER
100
AcDbLine
 10
-15.5312037853745739
 20
9.3732103682842975
 30
0.0
 11
-15.567961473093332
 21
9.1159065542529625
 31
0.0
  0
LINE
  5
2C5
100
AcDbEntity
  8
Window Trim
 62
256
370
100
 48
1.0
  6
BYLAYER
100
AcDbLine
 10
38.480572885087625
 20
9.1159065542529589
 30
0.0
 11
38.480572885087625
 21
9.0791488665341973
 31
0.0
  0
LINE
  5
2C6
100
AcDbEntity
  8
Window Trim
 62
256
370
100
 48
1.0
  6
BYLAYER
100
AcDbLine
 10
-15.567961473093332
 20
9.1159065542529625
 30
0.0
 11
-15.5679614730933285
 21
9.0791488665342008
 31
0.0
  0
LINE
  5
2C7
100
AcDbEntity
  8
Window Trim
 62
256
370
100
 48
1.0
  6
BYLAYER
100
AcDbLine
 10
38.480572885087625
 20
9.0791488665341973
 30
0.0
 11
38.5173305728063866
 21
8.8953604279403891
 31
0.0
  0
LINE
  5
2C8
100
AcDbEntity
  8
Window Trim
 62
256
370
100
 48
1.0
  6
BYLAYER
100
AcDbLine
 10
-15.5679614730933285
 20
9.0791488665342008
 30
0.0
 11
-15.6047191608120972
 21
8.8953604279403891
 31
0.0
  0
LINE
  5
2C9
100
AcDbEntity
  8
Window Trim
 62
256
370
100
 48
1.0
  6
BYLAYER
100
AcDbLine
 10
38.5173305728063866
 20
8.8953604279403891
 30
0.0
 11
38.5173305728063866
 21
8.7483296770653407
 31
0.0
  0
LINE
  5
2CA
100
AcDbEntity
  8
Window Trim
 62
256
370
100
 48
1.0
  6
BYLAYER
100
AcDbLine
 10
-15.6047191608120972
 20
8.8953604279403891
 30
0.0
 11
-15.6047191608120972
 21
8.7483296770653389
 31
0.0
  0
LINE
  5
2CB
100
AcDbEntity
  8
Window Trim
 62
256
370
100
 48
1.0
  6
BYLAYER
100
AcDbLine
 10
38.5173305728063866
 20
8.7483296770653407
 30
0.0
 11
38.5173305728063866
 21
8.4910258630340074
 31
0.0
  0
LINE
  5
2CC
100
AcDbEntity
  8
Window Trim
 62
256
370
100
 48
1.0
  6
BYLAYER
100
AcDbLine
 10
-15.6047191608120972
 20
8.7483296770653389
 30
0.0
 11
-15.6047191608120901
 21
8.4910258630340181
 31
0.0
  0
LINE
  5
2CD
100
AcDbEntity
  8
Window Trim
 62
256
370
100
 48
1.0
  6
BYLAYER
100
AcDbLine
 10
38.5173305728063866
 20
8.4910258630340074
 30
0.0
 11
38.5173305728063866
 21
8.2704797367214358
 31
0.0
  0
LINE
  5
2CE
100
AcDbEntity
  8
Window Trim
 62
256
370
100
 48
1.0
  6
BYLAYER
100
AcDbLine
 10
-15.6047191608120901
 20
8.4910258630340181
 30
0.0
 11
-15.6047191608120936
 21
8.2704797367214411
 31
0.0
  0
LINE
  5
2CF
100
AcDbEntity
  8
Window Trim
 62
256
370
100
 48
1.0
  6
BYLAYER
100
AcDbLine
 10
38.5173305728063866
 20
8.2704797367214358
 30
0.0
 11
38.5173305728063866
 21
8.0866912981276258
 31
0.0
  0
LINE
  5
2D0
100
AcDbEntity
  8
Window Trim
 62
256
370
100
 48
1.0
  6
BYLAYER
100
AcDbLine
 10
-15.6047191608120936
 20
8.2704797367214411
 30
0.0
 11
-15.6047191608120936
 21
8.0866912981276258
 31
0.0
  0
LINE
  5
2D1
100
AcDbEntity
  8
Window Trim
 62
256
370
100
 48
1.0
  6
BYLAYER
100
AcDbLine
 10
38.5173305728063866
 20
8.0866912981276258
 30
0.0
 11
38.5173305728063866
 21
7.8661451718150541
 31
0.0
  0
LINE
  5
2D2
100
AcDbEntity
  8
Window Trim
 62
256
370
100
 48
1.0
  6
BYLAYER
100
AcDbLine
 10
-15.6047191608120936
 20
8.0866912981276258
 30
0.0
 11
-15.6047191608120936
 21
7.8661451718150595
 31
0.0
  0
LINE
  5
2D3
100
AcDbEntity
  8
Window Trim
 62
256
370
100
 48
1.0
  6
BYLAYER
100
AcDbLine
 10
38.5173305728063866
 20
7.8661451718150541
 30
0.0
 11
38.5173305728063866
 21
7.5353259823461967
 31
0.0
  0
LINE
  5
2D4
100
AcDbEntity
  8
Window Trim
 62
256
370
100
 48
1.0
  6
BYLAYER
100
AcDbLine
 10
-15.6047191608120936
 20
7.8661451718150595
 30
0.0
 11
-15.6047191608120936
 21
7.5353259823462011
 31
0.0
  0
LINE
  5
2D5
100
AcDbEntity
  8
Window Trim
 62
256
370
100
 48
1.0
  6
BYLAYER
100
AcDbLine
 10
38.5173305728063866
 20
7.5353259823461967
 30
0.0
 11
38.5173305728063866
 21
7.2412644805961008
 31
0.0
  0
LINE
  5
2D6
100
AcDbEntity
  8
Window Trim
 62
256
370
100
 48
1.0
  6
BYLAYER
100
AcDbLine
 10
-15.6047191608120936
 20
7.5353259823462011
 30
0.0
 11
-15.6047191608120936
 21
7.2412644805961044
 31
0.0
  0
LINE
  5
2D7
100
AcDbEntity
  8
Window Trim
 62
256
370
100
 48
1.0
  6
BYLAYER
100
AcDbLine
 10
38.5173305728063866
 20
7.2412644805961008
 30
0.0
 11
38.5173305728063866
 21
7.0574760420022917
 31
0.0
  0
LINE
  5
2D8
100
AcDbEntity
  8
Window Trim
 62
256
370
100
 48
1.0
  6
BYLAYER
100
AcDbLine
 10
-15.6047191608120936
 20
7.2412644805961044
 30
0.0
 11
-15.6047191608120936
 21
7.0574760420022926
 31
0.0
  0
LINE
  5
2D9
100
AcDbEntity
  8
Window Trim
 62
256
370
100
 48
1.0
  6
BYLAYER
100
AcDbLine
 10
38.5173305728063866
 20
7.0574760420022917
 30
0.0
 11
38.5173305728063866
 21
6.9104452911272434
 31
0.0
  0
LINE
  5
2DA
100
AcDbEntity
  8
Window Trim
 62
256
370
100
 48
1.0
  6
BYLAYER
100
AcDbLine
 10
-15.6047191608120936
 20
7.0574760420022926
 30
0.0
 11
-15.6047191608120936
 21
6.910445291127246
 31
0.0
  0
LINE
  5
2DB
100
AcDbEntity
  8
Window Trim
 62
256
370
100
 48
1.0
  6
BYLAYER
100
AcDbLine
 10
38.5173305728063866
 20
6.9104452911272434
 30
0.0
 11
38.5173305728063866
 21
6.7266568525334343
 31
0.0
  0
LINE
  5
2DC
100
AcDbEntity
  8
Window Trim
 62
256
370
100
 48
1.0
  6
BYLAYER
100
AcDbLine
 10
-15.6047191608120936
 20
6.910445291127246
 30
0.0
 11
-15.6047191608120972
 21
6.7266568525334378
 31
0.0
  0
LINE
  5
2DD
100
AcDbEntity
  8
Window Trim
 62
256
370
100
 48
1.0
  6
BYLAYER
100
AcDbLine
 10
38.5173305728063866
 20
6.7266568525334343
 30
0.0
 11
38.5173305728063866
 21
6.6898991648146717
 31
0.0
  0
LINE
  5
2DE
100
AcDbEntity
  8
Window Trim
 62
256
370
100
 48
1.0
  6
BYLAYER
100
AcDbLine
 10
-15.6047191608120972
 20
6.7266568525334378
 30
0.0
 11
-15.6047191608120901
 21
6.6898991648146868
 31
0.0
  0
LINE
  5
2DF
100
AcDbEntity
  8
Window Trim
 62
256
370
100
 48
1.0
  6
BYLAYER
100
AcDbLine
 10
38.5173305728063866
 20
6.6898991648146717
 30
0.0
 11
38.5173305728063866
 21
6.5061107262208626
 31
0.0
  0
LINE
  5
2E0
100
AcDbEntity
  8
Window Trim
 62
256
370
100
 48
1.0
  6
BYLAYER
100
AcDbLine
 10
-15.6047191608120901
 20
6.6898991648146868
 30
0.0
 11
-15.6047191608121008
 21
6.5061107262208537
 31
0.0
  0
LINE
  5
2E1
100
AcDbEntity
  8
Window Trim
 62
256
370
100
 48
1.0
  6
BYLAYER
100
AcDbLine
 10
38.5173305728063866
 20
6.5061107262208626
 30
0.0
 11
38.5173305728063866
 21
6.4693530385021001
 31
0.0
  0
LINE
  5
2E2
100
AcDbEntity
  8
Window Trim
 62
256
370
100
 48
1.0
  6
BYLAYER
100
AcDbLine
 10
-15.6047191608121008
 20
6.5061107262208537
 30
0.0
 11
-15.6047191608120972
 21
6.4693530385021063
 31
0.0
  0
LINE
  5
2E3
100
AcDbEntity
  8
Window Trim
 62
256
370
100
 48
1.0
  6
BYLAYER
100
AcDbLine
 10
38.5173305728063866
 20
6.4693530385021001
 30
0.0
 11
38.5173305728063866
 21
6.4325953507833384
 31
0.0
  0
LINE
  5
2E4
100
AcDbEntity
  8
Window Trim
 62
256
370
100
 48
1.0
  6
BYLAYER
100
AcDbLine
 10
-15.6047191608120972
 20
6.4693530385021063
 30
0.0
 11
-15.6047191608121008
 21
6.4325953507833376
 31
0.0
  0
LINE
  5
2E5
100
AcDbEntity
  8
Window Trim
 62
256
370
100
 48
1.0
  6
BYLAYER
100
AcDbLine
 10
38.5173305728063866
 20
6.4325953507833384
 30
0.0
 11
38.5173305728063866
 21
6.3223222876270526
 31
0.0
  0
LINE
  5
2E6
100
AcDbEntity
  8
Window Trim
 62
256
370
100
 48
1.0
  6
BYLAYER
100
AcDbLine
 10
-15.6047191608121008
 20
6.4325953507833376
 30
0.0
 11
-15.6047191608120972
 21
6.3223222876270597
 31
0.0
  0
LINE
  5
2E7
100
AcDbEntity
  8
Window Trim
 62
256
370
100
 48
1.0
  6
BYLAYER
100
AcDbLine
 10
38.5173305728063866
 20
6.3223222876270526
 30
0.0
 11
38.5173305728063866
 21
6.285564599908291
 31
0.0
  0
LINE
  5
2E8
100
AcDbEntity
  8
Window Trim
 62
256
370
100
 48
1.0
  6
BYLAYER
100
AcDbLine
 10
-15.6047191608120972
 20
6.3223222876270597
 30
0.0
 11
-15.6047191608120901
 21
6.2855645999082981
 31
0.0
  0
LINE
  5
2E9
100
AcDbEntity
  8
Window Trim
 62
256
370
100
 48
1.0
  6
BYLAYER
100
AcDbLine
 10
38.5173305728063866
 20
6.285564599908291
 30
0.0
 11
38.5173305728063866
 21
6.2120492244707677
 31
0.0
  0
LINE
  5
2EA
100
AcDbEntity
  8
Window Trim
 62
256
370
100
 48
1.0
  6
BYLAYER
100
AcDbLine
 10
-15.6047191608120901
 20
6.2855645999082981
 30
0.0
 11
-15.6047191608120901
 21
6.2120492244707748
 31
0.0
  0
LINE
  5
2EB
100
AcDbEntity
  8
Window Trim
 62
256
370
100
 48
1.0
  6
BYLAYER
100
AcDbLine
 10
38.5173305728063866
 20
6.2120492244707677
 30
0.0
 11
38.5173305728063866
 21
6.0650184735957193
 31
0.0
  0
LINE
  5
2EC
100
AcDbEntity
  8
Window Trim
 62
256
370
100
 48
1.0
  6
BYLAYER
100
AcDbLine
 10
-15.6047191608120901
 20
6.2120492244707748
 30
0.0
 11
-15.6047191608120936
 21
6.0650184735957211
 31
0.0
  0
LINE
  5
2ED
100
AcDbEntity
  8
Window Trim
 62
256
370
100
 48
1.0
  6
BYLAYER
100
AcDbLine
 10
38.5173305728063866
 20
6.0650184735957193
 30
0.0
 11
38.5173305728063866
 21
5.8812300350019093
 31
0.0
  0
LINE
  5
2EE
100
AcDbEntity
  8
Window Trim
 62
256
370
100
 48
1.0
  6
BYLAYER
100
AcDbLine
 10
-15.6047191608120936
 20
6.0650184735957211
 30
0.0
 11
-15.6047191608120972
 21
5.8812300350019129
 31
0.0
  0
LINE
  5
2EF
100
AcDbEntity
  8
Window Trim
 62
256
370
100
 48
1.0
  6
BYLAYER
100
AcDbLine
 10
38.5173305728063866
 20
5.8812300350019093
 30
0.0
 11
38.5173305728063866
 21
5.734199284126861
 31
0.0
  0
LINE
  5
2F0
100
AcDbEntity
  8
Window Trim
 62
256
370
100
 48
1.0
  6
BYLAYER
100
AcDbLine
 10
-15.6047191608120972
 20
5.8812300350019129
 30
0.0
 11
-15.6047191608120972
 21
5.7341992841268556
 31
0.0
  0
LINE
  5
2F1
100
AcDbEntity
  8
Window Trim
 62
256
370
100
 48
1.0
  6
BYLAYER
100
AcDbLine
 10
38.5173305728063866
 20
5.734199284126861
 30
0.0
 11
38.480572885087625
 21
5.623926220970576
 31
0.0
  0
LINE
  5
2F2
100
AcDbEntity
  8
Window Trim
 62
256
370
100
 48
1.0
  6
BYLAYER
100
AcDbLine
 10
-15.6047191608120972
 20
5.7341992841268556
 30
0.0
 11
-15.5679614730933356
 21
5.6239262209705672
 31
0.0
  0
LINE
  5
2F3
100
AcDbEntity
  8
Window Trim
 62
256
370
100
 48
1.0
  6
BYLAYER
100
AcDbLine
 10
38.480572885087625
 20
5.623926220970576
 30
0.0
 11
38.480572885087625
 21
5.440137782376766
 31
0.0
  0
LINE
  5
2F4
100
AcDbEntity
  8
Window Trim
 62
256
370
100
 48
1.0
  6
BYLAYER
100
AcDbLine
 10
-15.5679614730933356
 20
5.6239262209705672
 30
0.0
 11
-15.5679614730933356
 21
5.4401377823767589
 31
0.0
  0
LINE
  5
2F5
100
AcDbEntity
  8
Window Trim
 62
256
370
100
 48
1.0
  6
BYLAYER
100
AcDbLine
 10
38.480572885087625
 20
5.440137782376766
 30
0.0
 11
38.480572885087625
 21
5.3298647192204811
 31
0.0
  0
LINE
  5
2F6
100
AcDbEntity
  8
Window Trim
 62
256
370
100
 48
1.0
  6
BYLAYER
100
AcDbLine
 10
-15.5679614730933356
 20
5.4401377823767589
 30
0.0
 11
-15.567961473093332
 21
5.3298647192204847
 31
0.0
  0
LINE
  5
2F7
100
AcDbEntity
  8
Window Trim
 62
256
370
100
 48
1.0
  6
BYLAYER
100
AcDbLine
 10
38.480572885087625
 20
5.3298647192204811
 30
0.0
 11
38.480572885087625
 21
5.2195916560641944
 31
0.0
  0
LINE
  5
2F8
100
AcDbEntity
  8
Window Trim
 62
256
370
100
 48
1.0
  6
BYLAYER
100
AcDbLine
 10
-15.567961473093332
 20
5.3298647192204847
 30
0.0
 11
-15.5679614730933356
 21
5.2195916560641926
 31
0.0
  0
LINE
  5
2F9
100
AcDbEntity
  8
Window Trim
 62
256
370
100
 48
1.0
  6
BYLAYER
100
AcDbLine
 10
38.480572885087625
 20
5.2195916560641944
 30
0.0
 11
38.480572885087625
 21
5.1093185929079095
 31
0.0
  0
LINE
  5
2FA
100
AcDbEntity
  8
Window Trim
 62
256
370
100
 48
1.0
  6
BYLAYER
100
AcDbLine
 10
-15.5679614730933356
 20
5.2195916560641926
 30
0.0
 11
-15.5679614730933356
 21
5.1093185929079148
 31
0.0
  0
LINE
  5
2FB
100
AcDbEntity
  8
Window Trim
 62
256
370
100
 48
1.0
  6
BYLAYER
100
AcDbLine
 10
38.480572885087625
 20
5.1093185929079095
 30
0.0
 11
38.480572885087625
 21
4.9622878420328611
 31
0.0
  0
LINE
  5
2FC
100
AcDbEntity
  8
Window Trim
 62
256
370
100
 48
1.0
  6
BYLAYER
100
AcDbLine
 10
-15.5679614730933356
 20
5.1093185929079148
 30
0.0
 11
-15.5679614730933356
 21
4.9622878420328647
 31
0.0
  0
LINE
  5
2FD
100
AcDbEntity
  8
Window Trim
 62
256
370
100
 48
1.0
  6
BYLAYER
100
AcDbLine
 10
38.480572885087625
 20
4.9622878420328611
 30
0.0
 11
38.480572885087625
 21
4.8152570911578128
 31
0.0
  0
LINE
  5
2FE
100
AcDbEntity
  8
Window Trim
 62
256
370
100
 48
1.0
  6
BYLAYER
100
AcDbLine
 10
-15.5679614730933356
 20
4.9622878420328647
 30
0.0
 11
-15.5679614730933356
 21
4.8152570911578145
 31
0.0
  0
LINE
  5
2FF
100
AcDbEntity
  8
Window Trim
 62
256
370
100
 48
1.0
  6
BYLAYER
100
AcDbLine
 10
38.480572885087625
 20
4.8152570911578128
 30
0.0
 11
38.480572885087625
 21
4.6682263402827662
 31
0.0
  0
LINE
  5
300
100
AcDbEntity
  8
Window Trim
 62
256
370
100
 48
1.0
  6
BYLAYER
100
AcDbLine
 10
-15.5679614730933356
 20
4.8152570911578145
 30
0.0
 11
-15.567961473093332
 21
4.6682263402827608
 31
0.0
  0
LINE
  5
301
100
AcDbEntity
  8
Window Trim
 62
256
370
100
 48
1.0
  6
BYLAYER
100
AcDbLine
 10
38.480572885087625
 20
4.6682263402827662
 30
0.0
 11
38.480572885087625
 21
4.5211955894077178
 31
0.0
  0
LINE
  5
302
100
AcDbEntity
  8
Window Trim
 62
256
370
100
 48
1.0
  6
BYLAYER
100
AcDbLine
 10
-15.567961473093332
 20
4.6682263402827608
 30
0.0
 11
-15.5679614730933391
 21
4.5211955894077107
 31
0.0
  0
LINE
  5
303
100
AcDbEntity
  8
Window Trim
 62
256
370
100
 48
1.0
  6
BYLAYER
100
AcDbLine
 10
38.480572885087625
 20
4.5211955894077178
 30
0.0
 11
38.480572885087625
 21
4.3741648385326695
 31
0.0
  0
LINE
  5
304
100
AcDbEntity
  8
Window Trim
 62
256
370
100
 48
1.0
  6
BYLAYER
100
AcDbLine
 10
-15.5679614730933391
 20
4.5211955894077107
 30
0.0
 11
-15.5679614730933391
 21
4.3741648385326606
 31
0.0
  0
LINE
  5
305
100
AcDbEntity
  8
Window Trim
 62
256
370
100
 48
1.0
  6
BYLAYER
100
AcDbLine
 10
38.480572885087625
 20
4.3741648385326695
 30
0.0
 11
38.480572885087625
 21
4.2271340876576229
 31
0.0
  0
LINE
  5
306
100
AcDbEntity
  8
Window Trim
 62
256
370
100
 48
1.0
  6
BYLAYER
100
AcDbLine
 10
-15.5679614730933391
 20
4.3741648385326606
 30
0.0
 11
-15.5679614730933285
 21
4.2271340876576318
 31
0.0
  0
LINE
  5
307
100
AcDbEntity
  8
Window Trim
 62
256
370
100
 48
1.0
  6
BYLAYER
100
AcDbLine
 10
38.480572885087625
 20
4.2271340876576229
 30
0.0
 11
38.480572885087625
 21
4.0801033367825745
 31
0.0
  0
LINE
  5
308
100
AcDbEntity
  8
Window Trim
 62
256
370
100
 48
1.0
  6
BYLAYER
100
AcDbLine
 10
-15.5679614730933285
 20
4.2271340876576318
 30
0.0
 11
-15.567961473093332
 21
4.0801033367825674
 31
0.0
  0
LINE
  5
309
100
AcDbEntity
  8
Window Trim
 62
256
370
100
 48
1.0
  6
BYLAYER
100
AcDbLine
 10
38.480572885087625
 20
4.0801033367825745
 30
0.0
 11
38.5173305728063866
 21
3.8963148981887645
 31
0.0
  0
LINE
  5
30A
100
AcDbEntity
  8
Window Trim
 62
256
370
100
 48
1.0
  6
BYLAYER
100
AcDbLine
 10
-15.567961473093332
 20
4.0801033367825674
 30
0.0
 11
-15.6047191608120972
 21
3.8963148981887663
 31
0.0
  0
LINE
  5
30B
100
AcDbEntity
  8
Window Trim
 62
256
370
100
 48
1.0
  6
BYLAYER
100
AcDbLine
 10
38.5173305728063866
 20
3.8963148981887645
 30
0.0
 11
38.5540882605251483
 21
3.7125264595949545
 31
0.0
  0
LINE
  5
30C
100
AcDbEntity
  8
Window Trim
 62
256
370
100
 48
1.0
  6
BYLAYER
100
AcDbLine
 10
-15.6047191608120972
 20
3.8963148981887663
 30
0.0
 11
-15.6414768485308588
 21
3.7125264595949581
 31
0.0
  0
LINE
  5
30D
100
AcDbEntity
  8
Window Trim
 62
256
370
100
 48
1.0
  6
BYLAYER
100
AcDbLine
 10
38.5540882605251483
 20
3.7125264595949545
 30
0.0
 11
38.5908459482439099
 21
3.6022533964386696
 31
0.0
  0
LINE
  5
30E
100
AcDbEntity
  8
Window Trim
 62
256
370
100
 48
1.0
  6
BYLAYER
100
AcDbLine
 10
-15.6414768485308588
 20
3.7125264595949581
 30
0.0
 11
-15.6782345362496205
 21
3.6022533964386767
 31
0.0
  0
LINE
  5
30F
100
AcDbEntity
  8
Window Trim
 62
256
370
100
 48
1.0
  6
BYLAYER
100
AcDbLine
 10
38.5908459482439099
 20
3.6022533964386696
 30
0.0
 11
38.6643613236814332
 21
3.4184649578448596
 31
0.0
  0
LINE
  5
310
100
AcDbEntity
  8
Window Trim
 62
256
370
100
 48
1.0
  6
BYLAYER
100
AcDbLine
 10
-15.6782345362496205
 20
3.6022533964386767
 30
0.0
 11
-15.7517499116871402
 21
3.4184649578448649
 31
0.0
  0
LINE
  5
311
100
AcDbEntity
  8
Window Trim
 62
256
370
100
 48
1.0
  6
BYLAYER
100
AcDbLine
 10
38.6643613236814332
 20
3.4184649578448596
 30
0.0
 11
38.6643613236814332
 21
3.3449495824073363
 31
0.0
  0
LINE
  5
312
100
AcDbEntity
  8
Window Trim
 62
256
370
100
 48
1.0
  6
BYLAYER
100
AcDbLine
 10
-15.7517499116871402
 20
3.4184649578448649
 30
0.0
 11
-15.7517499116871402
 21
3.3449495824073345
 31
0.0
  0
LINE
  5
313
100
AcDbEntity
  8
Window Trim
 62
256
370
100
 48
1.0
  6
BYLAYER
100
AcDbLine
 10
38.6643613236814332
 20
3.3449495824073363
 30
0.0
 11
38.6643613236814332
 21
3.1244034560947647
 31
0.0
  0
LINE
  5
314
100
AcDbEntity
  8
Window Trim
 62
256
370
100
 48
1.0
  6
BYLAYER
100
AcDbLine
 10
-15.7517499116871402
 20
3.3449495824073345
 30
0.0
 11
-15.7517499116871438
 21
3.124403456094754
 31
0.0
  0
LINE
  5
315
100
AcDbEntity
  8
Window Trim
 62
256
370
100
 48
1.0
  6
BYLAYER
100
AcDbLine
 10
38.6643613236814332
 20
3.1244034560947647
 30
0.0
 11
38.6643613236814332
 21
2.9773727052197163
 31
0.0
  0
LINE
  5
316
100
AcDbEntity
  8
Window Trim
 62
256
370
100
 48
1.0
  6
BYLAYER
100
AcDbLine
 10
-15.7517499116871438
 20
3.124403456094754
 30
0.0
 11
-15.7517499116871367
 21
2.9773727052197252
 31
0.0
  0
LINE
  5
317
100
AcDbEntity
  8
Window Trim
 62
256
370
100
 48
1.0
  6
BYLAYER
100
AcDbLine
 10
38.6643613236814332
 20
2.9773727052197163
 30
0.0
 11
38.6643613236814332
 21
2.8670996420634314
 31
0.0
  0
LINE
  5
318
100
AcDbEntity
  8
Window Trim
 62
256
370
100
 48
1.0
  6
BYLAYER
100
AcDbLine
 10
-15.7517499116871367
 20
2.9773727052197252
 30
0.0
 11
-15.7517499116871438
 21
2.8670996420634225
 31
0.0
  0
LINE
  5
319
100
AcDbEntity
  8
Window Trim
 62
256
370
100
 48
1.0
  6
BYLAYER
100
AcDbLine
 10
38.6643613236814332
 20
2.8670996420634314
 30
0.0
 11
38.6643613236814332
 21
2.830341954344668
 31
0.0
  0
LINE
  5
31A
100
AcDbEntity
  8
Window Trim
 62
256
370
100
 48
1.0
  6
BYLAYER
100
AcDbLine
 10
-15.7517499116871438
 20
2.8670996420634225
 30
0.0
 11
-15.7517499116871438
 21
2.830341954344668
 31
0.0
  0
LINE
  5
31B
100
AcDbEntity
  8
Window Trim
 62
256
370
100
 48
1.0
  6
BYLAYER
100
AcDbLine
 10
38.6643613236814332
 20
2.830341954344668
 30
0.0
 11
38.6643613236814332
 21
2.7568265789071447
 31
0.0
  0
LINE
  5
31C
100
AcDbEntity
  8
Window Trim
 62
256
370
100
 48
1.0
  6
BYLAYER
100
AcDbLine
 10
-15.7517499116871438
 20
2.830341954344668
 30
0.0
 11
-15.7517499116871438
 21
2.7568265789071518
 31
0.0
  0
LINE
  5
31D
100
AcDbEntity
  8
Window Trim
 62
256
370
100
 48
1.0
  6
BYLAYER
100
AcDbLine
 10
38.6643613236814332
 20
2.7568265789071447
 30
0.0
 11
38.6643613236814332
 21
2.720068891188383
 31
0.0
  0
LINE
  5
31E
100
AcDbEntity
  8
Window Trim
 62
256
370
100
 48
1.0
  6
BYLAYER
100
AcDbLine
 10
-15.7517499116871438
 20
2.7568265789071518
 30
0.0
 11
-15.7517499116871402
 21
2.7200688911883866
 31
0.0
  0
LINE
  5
31F
100
AcDbEntity
  8
Window Trim
 62
256
370
100
 48
1.0
  6
BYLAYER
100
AcDbLine
 10
38.6643613236814332
 20
2.720068891188383
 30
0.0
 11
38.6643613236814332
 21
2.5730381403133347
 31
0.0
  0
LINE
  5
320
100
AcDbEntity
  8
Window Trim
 62
256
370
100
 48
1.0
  6
BYLAYER
100
AcDbLine
 10
-15.7517499116871402
 20
2.7200688911883866
 30
0.0
 11
-15.7517499116871473
 21
2.5730381403133329
 31
0.0
  0
LINE
  5
321
100
AcDbEntity
  8
Window Trim
 62
256
370
100
 48
1.0
  6
BYLAYER
100
AcDbLine
 10
38.6643613236814332
 20
2.5730381403133347
 30
0.0
 11
38.6643613236814332
 21
2.4627650771570497
 31
0.0
  0
LINE
  5
322
100
AcDbEntity
  8
Window Trim
 62
256
370
100
 48
1.0
  6
BYLAYER
100
AcDbLine
 10
-15.7517499116871473
 20
2.5730381403133329
 30
0.0
 11
-15.7517499116871402
 21
2.4627650771570515
 31
0.0
  0
LINE
  5
323
100
AcDbEntity
  8
Window Trim
 62
256
370
100
 48
1.0
  6
BYLAYER
100
AcDbLine
 10
38.6643613236814332
 20
2.4627650771570497
 30
0.0
 11
38.6643613236814332
 21
2.3892497017195264
 31
0.0
  0
LINE
  5
324
100
AcDbEntity
  8
Window Trim
 62
256
370
100
 48
1.0
  6
BYLAYER
100
AcDbLine
 10
-15.7517499116871402
 20
2.4627650771570515
 30
0.0
 11
-15.7517499116871438
 21
2.3892497017195247
 31
0.0
  0
LINE
  5
325
100
AcDbEntity
  8
Window Trim
 62
256
370
100
 48
1.0
  6
BYLAYER
100
AcDbLine
 10
38.6643613236814332
 20
2.3892497017195264
 30
0.0
 11
38.6643613236814332
 21
2.3157343262820014
 31
0.0
  0
LINE
  5
326
100
AcDbEntity
  8
Window Trim
 62
256
370
100
 48
1.0
  6
BYLAYER
100
AcDbLine
 10
-15.7517499116871438
 20
2.3892497017195247
 30
0.0
 11
-15.7517499116871402
 21
2.3157343262820049
 31
0.0
  0
LINE
  5
327
100
AcDbEntity
  8
Window Trim
 62
256
370
100
 48
1.0
  6
BYLAYER
100
AcDbLine
 10
38.6643613236814332
 20
2.3157343262820014
 30
0.0
 11
38.6643613236814332
 21
2.0951881999694297
 31
0.0
  0
LINE
  5
328
100
AcDbEntity
  8
Window Trim
 62
256
370
100
 48
1.0
  6
BYLAYER
100
AcDbLine
 10
-15.7517499116871402
 20
2.3157343262820049
 30
0.0
 11
-15.7517499116871473
 21
2.0951881999694173
 31
0.0
  0
LINE
  5
329
100
AcDbEntity
  8
Window Trim
 62
256
370
100
 48
1.0
  6
BYLAYER
100
AcDbLine
 10
38.6643613236814332
 20
2.0951881999694297
 30
0.0
 11
38.6643613236814332
 21
1.9849151368131448
 31
0.0
  0
LINE
  5
32A
100
AcDbEntity
  8
Window Trim
 62
256
370
100
 48
1.0
  6
BYLAYER
100
AcDbLine
 10
-15.7517499116871473
 20
2.0951881999694173
 30
0.0
 11
-15.7517499116871402
 21
1.9849151368131466
 31
0.0
  0
LINE
  5
32B
100
AcDbEntity
  8
Window Trim
 62
256
370
100
 48
1.0
  6
BYLAYER
100
AcDbLine
 10
38.6643613236814332
 20
1.9849151368131448
 30
0.0
 11
38.6276036359626715
 21
1.4703075087504764
 31
0.0
  0
LINE
  5
32C
100
AcDbEntity
  8
Window Trim
 62
256
370
100
 48
1.0
  6
BYLAYER
100
AcDbLine
 10
-15.7517499116871402
 20
1.9849151368131466
 30
0.0
 11
-15.7149922239683786
 21
1.47030750875048
 31
0.0
  0
LINE
  5
32D
100
AcDbEntity
  8
Window Trim
 62
256
370
100
 48
1.0
  6
BYLAYER
100
AcDbLine
 10
38.6276036359626715
 20
1.4703075087504764
 30
0.0
 11
38.6276036359626715
 21
1.2497613824379048
 31
0.0
  0
LINE
  5
32E
100
AcDbEntity
  8
Window Trim
 62
256
370
100
 48
1.0
  6
BYLAYER
100
AcDbLine
 10
-15.7149922239683786
 20
1.47030750875048
 30
0.0
 11
-15.7149922239683786
 21
1.2497613824379172
 31
0.0
  0
LINE
  5
32F
100
AcDbEntity
  8
Window Trim
 62
256
370
100
 48
1.0
  6
BYLAYER
100
AcDbLine
 10
38.6276036359626715
 20
1.2497613824379048
 30
0.0
 11
38.6276036359626715
 21
0.8454268175315249
 31
0.0
  0
LINE
  5
330
100
AcDbEntity
  8
Window Trim
 62
256
370
100
 48
1.0
  6
BYLAYER
100
AcDbLine
 10
-15.7149922239683786
 20
1.2497613824379172
 30
0.0
 11
-15.7149922239683821
 21
0.8454268175315267
 31
0.0
  0
LINE
  5
331
100
AcDbEntity
  8
Window Trim
 62
256
370
100
 48
1.0
  6
BYLAYER
100
AcDbLine
 10
38.6276036359626715
 20
0.8454268175315249
 30
0.0
 11
38.6276036359626715
 21
0.7351537543752382
 31
0.0
  0
LINE
  5
332
100
AcDbEntity
  8
Window Trim
 62
256
370
100
 48
1.0
  6
BYLAYER
100
AcDbLine
 10
-15.7149922239683821
 20
0.8454268175315267
 30
0.0
 11
-15.7149922239683786
 21
0.7351537543752471
 31
0.0
  0
LINE
  5
333
100
AcDbEntity
  8
Window Trim
 62
256
370
100
 48
1.0
  6
BYLAYER
100
AcDbLine
 10
38.6276036359626715
 20
0.7351537543752382
 30
0.0
 11
38.6276036359626715
 21
0.5146076280626666
 31
0.0
  0
LINE
  5
334
100
AcDbEntity
  8
Window Trim
 62
256
370
100
 48
1.0
  6
BYLAYER
100
AcDbLine
 10
-15.7149922239683786
 20
0.7351537543752471
 30
0.0
 11
-15.714992223968375
 21
0.5146076280626808
 31
0.0
  0
LINE
  5
335
100
AcDbEntity
  8
Window Trim
 62
256
370
100
 48
1.0
  6
BYLAYER
100
AcDbLine
 10
38.6276036359626715
 20
0.5146076280626666
 30
0.0
 11
38.6276036359626715
 21
0.4043345649063816
 31
0.0
  0
LINE
  5
336
100
AcDbEntity
  8
Window Trim
 62
256
370
100
 48
1.0
  6
BYLAYER
100
AcDbLine
 10
-15.714992223968375
 20
0.5146076280626808
 30
0.0
 11
-15.714992223968375
 21
0.4043345649063941
 31
0.0
  0
LINE
  5
337
100
AcDbEntity
  8
Window Trim
 62
256
370
100
 48
1.0
  6
BYLAYER
100
AcDbLine
 10
38.6276036359626715
 20
0.4043345649063816
 30
0.0
 11
38.5908459482439099
 21
0.0
 31
0.0
  0
LINE
  5
338
100
AcDbEntity
  8
Window Trim
 62
256
370
100
 48
1.0
  6
BYLAYER
100
AcDbLine
 10
-15.714992223968375
 20
0.4043345649063941
 30
0.0
 11
-15.6782345362496169
 21
0.0000000000000036
 31
0.0
  0
LINE
  5
339
100
AcDbEntity
  8
Window Trim
 62
256
370
100
 48
1.0
  6
BYLAYER
100
AcDbLine
 10
38.5908459482439099
 20
0.0
 30
0.0
 11
38.5908459482439099
 21
-0.0367576877187616
 31
0.0
  0
LINE
  5
33A
100
AcDbEntity
  8
Window Trim
 62
256
370
100
 48
1.0
  6
BYLAYER
100
AcDbLine
 10
-15.6782345362496169
 20
0.0000000000000036
 30
0.0
 11
-15.6782345362496205
 21
-0.0367576877187616
 31
0.0
  0
LINE
  5
33B
100
AcDbEntity
  8
Window Trim
 62
256
370
100
 48
1.0
  6
BYLAYER
100
AcDbLine
 10
38.5908459482439099
 20
-0.0367576877187616
 30
0.0
 11
38.5540882605251483
 21
-0.2573038140313333
 31
0.0
  0
LINE
  5
33C
100
AcDbEntity
  8
Window Trim
 62
256
370
100
 48
1.0
  6
BYLAYER
100
AcDbLine
 10
-15.6782345362496205
 20
-0.0367576877187616
 30
0.0
 11
-15.6414768485308517
 21
-0.2573038140313191
 31
0.0
  0
LINE
  5
33D
100
AcDbEntity
  8
Window Trim
 62
256
370
100
 48
1.0
  6
BYLAYER
100
AcDbLine
 10
38.5540882605251483
 20
-0.2573038140313333
 30
0.0
 11
38.5173305728063866
 21
-0.4043345649063816
 31
0.0
  0
LINE
  5
33E
100
AcDbEntity
  8
Window Trim
 62
256
370
100
 48
1.0
  6
BYLAYER
100
AcDbLine
 10
-15.6414768485308517
 20
-0.2573038140313191
 30
0.0
 11
-15.6047191608120936
 21
-0.4043345649063799
 31
0.0
  0
LINE
  5
33F
100
AcDbEntity
  8
Window Trim
 62
256
370
100
 48
1.0
  6
BYLAYER
100
AcDbLine
 10
38.5173305728063866
 20
-0.4043345649063816
 30
0.0
 11
38.480572885087625
 21
-0.7719114420940016
 31
0.0
  0
LINE
  5
340
100
AcDbEntity
  8
Window Trim
 62
256
370
100
 48
1.0
  6
BYLAYER
100
AcDbLine
 10
-15.6047191608120936
 20
-0.4043345649063799
 30
0.0
 11
-15.5679614730933356
 21
-0.7719114420940034
 31
0.0
  0
LINE
  5
341
100
AcDbEntity
  8
Window Trim
 62
256
370
100
 48
1.0
  6
BYLAYER
100
AcDbLine
 10
38.480572885087625
 20
-0.7719114420940016
 30
0.0
 11
38.4438151973688633
 21
-0.9556998806878099
 31
0.0
  0
LINE
  5
342
100
AcDbEntity
  8
Window Trim
 62
256
370
100
 48
1.0
  6
BYLAYER
100
AcDbLine
 10
-15.5679614730933356
 20
-0.7719114420940034
 30
0.0
 11
-15.5312037853745668
 21
-0.9556998806877939
 31
0.0
  0
LINE
  5
343
100
AcDbEntity
  8
Window Trim
 62
256
370
100
 48
1.0
  6
BYLAYER
100
AcDbLine
 10
38.4438151973688633
 20
-0.9556998806878099
 30
0.0
 11
38.4438151973688633
 21
-1.5438228841880015
 31
0.0
  0
LINE
  5
344
100
AcDbEntity
  8
Window Trim
 62
256
370
100
 48
1.0
  6
BYLAYER
100
AcDbLine
 10
-15.5312037853745668
 20
-0.9556998806877939
 30
0.0
 11
-15.5312037853745775
 21
-1.5438228841880033
 31
0.0
  0
LINE
  5
345
100
AcDbEntity
  8
Window Trim
 62
256
370
100
 48
1.0
  6
BYLAYER
100
AcDbLine
 10
38.4438151973688633
 20
-1.5438228841880015
 30
0.0
 11
38.4438151973688633
 21
-1.9113997613756197
 31
0.0
  0
LINE
  5
346
100
AcDbEntity
  8
Window Trim
 62
256
370
100
 48
1.0
  6
BYLAYER
100
AcDbLine
 10
-15.5312037853745775
 20
-1.5438228841880033
 30
0.0
 11
-15.5312037853745739
 21
-1.9113997613756215
 31
0.0
  0
LINE
  5
347
100
AcDbEntity
  8
Window Trim
 62
256
370
100
 48
1.0
  6
BYLAYER
100
AcDbLine
 10
38.4438151973688633
 20
-1.9113997613756197
 30
0.0
 11
38.4438151973688633
 21
-2.1319458876881932
 31
0.0
  0
LINE
  5
348
100
AcDbEntity
  8
Window Trim
 62
256
370
100
 48
1.0
  6
BYLAYER
100
AcDbLine
 10
-15.5312037853745739
 20
-1.9113997613756215
 30
0.0
 11
-15.5312037853745668
 21
-2.1319458876881825
 31
0.0
  0
LINE
  5
349
100
AcDbEntity
  8
Window Trim
 62
256
370
100
 48
1.0
  6
BYLAYER
100
AcDbLine
 10
38.4438151973688633
 20
-2.1319458876881932
 30
0.0
 11
38.4438151973688633
 21
-2.3892497017195247
 31
0.0
  0
LINE
  5
34A
100
AcDbEntity
  8
Window Trim
 62
256
370
100
 48
1.0
  6
BYLAYER
100
AcDbLine
 10
-15.5312037853745668
 20
-2.1319458876881825
 30
0.0
 11
-15.5312037853745739
 21
-2.3892497017195264
 31
0.0
  0
LINE
  5
34B
100
AcDbEntity
  8
Window Trim
 62
256
370
100
 48
1.0
  6
BYLAYER
100
AcDbLine
 10
38.4438151973688633
 20
-2.3892497017195247
 30
0.0
 11
38.4070575096501017
 21
-2.6465535157508597
 31
0.0
  0
LINE
  5
34C
100
AcDbEntity
  8
Window Trim
 62
256
370
100
 48
1.0
  6
BYLAYER
100
AcDbLine
 10
-15.5312037853745739
 20
-2.3892497017195264
 30
0.0
 11
-15.4944460976558158
 21
-2.6465535157508722
 31
0.0
  0
LINE
  5
34D
100
AcDbEntity
  8
Window Trim
 62
256
370
100
 48
1.0
  6
BYLAYER
100
AcDbLine
 10
38.4070575096501017
 20
-2.6465535157508597
 30
0.0
 11
38.4070575096501017
 21
-2.7935842666259063
 31
0.0
  0
LINE
  5
34E
100
AcDbEntity
  8
Window Trim
 62
256
370
100
 48
1.0
  6
BYLAYER
100
AcDbLine
 10
-15.4944460976558158
 20
-2.6465535157508722
 30
0.0
 11
-15.4944460976558123
 21
-2.7935842666259116
 31
0.0
  0
LINE
  5
34F
100
AcDbEntity
  8
Window Trim
 62
256
370
100
 48
1.0
  6
BYLAYER
100
AcDbLine
 10
38.4070575096501017
 20
-2.7935842666259063
 30
0.0
 11
38.4070575096501017
 21
-3.0508880806572414
 31
0.0
  0
LINE
  5
350
100
AcDbEntity
  8
Window Trim
 62
256
370
100
 48
1.0
  6
BYLAYER
100
AcDbLine
 10
-15.4944460976558123
 20
-2.7935842666259116
 30
0.0
 11
-15.4944460976558087
 21
-3.050888080657236
 31
0.0
  0
LINE
  5
351
100
AcDbEntity
  8
Window Trim
 62
256
370
100
 48
1.0
  6
BYLAYER
100
AcDbLine
 10
38.4070575096501017
 20
-3.0508880806572414
 30
0.0
 11
38.4438151973688633
 21
-3.3817072701260997
 31
0.0
  0
LINE
  5
352
100
AcDbEntity
  8
Window Trim
 62
256
370
100
 48
1.0
  6
BYLAYER
100
AcDbLine
 10
-15.4944460976558087
 20
-3.050888080657236
 30
0.0
 11
-15.5312037853745704
 21
-3.3817072701260997
 31
0.0
  0
LINE
  5
353
100
AcDbEntity
  8
Window Trim
 62
256
370
100
 48
1.0
  6
BYLAYER
100
AcDbLine
 10
38.4438151973688633
 20
-3.3817072701260997
 30
0.0
 11
38.4438151973688633
 21
-3.7492841473137162
 31
0.0
  0
LINE
  5
354
100
AcDbEntity
  8
Window Trim
 62
256
370
100
 48
1.0
  6
BYLAYER
100
AcDbLine
 10
-15.5312037853745704
 20
-3.3817072701260997
 30
0.0
 11
-15.5312037853745704
 21
-3.7492841473137162
 31
0.0
  0
LINE
  5
355
100
AcDbEntity
  8
Window Trim
 62
256
370
100
 48
1.0
  6
BYLAYER
100
AcDbLine
 10
38.4438151973688633
 20
-3.7492841473137162
 30
0.0
 11
38.4438151973688633
 21
-3.822799522751243
 31
0.0
  0
LINE
  5
356
100
AcDbEntity
  8
Window Trim
 62
256
370
100
 48
1.0
  6
BYLAYER
100
AcDbLine
 10
-15.5312037853745704
 20
-3.7492841473137162
 30
0.0
 11
-15.5312037853745739
 21
-3.8227995227512377
 31
0.0
  0
LINE
  5
357
100
AcDbEntity
  8
Window Trim
 62
256
370
100
 48
1.0
  6
BYLAYER
100
AcDbLine
 10
38.4438151973688633
 20
-3.822799522751243
 30
0.0
 11
38.480572885087625
 21
-3.9698302736262896
 31
0.0
  0
LINE
  5
358
100
AcDbEntity
  8
Window Trim
 62
256
370
100
 48
1.0
  6
BYLAYER
100
AcDbLine
 10
-15.5312037853745739
 20
-3.8227995227512377
 30
0.0
 11
-15.5679614730933356
 21
-3.9698302736262931
 31
0.0
  0
LINE
  5
359
100
AcDbEntity
  8
Window Trim
 62
256
370
100
 48
1.0
  6
BYLAYER
100
AcDbLine
 10
38.480572885087625
 20
-3.9698302736262896
 30
0.0
 11
38.480572885087625
 21
-4.0065879613450512
 31
0.0
  0
LINE
  5
35A
100
AcDbEntity
  8
Window Trim
 62
256
370
100
 48
1.0
  6
BYLAYER
100
AcDbLine
 10
-15.5679614730933356
 20
-3.9698302736262931
 30
0.0
 11
-15.567961473093332
 21
-4.0065879613450424
 31
0.0
  0
LINE
  5
35B
100
AcDbEntity
  8
Window Trim
 62
256
370
100
 48
1.0
  6
BYLAYER
100
AcDbLine
 10
38.480572885087625
 20
-4.0065879613450512
 30
0.0
 11
38.480572885087625
 21
-4.1168610245013362
 31
0.0
  0
LINE
  5
35C
100
AcDbEntity
  8
Window Trim
 62
256
370
100
 48
1.0
  6
BYLAYER
100
AcDbLine
 10
-15.567961473093332
 20
-4.0065879613450424
 30
0.0
 11
-15.567961473093332
 21
-4.116861024501322
 31
0.0
  0
LINE
  5
35D
100
AcDbEntity
  8
Window Trim
 62
256
370
100
 48
1.0
  6
BYLAYER
100
AcDbLine
 10
38.480572885087625
 20
-4.1168610245013362
 30
0.0
 11
38.480572885087625
 21
-4.1903763999388595
 31
0.0
  0
LINE
  5
35E
100
AcDbEntity
  8
Window Trim
 62
256
370
100
 48
1.0
  6
BYLAYER
100
AcDbLine
 10
-15.567961473093332
 20
-4.116861024501322
 30
0.0
 11
-15.5679614730933356
 21
-4.1903763999388595
 31
0.0
  0
LINE
  5
35F
100
AcDbEntity
  8
Window Trim
 62
256
370
100
 48
1.0
  6
BYLAYER
100
AcDbLine
 10
38.480572885087625
 20
-4.1903763999388595
 30
0.0
 11
38.480572885087625
 21
-4.2638917753763863
 31
0.0
  0
LINE
  5
360
100
AcDbEntity
  8
Window Trim
 62
256
370
100
 48
1.0
  6
BYLAYER
100
AcDbLine
 10
-15.5679614730933356
 20
-4.1903763999388595
 30
0.0
 11
-15.5679614730933356
 21
-4.2638917753763899
 31
0.0
  0
LINE
  5
361
100
AcDbEntity
  8
Window Trim
 62
256
370
100
 48
1.0
  6
BYLAYER
100
AcDbLine
 10
38.480572885087625
 20
-4.2638917753763863
 30
0.0
 11
38.5173305728063866
 21
-4.4476802139701945
 31
0.0
  0
LINE
  5
362
100
AcDbEntity
  8
Window Trim
 62
256
370
100
 48
1.0
  6
BYLAYER
100
AcDbLine
 10
-15.5679614730933356
 20
-4.2638917753763899
 30
0.0
 11
-15.6047191608120936
 21
-4.4476802139701874
 31
0.0
  0
LINE
  5
363
100
AcDbEntity
  8
Window Trim
 62
256
370
100
 48
1.0
  6
BYLAYER
100
AcDbLine
 10
38.5173305728063866
 20
-4.4476802139701945
 30
0.0
 11
38.5173305728063866
 21
-4.5211955894077178
 31
0.0
  0
LINE
  5
364
100
AcDbEntity
  8
Window Trim
 62
256
370
100
 48
1.0
  6
BYLAYER
100
AcDbLine
 10
-15.6047191608120936
 20
-4.4476802139701874
 30
0.0
 11
-15.6047191608120972
 21
-4.521195589407716
 31
0.0
  0
LINE
  5
365
100
AcDbEntity
  8
Window Trim
 62
256
370
100
 48
1.0
  6
BYLAYER
100
AcDbLine
 10
38.5173305728063866
 20
-4.5211955894077178
 30
0.0
 11
38.5173305728063866
 21
-4.5579532771264795
 31
0.0
  0
LINE
  5
366
100
AcDbEntity
  8
Window Trim
 62
256
370
100
 48
1.0
  6
BYLAYER
100
AcDbLine
 10
-15.6047191608120972
 20
-4.521195589407716
 30
0.0
 11
-15.6047191608120936
 21
-4.5579532771264706
 31
0.0
  0
LINE
  5
367
100
AcDbEntity
  8
Window Trim
 62
256
370
100
 48
1.0
  6
BYLAYER
100
AcDbLine
 10
38.5173305728063866
 20
-4.5579532771264795
 30
0.0
 11
38.5540882605251483
 21
-4.6314686525640028
 31
0.0
  0
LINE
  5
368
100
AcDbEntity
  8
Window Trim
 62
256
370
100
 48
1.0
  6
BYLAYER
100
AcDbLine
 10
-15.6047191608120936
 20
-4.5579532771264706
 30
0.0
 11
-15.6414768485308553
 21
-4.6314686525639903
 31
0.0
  0
LINE
  5
369
100
AcDbEntity
  8
Window Trim
 62
256
370
100
 48
1.0
  6
BYLAYER
100
AcDbLine
 10
38.5540882605251483
 20
-4.6314686525640028
 30
0.0
 11
38.5908459482439099
 21
-4.6682263402827644
 31
0.0
  0
LINE
  5
36A
100
AcDbEntity
  8
Window Trim
 62
256
370
100
 48
1.0
  6
BYLAYER
100
AcDbLine
 10
-15.6414768485308553
 20
-4.6314686525639903
 30
0.0
 11
-15.6782345362496169
 21
-4.6682263402827573
 31
0.0
  0
LINE
  5
36B
100
AcDbEntity
  8
Window Trim
 62
256
370
100
 48
1.0
  6
BYLAYER
100
AcDbLine
 10
38.5908459482439099
 20
-4.6682263402827644
 30
0.0
 11
38.5908459482439099
 21
-4.7049840280015296
 31
0.0
  0
LINE
  5
36C
100
AcDbEntity
  8
Window Trim
 62
256
370
100
 48
1.0
  6
BYLAYER
100
AcDbLine
 10
-15.6782345362496169
 20
-4.6682263402827573
 30
0.0
 11
-15.6782345362496169
 21
-4.7049840280015243
 31
0.0
  0
LINE
  5
36D
100
AcDbEntity
  8
Window Trim
 62
256
370
100
 48
1.0
  6
BYLAYER
100
AcDbLine
 10
38.5540882605251483
 20
-4.7049840280015278
 30
0.0
 11
38.5540882605251483
 21
-4.7784994034390511
 31
0.0
  0
LINE
  5
36E
100
AcDbEntity
  8
Window Trim
 62
256
370
100
 48
1.0
  6
BYLAYER
100
AcDbLine
 10
-15.6414768485308588
 20
-4.7049840280015314
 30
0.0
 11
-15.6414768485308553
 21
-4.7784994034390476
 31
0.0
  0
LINE
  5
36F
100
AcDbEntity
  8
Window Trim
 62
256
370
100
 48
1.0
  6
BYLAYER
100
AcDbLine
 10
38.5540882605251483
 20
-4.7784994034390511
 30
0.0
 11
38.5540882605251483
 21
-4.8152570911578145
 31
0.0
  0
LINE
  5
370
100
AcDbEntity
  8
Window Trim
 62
256
370
100
 48
1.0
  6
BYLAYER
100
AcDbLine
 10
-15.6414768485308553
 20
-4.7784994034390476
 30
0.0
 11
-15.6414768485308553
 21
-4.8152570911578056
 31
0.0
  0
LINE
  5
371
100
AcDbEntity
  8
Window Trim
 62
256
370
100
 48
1.0
  6
BYLAYER
100
AcDbLine
 10
38.5540882605251483
 20
-4.8152570911578145
 30
0.0
 11
38.5908459482439099
 21
-4.9255301543140995
 31
0.0
  0
LINE
  5
372
100
AcDbEntity
  8
Window Trim
 62
256
370
100
 48
1.0
  6
BYLAYER
100
AcDbLine
 10
-15.6414768485308553
 20
-4.8152570911578056
 30
0.0
 11
-15.6782345362496169
 21
-4.9255301543140924
 31
0.0
  0
LINE
  5
373
100
AcDbEntity
  8
Window Trim
 62
256
370
100
 48
1.0
  6
BYLAYER
100
AcDbLine
 10
38.5908459482439099
 20
-4.9255301543140995
 30
0.0
 11
38.6276036359626715
 21
-4.9255301543140995
 31
0.0
  0
LINE
  5
374
100
AcDbEntity
  8
Window Trim
 62
256
370
100
 48
1.0
  6
BYLAYER
100
AcDbLine
 10
-15.6782345362496169
 20
-4.9255301543140924
 30
0.0
 11
-15.7149922239683786
 21
-4.9255301543140995
 31
0.0
  0
LINE
  5
375
100
AcDbEntity
  8
Window Trim
 62
256
370
100
 48
1.0
  6
BYLAYER
100
AcDbLine
 10
38.6276036359626715
 20
-4.9255301543140995
 30
0.0
 11
38.6643613236814332
 21
-4.9990455297516245
 31
0.0
  0
LINE
  5
376
100
AcDbEntity
  8
Window Trim
 62
256
370
100
 48
1.0
  6
BYLAYER
100
AcDbLine
 10
-15.7149922239683786
 20
-4.9255301543140995
 30
0.0
 11
-15.7517499116871438
 21
-4.9990455297516316
 31
0.0
  0
LINE
  5
377
100
AcDbEntity
  8
Window Trim
 62
256
370
100
 48
1.0
  6
BYLAYER
100
AcDbLine
 10
38.6643613236814332
 20
-4.9990455297516245
 30
0.0
 11
38.6643613236814332
 21
-5.0358032174703862
 31
0.0
  0
LINE
  5
378
100
AcDbEntity
  8
Window Trim
 62
256
370
100
 48
1.0
  6
BYLAYER
100
AcDbLine
 10
-15.7517499116871438
 20
-4.9990455297516316
 30
0.0
 11
-15.7517499116871438
 21
-5.0358032174703791
 31
0.0
  0
LINE
  5
379
100
AcDbEntity
  8
Window Trim
 62
256
370
100
 48
1.0
  6
BYLAYER
100
AcDbLine
 10
38.6643613236814332
 20
-5.0358032174703862
 30
0.0
 11
38.6643613236814332
 21
-5.0725609051891478
 31
0.0
  0
LINE
  5
37A
100
AcDbEntity
  8
Window Trim
 62
256
370
100
 48
1.0
  6
BYLAYER
100
AcDbLine
 10
-15.7517499116871438
 20
-5.0358032174703791
 30
0.0
 11
-15.7517499116871438
 21
-5.072560905189146
 31
0.0
  0
LINE
  5
37B
100
AcDbEntity
  8
Window Trim
 62
256
370
100
 48
1.0
  6
BYLAYER
100
AcDbLine
 10
38.6643613236814332
 20
-5.0725609051891478
 30
0.0
 11
38.7378766991189565
 21
-5.1093185929079095
 31
0.0
  0
LINE
  5
37C
100
AcDbEntity
  8
Window Trim
 62
256
370
100
 48
1.0
  6
BYLAYER
100
AcDbLine
 10
-15.7517499116871438
 20
-5.072560905189146
 30
0.0
 11
-15.8252652871246671
 21
-5.1093185929079148
 31
0.0
  0
LINE
  5
37D
100
AcDbEntity
  8
Window Trim
 62
256
370
100
 48
1.0
  6
BYLAYER
100
AcDbLine
 10
38.7378766991189565
 20
-5.1093185929079095
 30
0.0
 11
38.7746343868377181
 21
-5.1460762806266711
 31
0.0
  0
LINE
  5
37E
100
AcDbEntity
  8
Window Trim
 62
256
370
100
 48
1.0
  6
BYLAYER
100
AcDbLine
 10
-15.8252652871246671
 20
-5.1093185929079148
 30
0.0
 11
-15.8620229748434323
 21
-5.1460762806266747
 31
0.0
  0
LINE
  5
37F
100
AcDbEntity
  8
Window Trim
 62
256
370
100
 48
1.0
  6
BYLAYER
100
AcDbLine
 10
38.7746343868377181
 20
-5.1460762806266711
 30
0.0
 11
38.7746343868377181
 21
-5.1828339683454328
 31
0.0
  0
LINE
  5
380
100
AcDbEntity
  8
Window Trim
 62
256
370
100
 48
1.0
  6
BYLAYER
100
AcDbLine
 10
-15.8620229748434323
 20
-5.1460762806266747
 30
0.0
 11
-15.8620229748434252
 21
-5.1828339683454185
 31
0.0
  0
LINE
  5
381
100
AcDbEntity
  8
Window Trim
 62
256
370
100
 48
1.0
  6
BYLAYER
100
AcDbLine
 10
38.7746343868377181
 20
-5.1828339683454328
 30
0.0
 11
38.7746343868377181
 21
-5.2563493437829578
 31
0.0
  0
LINE
  5
382
100
AcDbEntity
  8
Window Trim
 62
256
370
100
 48
1.0
  6
BYLAYER
100
AcDbLine
 10
-15.8620229748434252
 20
-5.1828339683454185
 30
0.0
 11
-15.8620229748434252
 21
-5.2563493437829489
 31
0.0
  0
LINE
  5
383
100
AcDbEntity
  8
Window Trim
 62
256
370
100
 48
1.0
  6
BYLAYER
100
AcDbLine
 10
38.7746343868377181
 20
-5.2563493437829578
 30
0.0
 11
38.7746343868377181
 21
-5.2931070315017195
 31
0.0
  0
LINE
  5
384
100
AcDbEntity
  8
Window Trim
 62
256
370
100
 48
1.0
  6
BYLAYER
100
AcDbLine
 10
-15.8620229748434252
 20
-5.2563493437829489
 30
0.0
 11
-15.8620229748434252
 21
-5.2931070315017141
 31
0.0
  0
LINE
  5
385
100
AcDbEntity
  8
Window Trim
 62
256
370
100
 48
1.0
  6
BYLAYER
100
AcDbLine
 10
38.7746343868377181
 20
-5.2931070315017195
 30
0.0
 11
38.8113920745564798
 21
-5.3666224069392428
 31
0.0
  0
LINE
  5
386
100
AcDbEntity
  8
Window Trim
 62
256
370
100
 48
1.0
  6
BYLAYER
100
AcDbLine
 10
-15.8620229748434252
 20
-5.2931070315017141
 30
0.0
 11
-15.8987806625621904
 21
-5.3666224069392499
 31
0.0
  0
LINE
  5
387
100
AcDbEntity
  8
Window Trim
 62
256
370
100
 48
1.0
  6
BYLAYER
100
AcDbLine
 10
38.8113920745564798
 20
-5.3666224069392428
 30
0.0
 11
38.8113920745564798
 21
-5.4033800946580044
 31
0.0
  0
LINE
  5
388
100
AcDbEntity
  8
Window Trim
 62
256
370
100
 48
1.0
  6
BYLAYER
100
AcDbLine
 10
-15.8987806625621904
 20
-5.3666224069392499
 30
0.0
 11
-15.8987806625621904
 21
-5.4033800946579973
 31
0.0
  0
LINE
  5
389
100
AcDbEntity
  8
Window Trim
 62
256
370
100
 48
1.0
  6
BYLAYER
100
AcDbLine
 10
38.8113920745564798
 20
-5.4033800946580044
 30
0.0
 11
38.8113920745564798
 21
-5.5136531578142911
 31
0.0
  0
LINE
  5
38A
100
AcDbEntity
  8
Window Trim
 62
256
370
100
 48
1.0
  6
BYLAYER
100
AcDbLine
 10
-15.8987806625621904
 20
-5.4033800946579973
 30
0.0
 11
-15.8987806625621868
 21
-5.5136531578142822
 31
0.0
  0
LINE
  5
38B
100
AcDbEntity
  8
Window Trim
 62
256
370
100
 48
1.0
  6
BYLAYER
100
AcDbLine
 10
38.8113920745564798
 20
-5.5136531578142911
 30
0.0
 11
38.8113920745564798
 21
-5.5504108455330528
 31
0.0
  0
LINE
  5
38C
100
AcDbEntity
  8
Window Trim
 62
256
370
100
 48
1.0
  6
BYLAYER
100
AcDbLine
 10
-15.8987806625621868
 20
-5.5136531578142822
 30
0.0
 11
-15.8987806625621868
 21
-5.5504108455330545
 31
0.0
  0
LINE
  5
38D
100
AcDbEntity
  8
Window Trim
 62
256
370
100
 48
1.0
  6
BYLAYER
100
AcDbLine
 10
38.8113920745564798
 20
-5.5504108455330528
 30
0.0
 11
38.8113920745564798
 21
-5.623926220970576
 31
0.0
  0
LINE
  5
38E
100
AcDbEntity
  8
Window Trim
 62
256
370
100
 48
1.0
  6
BYLAYER
100
AcDbLine
 10
-15.8987806625621868
 20
-5.5504108455330545
 30
0.0
 11
-15.8987806625621904
 21
-5.6239262209705707
 31
0.0
  0
LINE
  5
38F
100
AcDbEntity
  8
Window Trim
 62
256
370
100
 48
1.0
  6
BYLAYER
100
AcDbLine
 10
38.8113920745564798
 20
-5.623926220970576
 30
0.0
 11
38.8113920745564798
 21
-5.6606839086893395
 31
0.0
  0
LINE
  5
390
100
AcDbEntity
  8
Window Trim
 62
256
370
100
 48
1.0
  6
BYLAYER
100
AcDbLine
 10
-15.8987806625621904
 20
-5.6239262209705707
 30
0.0
 11
-15.8987806625621904
 21
-5.6606839086893412
 31
0.0
  0
LINE
  5
391
100
AcDbEntity
  8
Window Trim
 62
256
370
100
 48
1.0
  6
BYLAYER
100
AcDbLine
 10
38.8113920745564798
 20
-5.6606839086893395
 30
0.0
 11
38.8113920745564798
 21
-5.7341992841268628
 31
0.0
  0
LINE
  5
392
100
AcDbEntity
  8
Window Trim
 62
256
370
100
 48
1.0
  6
BYLAYER
100
AcDbLine
 10
-15.8987806625621904
 20
-5.6606839086893412
 30
0.0
 11
-15.8987806625621904
 21
-5.734199284126861
 31
0.0
  0
LINE
  5
393
100
AcDbEntity
  8
Window Trim
 62
256
370
100
 48
1.0
  6
BYLAYER
100
AcDbLine
 10
38.8113920745564798
 20
-5.7341992841268628
 30
0.0
 11
38.8113920745564798
 21
-5.7709569718456244
 31
0.0
  0
LINE
  5
394
100
AcDbEntity
  8
Window Trim
 62
256
370
100
 48
1.0
  6
BYLAYER
100
AcDbLine
 10
-15.8987806625621904
 20
-5.734199284126861
 30
0.0
 11
-15.8987806625621904
 21
-5.7709569718456262
 31
0.0
  0
LINE
  5
395
100
AcDbEntity
  8
Window Trim
 62
256
370
100
 48
1.0
  6
BYLAYER
100
AcDbLine
 10
38.8113920745564798
 20
-5.7709569718456244
 30
0.0
 11
38.8113920745564798
 21
-5.9179877227206727
 31
0.0
  0
LINE
  5
396
100
AcDbEntity
  8
Window Trim
 62
256
370
100
 48
1.0
  6
BYLAYER
100
AcDbLine
 10
-15.8987806625621904
 20
-5.7709569718456262
 30
0.0
 11
-15.8987806625621868
 21
-5.9179877227206568
 31
0.0
  0
LINE
  5
397
100
AcDbEntity
  8
Window Trim
 62
256
370
100
 48
1.0
  6
BYLAYER
100
AcDbLine
 10
38.8113920745564798
 20
-5.9179877227206727
 30
0.0
 11
38.8113920745564798
 21
-5.9547454104394344
 31
0.0
  0
LINE
  5
398
100
AcDbEntity
  8
Window Trim
 62
256
370
100
 48
1.0
  6
BYLAYER
100
AcDbLine
 10
-15.8987806625621868
 20
-5.9179877227206568
 30
0.0
 11
-15.8987806625621868
 21
-5.9547454104394291
 31
0.0
  0
LINE
  5
399
100
AcDbEntity
  8
Window Trim
 62
256
370
100
 48
1.0
  6
BYLAYER
100
AcDbLine
 10
38.8113920745564798
 20
-5.9547454104394344
 30
0.0
 11
38.8113920745564798
 21
-5.991503098158196
 31
0.0
  0
LINE
  5
39A
100
AcDbEntity
  8
Window Trim
 62
256
370
100
 48
1.0
  6
BYLAYER
100
AcDbLine
 10
-15.8987806625621868
 20
-5.9547454104394291
 30
0.0
 11
-15.8987806625621868
 21
-5.9915030981581907
 31
0.0
  0
LINE
  5
39B
100
AcDbEntity
  8
Window Trim
 62
256
370
100
 48
1.0
  6
BYLAYER
100
AcDbLine
 10
38.8113920745564798
 20
-5.991503098158196
 30
0.0
 11
38.8113920745564798
 21
-6.0650184735957193
 31
0.0
  0
LINE
  5
39C
100
AcDbEntity
  8
Window Trim
 62
256
370
100
 48
1.0
  6
BYLAYER
100
AcDbLine
 10
-15.8987806625621868
 20
-5.9915030981581907
 30
0.0
 11
-15.8987806625621904
 21
-6.0650184735957211
 31
0.0
  0
LINE
  5
39D
100
AcDbEntity
  8
Window Trim
 62
256
370
100
 48
1.0
  6
BYLAYER
100
AcDbLine
 10
38.8113920745564798
 20
-6.0650184735957193
 30
0.0
 11
38.7746343868377181
 21
-6.1385338490332444
 31
0.0
  0
LINE
  5
39E
100
AcDbEntity
  8
Window Trim
 62
256
370
100
 48
1.0
  6
BYLAYER
100
AcDbLine
 10
-15.8987806625621904
 20
-6.0650184735957211
 30
0.0
 11
-15.8620229748434287
 21
-6.1385338490332408
 31
0.0
  0
LINE
  5
39F
100
AcDbEntity
  8
Window Trim
 62
256
370
100
 48
1.0
  6
BYLAYER
100
AcDbLine
 10
38.7746343868377181
 20
-6.1385338490332444
 30
0.0
 11
38.7378766991189565
 21
-6.285564599908291
 31
0.0
  0
LINE
  5
3A0
100
AcDbEntity
  8
Window Trim
 62
256
370
100
 48
1.0
  6
BYLAYER
100
AcDbLine
 10
-15.8620229748434287
 20
-6.1385338490332408
 30
0.0
 11
-15.8252652871246671
 21
-6.2855645999082892
 31
0.0
  0
LINE
  5
3A1
100
AcDbEntity
  8
Window Trim
 62
256
370
100
 48
1.0
  6
BYLAYER
100
AcDbLine
 10
38.7378766991189565
 20
-6.285564599908291
 30
0.0
 11
38.7378766991189565
 21
-6.3223222876270526
 31
0.0
  0
LINE
  5
3A2
100
AcDbEntity
  8
Window Trim
 62
256
370
100
 48
1.0
  6
BYLAYER
100
AcDbLine
 10
-15.8252652871246671
 20
-6.2855645999082892
 30
0.0
 11
-15.8252652871246671
 21
-6.3223222876270633
 31
0.0
  0
LINE
  5
3A3
100
AcDbEntity
  8
Window Trim
 62
256
370
100
 48
1.0
  6
BYLAYER
100
AcDbLine
 10
38.7378766991189565
 20
-6.3223222876270526
 30
0.0
 11
38.7378766991189565
 21
-6.359079975345816
 31
0.0
  0
LINE
  5
3A4
100
AcDbEntity
  8
Window Trim
 62
256
370
100
 48
1.0
  6
BYLAYER
100
AcDbLine
 10
-15.8252652871246671
 20
-6.3223222876270633
 30
0.0
 11
-15.8252652871246635
 21
-6.3590799753458018
 31
0.0
  0
LINE
  5
3A5
100
AcDbEntity
  8
Window Trim
 62
256
370
100
 48
1.0
  6
BYLAYER
100
AcDbLine
 10
38.7378766991189565
 20
-6.359079975345816
 30
0.0
 11
38.6643613236814332
 21
-6.4325953507833393
 31
0.0
  0
LINE
  5
3A6
100
AcDbEntity
  8
Window Trim
 62
256
370
100
 48
1.0
  6
BYLAYER
100
AcDbLine
 10
-15.8252652871246635
 20
-6.3590799753458018
 30
0.0
 11
-15.7517499116871438
 21
-6.4325953507833376
 31
0.0
  0
LINE
  5
3A7
100
AcDbEntity
  8
Window Trim
 62
256
370
100
 48
1.0
  6
BYLAYER
100
AcDbLine
 10
38.6643613236814332
 20
-6.4325953507833393
 30
0.0
 11
38.6643613236814332
 21
-6.5428684139396243
 31
0.0
  0
LINE
  5
3A8
100
AcDbEntity
  8
Window Trim
 62
256
370
100
 48
1.0
  6
BYLAYER
100
AcDbLine
 10
-15.7517499116871438
 20
-6.4325953507833376
 30
0.0
 11
-15.7517499116871438
 21
-6.542868413939626
 31
0.0
  0
LINE
  5
3A9
100
AcDbEntity
  8
Window Trim
 62
256
370
100
 48
1.0
  6
BYLAYER
100
AcDbLine
 10
38.6643613236814332
 20
-6.5428684139396243
 30
0.0
 11
38.6276036359626715
 21
-6.7266568525334343
 31
0.0
  0
LINE
  5
3AA
100
AcDbEntity
  8
Window Trim
 62
256
370
100
 48
1.0
  6
BYLAYER
100
AcDbLine
 10
-15.7517499116871438
 20
-6.542868413939626
 30
0.0
 11
-15.7149922239683821
 21
-6.7266568525334325
 31
0.0
  0
LINE
  5
3AB
100
AcDbEntity
  8
Window Trim
 62
256
370
100
 48
1.0
  6
BYLAYER
100
AcDbLine
 10
38.6276036359626715
 20
-6.7266568525334343
 30
0.0
 11
38.5908459482439099
 21
-6.8736876034084826
 31
0.0
  0
LINE
  5
3AC
100
AcDbEntity
  8
Window Trim
 62
256
370
100
 48
1.0
  6
BYLAYER
100
AcDbLine
 10
-15.7149922239683821
 20
-6.7266568525334325
 30
0.0
 11
-15.6782345362496169
 21
-6.8736876034084791
 31
0.0
  0
LINE
  5
3AD
100
AcDbEntity
  8
Window Trim
 62
256
370
100
 48
1.0
  6
BYLAYER
100
AcDbLine
 10
38.5908459482439099
 20
-6.8736876034084826
 30
0.0
 11
38.5908459482439099
 21
-6.9104452911272443
 31
0.0
  0
LINE
  5
3AE
100
AcDbEntity
  8
Window Trim
 62
256
370
100
 48
1.0
  6
BYLAYER
100
AcDbLine
 10
-15.6782345362496169
 20
-6.8736876034084791
 30
0.0
 11
-15.6782345362496205
 21
-6.910445291127246
 31
0.0
  0
LINE
  5
3AF
100
AcDbEntity
  8
Window Trim
 62
256
370
100
 48
1.0
  6
BYLAYER
100
AcDbLine
 10
38.5908459482439099
 20
-6.9104452911272443
 30
0.0
 11
38.5908459482439099
 21
-6.9839606665647675
 31
0.0
  0
LINE
  5
3B0
100
AcDbEntity
  8
Window Trim
 62
256
370
100
 48
1.0
  6
BYLAYER
100
AcDbLine
 10
-15.6782345362496205
 20
-6.910445291127246
 30
0.0
 11
-15.6782345362496169
 21
-6.9839606665647622
 31
0.0
  0
LINE
  5
3B1
100
AcDbEntity
  8
Window Trim
 62
256
370
100
 48
1.0
  6
BYLAYER
100
AcDbLine
 10
38.5908459482439099
 20
-6.9839606665647675
 30
0.0
 11
38.5908459482439099
 21
-7.020718354283531
 31
0.0
  0
LINE
  5
3B2
100
AcDbEntity
  8
Window Trim
 62
256
370
100
 48
1.0
  6
BYLAYER
100
AcDbLine
 10
-15.6782345362496169
 20
-6.9839606665647622
 30
0.0
 11
-15.6782345362496205
 21
-7.0207183542835327
 31
0.0
  0
LINE
  5
3B3
100
AcDbEntity
  8
Window Trim
 62
256
370
100
 48
1.0
  6
BYLAYER
100
AcDbLine
 10
38.5908459482439099
 20
-7.020718354283531
 30
0.0
 11
38.5908459482439099
 21
-7.1677491051585775
 31
0.0
  0
LINE
  5
3B4
100
AcDbEntity
  8
Window Trim
 62
256
370
100
 48
1.0
  6
BYLAYER
100
AcDbLine
 10
-15.6782345362496205
 20
-7.0207183542835327
 30
0.0
 11
-15.6782345362496205
 21
-7.1677491051585784
 31
0.0
  0
LINE
  5
3B5
100
AcDbEntity
  8
Window Trim
 62
256
370
100
 48
1.0
  6
BYLAYER
100
AcDbLine
 10
38.5908459482439099
 20
-7.1677491051585775
 30
0.0
 11
38.5540882605251483
 21
-7.2412644805961026
 31
0.0
  0
LINE
  5
3B6
100
AcDbEntity
  8
Window Trim
 62
256
370
100
 48
1.0
  6
BYLAYER
100
AcDbLine
 10
-15.6782345362496205
 20
-7.1677491051585784
 30
0.0
 11
-15.6414768485308588
 21
-7.2412644805961062
 31
0.0
  0
LINE
  5
3B7
100
AcDbEntity
  8
Window Trim
 62
256
370
100
 48
1.0
  6
BYLAYER
100
AcDbLine
 10
38.5540882605251483
 20
-7.2412644805961026
 30
0.0
 11
38.5540882605251483
 21
-7.3515375437523875
 31
0.0
  0
LINE
  5
3B8
100
AcDbEntity
  8
Window Trim
 62
256
370
100
 48
1.0
  6
BYLAYER
100
AcDbLine
 10
-15.6414768485308588
 20
-7.2412644805961062
 30
0.0
 11
-15.6414768485308588
 21
-7.3515375437523929
 31
0.0
  0
LINE
  5
3B9
100
AcDbEntity
  8
Window Trim
 62
256
370
100
 48
1.0
  6
BYLAYER
100
AcDbLine
 10
38.5540882605251483
 20
-7.3515375437523875
 30
0.0
 11
38.5540882605251483
 21
-7.3882952314711492
 31
0.0
  0
LINE
  5
3BA
100
AcDbEntity
  8
Window Trim
 62
256
370
100
 48
1.0
  6
BYLAYER
100
AcDbLine
 10
-15.6414768485308588
 20
-7.3515375437523929
 30
0.0
 11
-15.6414768485308553
 21
-7.3882952314711376
 31
0.0
  0
LINE
  5
3BB
100
AcDbEntity
  8
Window Trim
 62
256
370
100
 48
1.0
  6
BYLAYER
100
AcDbLine
 10
38.5540882605251483
 20
-7.3882952314711492
 30
0.0
 11
38.5540882605251483
 21
-7.4618106069086743
 31
0.0
  0
LINE
  5
3BC
100
AcDbEntity
  8
Window Trim
 62
256
370
100
 48
1.0
  6
BYLAYER
100
AcDbLine
 10
-15.6414768485308553
 20
-7.3882952314711376
 30
0.0
 11
-15.6414768485308588
 21
-7.4618106069086583
 31
0.0
  0
LINE
  5
3BD
100
AcDbEntity
  8
Window Trim
 62
256
370
100
 48
1.0
  6
BYLAYER
100
AcDbLine
 10
38.5540882605251483
 20
-7.4618106069086743
 30
0.0
 11
38.5540882605251483
 21
-7.5720836700649592
 31
0.0
  0
LINE
  5
3BE
100
AcDbEntity
  8
Window Trim
 62
256
370
100
 48
1.0
  6
BYLAYER
100
AcDbLine
 10
-15.6414768485308588
 20
-7.4618106069086583
 30
0.0
 11
-15.6414768485308588
 21
-7.572083670064953
 31
0.0
  0
LINE
  5
3BF
100
AcDbEntity
  8
Window Trim
 62
256
370
100
 48
1.0
  6
BYLAYER
100
AcDbLine
 10
38.5540882605251483
 20
-7.5720836700649592
 30
0.0
 11
38.5540882605251483
 21
-7.6455990455024825
 31
0.0
  0
LINE
  5
3C0
100
AcDbEntity
  8
Window Trim
 62
256
370
100
 48
1.0
  6
BYLAYER
100
AcDbLine
 10
-15.6414768485308588
 20
-7.572083670064953
 30
0.0
 11
-15.6414768485308588
 21
-7.6455990455024869
 31
0.0
  0
LINE
  5
3C1
100
AcDbEntity
  8
Window Trim
 62
256
370
100
 48
1.0
  6
BYLAYER
100
AcDbLine
 10
38.5540882605251483
 20
-7.6455990455024825
 30
0.0
 11
38.5540882605251483
 21
-7.6823567332212459
 31
0.0
  0
LINE
  5
3C2
100
AcDbEntity
  8
Window Trim
 62
256
370
100
 48
1.0
  6
BYLAYER
100
AcDbLine
 10
-15.6414768485308588
 20
-7.6455990455024869
 30
0.0
 11
-15.6414768485308588
 21
-7.6823567332212388
 31
0.0
  0
LINE
  5
3C3
100
AcDbEntity
  8
Window Trim
 62
256
370
100
 48
1.0
  6
BYLAYER
100
AcDbLine
 10
38.5540882605251483
 20
-7.6823567332212459
 30
0.0
 11
38.5540882605251483
 21
-7.7191144209400075
 31
0.0
  0
LINE
  5
3C4
100
AcDbEntity
  8
Window Trim
 62
256
370
100
 48
1.0
  6
BYLAYER
100
AcDbLine
 10
-15.6414768485308588
 20
-7.6823567332212388
 30
0.0
 11
-15.6414768485308588
 21
-7.7191144209399987
 31
0.0
  0
LINE
  5
3C5
100
AcDbEntity
  8
Window Trim
 62
256
370
100
 48
1.0
  6
BYLAYER
100
AcDbLine
 10
38.5540882605251483
 20
-7.7191144209400075
 30
0.0
 11
38.5540882605251483
 21
-7.8293874840962925
 31
0.0
  0
LINE
  5
3C6
100
AcDbEntity
  8
Window Trim
 62
256
370
100
 48
1.0
  6
BYLAYER
100
AcDbLine
 10
-15.6414768485308588
 20
-7.7191144209399987
 30
0.0
 11
-15.6414768485308588
 21
-7.8293874840962969
 31
0.0
  0
LINE
  5
3C7
100
AcDbEntity
  8
Window Trim
 62
256
370
100
 48
1.0
  6
BYLAYER
100
AcDbLine
 10
38.5540882605251483
 20
-7.8293874840962925
 30
0.0
 11
38.5540882605251483
 21
-8.0131759226901025
 31
0.0
  0
LINE
  5
3C8
100
AcDbEntity
  8
Window Trim
 62
256
370
100
 48
1.0
  6
BYLAYER
100
AcDbLine
 10
-15.6414768485308588
 20
-7.8293874840962969
 30
0.0
 11
-15.6414768485308588
 21
-8.0131759226900918
 31
0.0
  0
LINE
  5
3C9
100
AcDbEntity
  8
Window Trim
 62
256
370
100
 48
1.0
  6
BYLAYER
100
AcDbLine
 10
38.5540882605251483
 20
-8.0131759226901025
 30
0.0
 11
38.5540882605251483
 21
-8.0866912981276258
 31
0.0
  0
LINE
  5
3CA
100
AcDbEntity
  8
Window Trim
 62
256
370
100
 48
1.0
  6
BYLAYER
100
AcDbLine
 10
-15.6414768485308588
 20
-8.0131759226900918
 30
0.0
 11
-15.6414768485308553
 21
-8.086691298127624
 31
0.0
  0
LINE
  5
3CB
100
AcDbEntity
  8
Window Trim
 62
256
370
100
 48
1.0
  6
BYLAYER
100
AcDbLine
 10
38.5540882605251483
 20
-8.0866912981276258
 30
0.0
 11
38.480572885087625
 21
-8.2704797367214358
 31
0.0
  0
LINE
  5
3CC
100
AcDbEntity
  8
Window Trim
 62
256
370
100
 48
1.0
  6
BYLAYER
100
AcDbLine
 10
-15.6414768485308553
 20
-8.086691298127624
 30
0.0
 11
-15.5679614730933356
 21
-8.270479736721434
 31
0.0
  0
LINE
  5
3CD
100
AcDbEntity
  8
Window Trim
 62
256
370
100
 48
1.0
  6
BYLAYER
100
AcDbLine
 10
38.480572885087625
 20
-8.2704797367214358
 30
0.0
 11
38.480572885087625
 21
-8.3439951121589608
 31
0.0
  0
LINE
  5
3CE
100
AcDbEntity
  8
Window Trim
 62
256
370
100
 48
1.0
  6
BYLAYER
100
AcDbLine
 10
-15.5679614730933356
 20
-8.270479736721434
 30
0.0
 11
-15.5679614730933356
 21
-8.3439951121589537
 31
0.0
  0
LINE
  5
3CF
100
AcDbEntity
  8
Window Trim
 62
256
370
100
 48
1.0
  6
BYLAYER
100
AcDbLine
 10
38.480572885087625
 20
-8.3439951121589608
 30
0.0
 11
38.480572885087625
 21
-8.4175104875964841
 31
0.0
  0
LINE
  5
3D0
100
AcDbEntity
  8
Window Trim
 62
256
370
100
 48
1.0
  6
BYLAYER
100
AcDbLine
 10
-15.5679614730933356
 20
-8.3439951121589537
 30
0.0
 11
-15.5679614730933356
 21
-8.4175104875964841
 31
0.0
  0
LINE
  5
3D1
100
AcDbEntity
  8
Window Trim
 62
256
370
100
 48
1.0
  6
BYLAYER
100
AcDbLine
 10
38.480572885087625
 20
-8.4175104875964841
 30
0.0
 11
38.480572885087625
 21
-8.5277835507527691
 31
0.0
  0
LINE
  5
3D2
100
AcDbEntity
  8
Window Trim
 62
256
370
100
 48
1.0
  6
BYLAYER
100
AcDbLine
 10
-15.5679614730933356
 20
-8.4175104875964841
 30
0.0
 11
-15.5679614730933356
 21
-8.5277835507527779
 31
0.0
  0
LINE
  5
3D3
100
AcDbEntity
  8
Window Trim
 62
256
370
100
 48
1.0
  6
BYLAYER
100
AcDbLine
 10
38.480572885087625
 20
-8.5277835507527691
 30
0.0
 11
38.4438151973688633
 21
-8.6012989261902941
 31
0.0
  0
LINE
  5
3D4
100
AcDbEntity
  8
Window Trim
 62
256
370
100
 48
1.0
  6
BYLAYER
100
AcDbLine
 10
-15.5679614730933356
 20
-8.5277835507527779
 30
0.0
 11
-15.5312037853745739
 21
-8.6012989261902941
 31
0.0
  0
LINE
  5
3D5
100
AcDbEntity
  8
Window Trim
 62
256
370
100
 48
1.0
  6
BYLAYER
100
AcDbLine
 10
38.4438151973688633
 20
-8.6012989261902941
 30
0.0
 11
38.4438151973688633
 21
-8.6748143016278174
 31
0.0
  0
LINE
  5
3D6
100
AcDbEntity
  8
Window Trim
 62
256
370
100
 48
1.0
  6
BYLAYER
100
AcDbLine
 10
-15.5312037853745739
 20
-8.6012989261902941
 30
0.0
 11
-15.5312037853745739
 21
-8.6748143016278174
 31
0.0
  0
LINE
  5
3D7
100
AcDbEntity
  8
Window Trim
 62
256
370
100
 48
1.0
  6
BYLAYER
100
AcDbLine
 10
38.4438151973688633
 20
-8.6748143016278174
 30
0.0
 11
38.4438151973688633
 21
-8.8218450525028658
 31
0.0
  0
LINE
  5
3D8
100
AcDbEntity
  8
Window Trim
 62
256
370
100
 48
1.0
  6
BYLAYER
100
AcDbLine
 10
-15.5312037853745739
 20
-8.6748143016278174
 30
0.0
 11
-15.5312037853745739
 21
-8.8218450525028782
 31
0.0
  0
LINE
  5
3D9
100
AcDbEntity
  8
Window Trim
 62
256
370
100
 48
1.0
  6
BYLAYER
100
AcDbLine
 10
38.4438151973688633
 20
-8.8218450525028658
 30
0.0
 11
38.4438151973688633
 21
-8.8953604279403891
 31
0.0
  0
LINE
  5
3DA
100
AcDbEntity
  8
Window Trim
 62
256
370
100
 48
1.0
  6
BYLAYER
100
AcDbLine
 10
-15.5312037853745739
 20
-8.8218450525028782
 30
0.0
 11
-15.5312037853745739
 21
-8.8953604279403855
 31
0.0
  0
LINE
  5
3DB
100
AcDbEntity
  8
Window Trim
 62
256
370
100
 48
1.0
  6
BYLAYER
100
AcDbLine
 10
38.4438151973688633
 20
-8.8953604279403891
 30
0.0
 11
38.4438151973688633
 21
-9.005633491096674
 31
0.0
  0
LINE
  5
3DC
100
AcDbEntity
  8
Window Trim
 62
256
370
100
 48
1.0
  6
BYLAYER
100
AcDbLine
 10
-15.5312037853745739
 20
-8.8953604279403855
 30
0.0
 11
-15.5312037853745739
 21
-9.005633491096674
 31
0.0
  0
LINE
  5
3DD
100
AcDbEntity
  8
Window Trim
 62
256
370
100
 48
1.0
  6
BYLAYER
100
AcDbLine
 10
38.4438151973688633
 20
-9.005633491096674
 30
0.0
 11
38.4438151973688633
 21
-9.189421929690484
 31
0.0
  0
LINE
  5
3DE
100
AcDbEntity
  8
Window Trim
 62
256
370
100
 48
1.0
  6
BYLAYER
100
AcDbLine
 10
-15.5312037853745739
 20
-9.005633491096674
 30
0.0
 11
-15.5312037853745739
 21
-9.1894219296904858
 31
0.0
  0
LINE
  5
3DF
100
AcDbEntity
  8
Window Trim
 62
256
370
100
 48
1.0
  6
BYLAYER
100
AcDbLine
 10
38.4438151973688633
 20
-9.189421929690484
 30
0.0
 11
38.4438151973688633
 21
-9.2996949928467707
 31
0.0
  0
LINE
  5
3E0
100
AcDbEntity
  8
Window Trim
 62
256
370
100
 48
1.0
  6
BYLAYER
100
AcDbLine
 10
-15.5312037853745739
 20
-9.1894219296904858
 30
0.0
 11
-15.5312037853745739
 21
-9.2996949928467743
 31
0.0
  0
LINE
  5
3E1
100
AcDbEntity
  8
Window Trim
 62
256
370
100
 48
1.0
  6
BYLAYER
100
AcDbLine
 10
38.4438151973688633
 20
-9.2996949928467707
 30
0.0
 11
38.4438151973688633
 21
-9.373210368284294
 31
0.0
  0
LINE
  5
3E2
100
AcDbEntity
  8
Window Trim
 62
256
370
100
 48
1.0
  6
BYLAYER
100
AcDbLine
 10
-15.5312037853745739
 20
-9.2996949928467743
 30
0.0
 11
-15.5312037853745739
 21
-9.3732103682842816
 31
0.0
  0
LINE
  5
3E3
100
AcDbEntity
  8
Window Trim
 62
256
370
100
 48
1.0
  6
BYLAYER
100
AcDbLine
 10
38.4438151973688633
 20
-9.373210368284294
 30
0.0
 11
38.4438151973688633
 21
-9.4099680560030556
 31
0.0
  0
LINE
  5
3E4
100
AcDbEntity
  8
Window Trim
 62
256
370
100
 48
1.0
  6
BYLAYER
100
AcDbLine
 10
-15.5312037853745739
 20
-9.3732103682842816
 30
0.0
 11
-15.5312037853745739
 21
-9.4099680560030752
 31
0.0
  0
LINE
  5
3E5
100
AcDbEntity
  8
Window Trim
 62
256
370
100
 48
1.0
  6
BYLAYER
100
AcDbLine
 10
38.4438151973688633
 20
-9.4099680560030556
 30
0.0
 11
38.4438151973688633
 21
-9.4467257437218173
 31
0.0
  0
LINE
  5
3E6
100
AcDbEntity
  8
Window Trim
 62
256
370
100
 48
1.0
  6
BYLAYER
100
AcDbLine
 10
-15.5312037853745739
 20
-9.4099680560030752
 30
0.0
 11
-15.5312037853745739
 21
-9.4467257437218066
 31
0.0
  0
LINE
  5
3E7
100
AcDbEntity
  8
Window Trim
 62
256
370
100
 48
1.0
  6
BYLAYER
100
AcDbLine
 10
38.4438151973688633
 20
-9.4467257437218173
 30
0.0
 11
38.4438151973688633
 21
-9.5937564945968656
 31
0.0
  0
LINE
  5
3E8
100
AcDbEntity
  8
Window Trim
 62
256
370
100
 48
1.0
  6
BYLAYER
100
AcDbLine
 10
-15.5312037853745739
 20
-9.4467257437218066
 30
0.0
 11
-15.5312037853745739
 21
-9.5937564945968692
 31
0.0
  0
LINE
  5
3E9
100
AcDbEntity
  8
Window Trim
 62
256
370
100
 48
1.0
  6
BYLAYER
100
AcDbLine
 10
38.4438151973688633
 20
-9.5937564945968656
 30
0.0
 11
38.4438151973688633
 21
-9.6305141823156273
 31
0.0
  0
LINE
  5
3EA
100
AcDbEntity
  8
Window Trim
 62
256
370
100
 48
1.0
  6
BYLAYER
100
AcDbLine
 10
-15.5312037853745739
 20
-9.5937564945968692
 30
0.0
 11
-15.5312037853745739
 21
-9.6305141823156362
 31
0.0
  0
LINE
  5
3EB
100
AcDbEntity
  8
Window Trim
 62
256
370
100
 48
1.0
  6
BYLAYER
100
AcDbLine
 10
38.4438151973688633
 20
-9.6305141823156273
 30
0.0
 11
38.4438151973688633
 21
-9.7775449331906756
 31
0.0
  0
LINE
  5
3EC
100
AcDbEntity
  8
Window Trim
 62
256
370
100
 48
1.0
  6
BYLAYER
100
AcDbLine
 10
-15.5312037853745739
 20
-9.6305141823156362
 30
0.0
 11
-15.5312037853745739
 21
-9.7775449331906827
 31
0.0
  0
LINE
  5
3ED
100
AcDbEntity
  8
Window Trim
 62
256
370
100
 48
1.0
  6
BYLAYER
100
AcDbLine
 10
38.4438151973688633
 20
-9.7775449331906756
 30
0.0
 11
38.4438151973688633
 21
-9.8143026209094373
 31
0.0
  0
LINE
  5
3EE
100
AcDbEntity
  8
Window Trim
 62
256
370
100
 48
1.0
  6
BYLAYER
100
AcDbLine
 10
-15.5312037853745739
 20
-9.7775449331906827
 30
0.0
 11
-15.5312037853745739
 21
-9.8143026209094355
 31
0.0
  0
LINE
  5
3EF
100
AcDbEntity
  8
Window Trim
 62
256
370
100
 48
1.0
  6
BYLAYER
100
AcDbLine
 10
38.4438151973688633
 20
-9.8143026209094373
 30
0.0
 11
38.4438151973688633
 21
-9.8878179963469606
 31
0.0
  0
LINE
  5
3F0
100
AcDbEntity
  8
Window Trim
 62
256
370
100
 48
1.0
  6
BYLAYER
100
AcDbLine
 10
-15.5312037853745739
 20
-9.8143026209094355
 30
0.0
 11
-15.5312037853745739
 21
-9.8878179963469606
 31
0.0
  0
LINE
  5
3F1
100
AcDbEntity
  8
Window Trim
 62
256
370
100
 48
1.0
  6
BYLAYER
100
AcDbLine
 10
38.4438151973688633
 20
-9.8878179963469606
 30
0.0
 11
38.4438151973688633
 21
-9.9613333717844856
 31
0.0
  0
LINE
  5
3F2
100
AcDbEntity
  8
Window Trim
 62
256
370
100
 48
1.0
  6
BYLAYER
100
AcDbLine
 10
-15.5312037853745739
 20
-9.8878179963469606
 30
0.0
 11
-15.5312037853745739
 21
-9.9613333717844998
 31
0.0
  0
LINE
  5
3F3
100
AcDbEntity
  8
Window Trim
 62
256
370
100
 48
1.0
  6
BYLAYER
100
AcDbLine
 10
38.4438151973688633
 20
-9.9613333717844856
 30
0.0
 11
38.4438151973688633
 21
-10.0348487472220089
 31
0.0
  0
LINE
  5
3F4
100
AcDbEntity
  8
Window Trim
 62
256
370
100
 48
1.0
  6
BYLAYER
100
AcDbLine
 10
-15.5312037853745739
 20
-9.9613333717844998
 30
0.0
 11
-15.5312037853745739
 21
-10.0348487472220125
 31
0.0
  0
LINE
  5
3F5
100
AcDbEntity
  8
Window Trim
 62
256
370
100
 48
1.0
  6
BYLAYER
100
AcDbLine
 10
38.4438151973688633
 20
-10.0348487472220089
 30
0.0
 11
38.4070575096501017
 21
-10.0348487472220089
 31
0.0
  0
LINE
  5
3F6
100
AcDbEntity
  8
Window Trim
 62
256
370
100
 48
1.0
  6
BYLAYER
100
AcDbLine
 10
-15.5312037853745739
 20
-10.0348487472220125
 30
0.0
 11
-15.4944460976558123
 21
-10.0348487472220143
 31
0.0
  0
LINE
  5
3F7
100
AcDbEntity
  8
Window Trim
 62
256
370
100
 48
1.0
  6
BYLAYER
100
AcDbLine
 10
38.4070575096501017
 20
-10.0348487472220089
 30
0.0
 11
38.4070575096501017
 21
-10.1451218103782956
 31
0.0
  0
LINE
  5
3F8
100
AcDbEntity
  8
Window Trim
 62
256
370
100
 48
1.0
  6
BYLAYER
100
AcDbLine
 10
-15.4944460976558123
 20
-10.0348487472220143
 30
0.0
 11
-15.4944460976558087
 21
-10.1451218103782743
 31
0.0
  0
LINE
  5
3F9
100
AcDbEntity
  8
Window Trim
 62
256
370
100
 48
1.0
  6
BYLAYER
100
AcDbLine
 10
38.4070575096501017
 20
-10.1451218103782956
 30
0.0
 11
38.37029982193134
 21
-10.2553948735345806
 31
0.0
  0
LINE
  5
3FA
100
AcDbEntity
  8
Window Trim
 62
256
370
100
 48
1.0
  6
BYLAYER
100
AcDbLine
 10
-15.4944460976558087
 20
-10.1451218103782743
 30
0.0
 11
-15.4576884099370506
 21
-10.255394873534577
 31
0.0
  0
LINE
  5
3FB
100
AcDbEntity
  8
Window Trim
 62
256
370
100
 48
1.0
  6
BYLAYER
100
AcDbLine
 10
38.37029982193134
 20
-10.2553948735345806
 30
0.0
 11
38.37029982193134
 21
-10.3289102489721039
 31
0.0
  0
LINE
  5
3FC
100
AcDbEntity
  8
Window Trim
 62
256
370
100
 48
1.0
  6
BYLAYER
100
AcDbLine
 10
-15.4576884099370506
 20
-10.255394873534577
 30
0.0
 11
-15.4576884099370506
 21
-10.3289102489720932
 31
0.0
  0
LINE
  5
3FD
100
AcDbEntity
  8
Window Trim
 62
256
370
100
 48
1.0
  6
BYLAYER
100
AcDbLine
 10
38.37029982193134
 20
-10.3289102489721039
 30
0.0
 11
38.37029982193134
 21
-10.4391833121283906
 31
0.0
  0
LINE
  5
3FE
100
AcDbEntity
  8
Window Trim
 62
256
370
100
 48
1.0
  6
BYLAYER
100
AcDbLine
 10
-15.4576884099370506
 20
-10.3289102489720932
 30
0.0
 11
-15.4576884099370506
 21
-10.4391833121284048
 31
0.0
  0
LINE
  5
3FF
100
AcDbEntity
  8
Window Trim
 62
256
370
100
 48
1.0
  6
BYLAYER
100
AcDbLine
 10
38.37029982193134
 20
-10.4391833121283906
 30
0.0
 11
38.37029982193134
 21
-10.4759409998471522
 31
0.0
  0
LINE
  5
400
100
AcDbEntity
  8
Window Trim
 62
256
370
100
 48
1.0
  6
BYLAYER
100
AcDbLine
 10
-15.4576884099370506
 20
-10.4391833121284048
 30
0.0
 11
-15.4576884099370506
 21
-10.4759409998471362
 31
0.0
  0
LINE
  5
401
100
AcDbEntity
  8
Window Trim
 62
256
370
100
 48
1.0
  6
BYLAYER
100
AcDbLine
 10
38.37029982193134
 20
-10.4759409998471522
 30
0.0
 11
38.37029982193134
 21
-10.6964871261597239
 31
0.0
  0
LINE
  5
402
100
AcDbEntity
  8
Window Trim
 62
256
370
100
 48
1.0
  6
BYLAYER
100
AcDbLine
 10
-15.4576884099370506
 20
-10.4759409998471362
 30
0.0
 11
-15.4576884099370506
 21
-10.6964871261597168
 31
0.0
  0
LINE
  5
403
100
AcDbEntity
  8
Window Trim
 62
256
370
100
 48
1.0
  6
BYLAYER
100
AcDbLine
 10
38.37029982193134
 20
-10.6964871261597239
 30
0.0
 11
38.37029982193134
 21
-10.7332448138784855
 31
0.0
  0
LINE
  5
404
100
AcDbEntity
  8
Window Trim
 62
256
370
100
 48
1.0
  6
BYLAYER
100
AcDbLine
 10
-15.4576884099370506
 20
-10.6964871261597168
 30
0.0
 11
-15.4576884099370506
 21
-10.7332448138784713
 31
0.0
  0
LINE
  5
405
100
AcDbEntity
  8
Window Trim
 62
256
370
100
 48
1.0
  6
BYLAYER
100
AcDbLine
 10
38.37029982193134
 20
-10.7332448138784855
 30
0.0
 11
38.37029982193134
 21
-10.7700025015972471
 31
0.0
  0
LINE
  5
406
100
AcDbEntity
  8
Window Trim
 62
256
370
100
 48
1.0
  6
BYLAYER
100
AcDbLine
 10
-15.4576884099370506
 20
-10.7332448138784713
 30
0.0
 11
-15.4576884099370506
 21
-10.7700025015972507
 31
0.0
  0
ARC
  5
407
100
AcDbEntity
  8
Window Trim
 62
256
370
-1
 48
1.0
  6
BYLAYER
100
AcDbCircle
 10
39.7317060838082412
 20
26.2588228994938895
 30
0.0
 40
14.7251568543904323
100
AcDbArc
 50
207.4348661979824442
 51
261.6809170091662509
  0
ARC
  5
408
100
AcDbEntity
  8
Window Trim
 62
256
370
-1
 48
1.0
  6
BYLAYER
100
AcDbCircle
 10
-16.8190946718139429
 20
26.2588228994939001
 30
0.0
 40
14.7251568543904323
100
AcDbArc
 50
278.3190829908337491
 51
332.5651338020175558
  0
LINE
  5
409
100
AcDbEntity
  8
Window Trim
 62
256
370
-1
 48
1.0
  6
BYLAYER
100
AcDbLine
 10
37.601185492841978
 20
11.6886092292051007
 30
0.0
 11
36.6822432998729298
 21
12.2032168572677673
 31
0.0
  0
LINE
  5
40A
100
AcDbEntity
  8
Window Trim
 62
256
370
-1
 48
1.0
  6
BYLAYER
100
AcDbLine
 10
-14.6885740808476921
 20
11.6886092292050989
 30
0.0
 11
-13.7696318878786368
 21
12.2032168572677797
 31
0.0
  0
LINE
  5
40B
100
AcDbEntity
  8
Window Trim
 62
256
370
-1
 48
1.0
  6
BYLAYER
100
AcDbLine
 10
36.6822432998729298
 20
12.2032168572677673
 30
0.0
 11
37.601185492841978
 21
11.6886092292051007
 31
0.0
  0
LINE
  5
40C
100
AcDbEntity
  8
Window Trim
 62
256
370
-1
 48
1.0
  6
BYLAYER
100
AcDbLine
 10
-13.7696318878786368
 20
12.2032168572677797
 30
0.0
 11
-14.6885740808476921
 21
11.6886092292050989
 31
0.0
  0
LINE
  5
40D
100
AcDbEntity
  8
Window Trim
 62
256
370
-1
 48
1.0
  6
BYLAYER
100
AcDbLine
 10
37.601185492841978
 20
11.6886092292051007
 30
0.0
 11
36.4984548612791215
 21
11.6150938537675756
 31
0.0
  0
LINE
  5
40E
100
AcDbEntity
  8
Window Trim
 62
256
370
-1
 48
1.0
  6
BYLAYER
100
AcDbLine
 10
-14.6885740808476921
 20
11.6886092292050989
 30
0.0
 11
-13.5858434492848357
 21
11.6150938537675792
 31
0.0
  0
LINE
  5
40F
100
AcDbEntity
  8
Window Trim
 62
256
370
-1
 48
1.0
  6
BYLAYER
100
AcDbLine
 10
36.4984548612791215
 20
11.6150938537675756
 30
0.0
 11
36.6822432998729298
 21
12.2032168572677673
 31
0.0
  0
LINE
  5
410
100
AcDbEntity
  8
Window Trim
 62
256
370
-1
 48
1.0
  6
BYLAYER
100
AcDbLine
 10
-13.5858434492848357
 20
11.6150938537675792
 30
0.0
 11
-13.7696318878786368
 21
12.2032168572677797
 31
0.0
  0
LINE
  5
411
100
AcDbEntity
  8
Window Trim
 62
256
370
-1
 48
1.0
  6
BYLAYER
100
AcDbLine
 10
26.75
 20
19.308603367708038
 30
0.0
 11
27.2155933601062117
 21
17.9434524518418357
 31
0.0
  0
LINE
  5
412
100
AcDbEntity
  8
Window Trim
 62
256
370
-1
 48
1.0
  6
BYLAYER
100
AcDbLine
 10
-3.7499999999999982
 20
19.4743546929528897
 30
0.0
 11
-4.2496132397394248
 21
18.0094552114534743
 31
0.0
  0
LINE
  5
413
100
AcDbEntity
  8
Window Trim
 62
256
370
-1
 48
1.0
  6
BYLAYER
100
AcDbLine
 10
26.6626114119942983
 20
19.4743546929528719
 30
0.0
 11
27.6735281592002273
 21
18.2241221674155867
 31
0.0
  0
LINE
  5
414
100
AcDbEntity
  8
Window Trim
 62
256
370
-1
 48
1.0
  6
BYLAYER
100
AcDbLine
 10
-3.7499999999999973
 20
19.4743546929528897
 30
0.0
 11
-4.7075480388334414
 21
18.2901249270272253
 31
0.0
  0
LINE
  5
415
100
AcDbEntity
  8
Window Trim
 62
256
370
-1
 48
1.0
  6
BYLAYER
100
AcDbLine
 10
27.6735281592002273
 20
18.2241221674155867
 30
0.0
 11
27.2155933601062117
 21
17.9434524518418357
 31
0.0
  0
LINE
  5
416
100
AcDbEntity
  8
Window Trim
 62
256
370
-1
 48
1.0
  6
BYLAYER
100
AcDbLine
 10
-4.7075480388334414
 20
18.2901249270272253
 30
0.0
 11
-4.2496132397394248
 21
18.0094552114534743
 31
0.0
  0
MTEXT
  5
417
100
AcDbEntity
  8
Window Trim
 62
256
370
-1
 48
1.0
  6
BYLAYER
100
AcDbMText
 10
32.0
 20
16.0
 30
0.0
 40
3.0
 41
0.0
 71
2
 72
1
  1
\H1;Flip
  7
textstyle12
 50
0.0
 73
2
 44
1.0
  0
MTEXT
  5
418
100
AcDbEntity
  8
Window Trim
 62
256
370
-1
 48
1.0
  6
BYLAYER
100
AcDbMText
 10
-9.0873885880056999
 20
16.0000000000000036
 30
0.0
 40
3.0
 41
0.0
 71
2
 72
1
  1
\H1;Flip
  7
textstyle11
 50
0.0
 73
2
 44
1.0
  0
INSERT
  5
419
100
AcDbEntity
  8
Window Trim
 62
256
370
-1
 48
1.0
  6
BYLAYER
100
AcDbBlockReference
  2
NailHead
 10
-2.75
 20
38.0
 30
0.0
  0
INSERT
  5
41A
100
AcDbEntity
  8
Window Trim
 62
256
370
-1
 48
1.0
  6
BYLAYER
100
AcDbBlockReference
  2
NailHead
 10
-2.75
 20
36.0
 30
0.0
  0
INSERT
  5
41B
100
AcDbEntity
  8
Window Trim
 62
256
370
-1
 48
1.0
  6
BYLAYER
100
AcDbBlockReference
  2
NailHead
 10
6.75
 20
37.0
 30
0.0
  0
INSERT
  5
41C
100
AcDbEntity
  8
Window Trim
 62
256
370
-1
 48
1.0
  6
BYLAYER
100
AcDbBlockReference
  2
NailHead
 10
16.25
 20
37.0
 30
0.0
  0
INSERT
  5
41D
100
AcDbEntity
  8
Window Trim
 62
256
370
-1
 48
1.0
  6
BYLAYER
100
AcDbBlockReference
  2
NailHead
 10
25.75
 20
38.0
 30
0.0
  0
INSERT
  5
41E
100
AcDbEntity
  8
Window Trim
 62
256
370
-1
 48
1.0
  6
BYLAYER
100
AcDbBlockReference
  2
NailHead
 10
25.75
 20
36.0
 30
0.0
  0
INSERT
  5
41F
100
AcDbEntity
  8
Window Trim
 62
256
370
-1
 48
1.0
  6
BYLAYER
100
AcDbBlockReference
  2
NailHead
 10
-3.0
 20
33.75
 30
0.0
 50
90.0
  0
INSERT
  5
420
100
AcDbEntity
  8
Window Trim
 62
256
370
-1
 48
1.0
  6
BYLAYER
100
AcDbBlockReference
  2
NailHead
 10
-1.0
 20
33.75
 30
0.0
 50
90.0
  0
INSERT
  5
421
100
AcDbEntity
  8
Window Trim
 62
256
370
-1
 48
1.0
  6
BYLAYER
100
AcDbBlockReference
  2
NailHead
 10
-3.0
 20
-2.75
 30
0.0
 50
90.0
  0
INSERT
  5
422
100
AcDbEntity
  8
Window Trim
 62
256
370
-1
 48
1.0
  6
BYLAYER
100
AcDbBlockReference
  2
NailHead
 10
-1.0
 20
-2.75
 30
0.0
 50
90.0
  0
INSERT
  5
423
100
AcDbEntity
  8
Window Trim
 62
256
370
-1
 48
1.0
  6
BYLAYER
100
AcDbBlockReference
  2
NailHead
 10
24.0230178876869047
 20
33.8164874951312484
 30
0.0
 50
90.0
  0
INSERT
  5
424
100
AcDbEntity
  8
Window Trim
 62
256
370
-1
 48
1.0
  6
BYLAYER
100
AcDbBlockReference
  2
NailHead
 10
26.0230178876869047
 20
33.8164874951312484
 30
0.0
 50
90.0
  0
INSERT
  5
425
100
AcDbEntity
  8
Window Trim
 62
256
370
-1
 48
1.0
  6
BYLAYER
100
AcDbBlockReference
  2
NailHead
 10
24.0230178876869047
 20
-2.6835125048687516
 30
0.0
 50
90.0
  0
INSERT
  5
426
100
AcDbEntity
  8
Window Trim
 62
256
370
-1
 48
1.0
  6
BYLAYER
100
AcDbBlockReference
  2
NailHead
 10
26.0230178876869047
 20
-2.6835125048687516
 30
0.0
 50
90.0
  0
INSERT
  5
427
100
AcDbEntity
  8
Window Trim
 62
256
370
-1
 48
1.0
  6
BYLAYER
100
AcDbBlockReference
  2
NailHead
 10
1.25
 20
-1.0
 30
0.0
  0
INSERT
  5
428
100
AcDbEntity
  8
Window Trim
 62
256
370
-1
 48
1.0
  6
BYLAYER
100
AcDbBlockReference
  2
NailHead
 10
1.25
 20
-3.0
 30
0.0
  0
INSERT
  5
429
100
AcDbEntity
  8
Window Trim
 62
256
370
-1
 48
1.0
  6
BYLAYER
100
AcDbBlockReference
  2
NailHead
 10
21.75
 20
-1.0
 30
0.0
  0
INSERT
  5
42A
100
AcDbEntity
  8
Window Trim
 62
256
370
-1
 48
1.0
  6
BYLAYER
100
AcDbBlockReference
  2
NailHead
 10
21.75
 20
-3.0
 30
0.0
  0
INSERT
  5
42B
100
AcDbEntity
  8
Window Trim
 62
256
370
-1
 48
1.0
  6
BYLAYER
100
AcDbBlockReference
  2
NailHead
 10
-2.0
 20
24.625
 30
0.0
  0
INSERT
  5
42C
100
AcDbEntity
  8
Window Trim
 62
256
370
-1
 48
1.0
  6
BYLAYER
100
AcDbBlockReference
  2
NailHead
 10
25.0230178876869047
 20
24.6914874951312484
 30
0.0
  0
INSERT
  5
42D
100
AcDbEntity
  8
Window Trim
 62
256
370
-1
 48
1.0
  6
BYLAYER
100
AcDbBlockReference
  2
NailHead
 10
-2.0
 20
15.5
 30
0.0
  0
INSERT
  5
42E
100
AcDbEntity
  8
Window Trim
 62
256
370
-1
 48
1.0
  6
BYLAYER
100
AcDbBlockReference
  2
NailHead
 10
25.0230178876869047
 20
15.5664874951312484
 30
0.0
  0
INSERT
  5
42F
100
AcDbEntity
  8
Window Trim
 62
256
370
-1
 48
1.0
  6
BYLAYER
100
AcDbBlockReference
  2
NailHead
 10
-2.0
 20
6.375
 30
0.0
  0
INSERT
  5
430
100
AcDbEntity
  8
Window Trim
 62
256
370
-1
 48
1.0
  6
BYLAYER
100
AcDbBlockReference
  2
NailHead
 10
25.0230178876869047
 20
6.4414874951312484
 30
0.0
  0
INSERT
  5
431
100
AcDbEntity
  8
Window Trim
 62
256
370
-1
 48
1.0
  6
BYLAYER
100
AcDbBlockReference
  2
NailHead
 10
8.25
 20
-2.0
 30
0.0
  0
INSERT
  5
432
100
AcDbEntity
  8
Window Trim
 62
256
370
-1
 48
1.0
  6
BYLAYER
100
AcDbBlockReference
  2
NailHead
 10
14.75
 20
-2.0
 30
0.0
  0
MTEXT
  5
433
100
AcDbEntity
  8
Window Trim
 62
256
370
-1
 48
1.0
  6
BYLAYER
100
AcDbMText
 10
12.6365221610817642
 20
-17.0288374233639921
 30
0.0
 40
3.0
 41
0.0
 71
2
 72
1
  1
\H1.5;Note: nail 1\S1^;/\S^2 ;" in from each end each board
  7
textstyle10
 50
0.0
 73
2
 44
1.0
  0
MTEXT
  5
434
100
AcDbEntity
  8
Window Trim
 62
256
370
-1
 48
1.0
  6
BYLAYER
100
AcDbMText
 10
15.4362984086481241
 20
-9.7053904042507853
 30
0.0
 40
3.0
 41
0.0
 71
1
 72
1
  1
\H1.5;DO NOT CAULK
  7
textstyle9
 50
0.0
 73
2
 44
1.0
  0
ENDSEC
  0
SECTION
  2
OBJECTS
  0
DICTIONARY
  5
C
100
AcDbDictionary
280
0
281
1
  3
ACAD_GROUP
350
D
  3
ACAD_LAYOUT
350
1A
  3
ACAD_MLINESTYLE
350
17
  3
ACAD_PLOTSETTINGS
350
19
  3
ACAD_PLOTSTYLENAME
350
E
  3
AcDbVariableDictionary
350
435
  3
QCAD_OBJECTS
350
436
  0
DICTIONARY
  5
D
100
AcDbDictionary
280
0
281
1
  0
ACDBDICTIONARYWDFLT
  5
E
100
AcDbDictionary
281
1
  3
Normal
350
F
100
AcDbDictionaryWithDefault
340
F
  0
ACDBPLACEHOLDER
  5
F
  0
DICTIONARY
  5
17
100
AcDbDictionary
280
0
281
1
  3
Standard
350
18
  0
MLINESTYLE
  5
18
100
AcDbMlineStyle
  2
STANDARD
 70
0
  3

 62
256
 51
90.0
 52
90.0
 71
2
 49
0.5
 62
256
  6
BYLAYER
 49
-0.5
 62
256
  6
BYLAYER
  0
DICTIONARY
  5
19
100
AcDbDictionary
280
0
281
1
  0
DICTIONARY
  5
1A
100
AcDbDictionary
281
1
  3
Layout1
350
1E
  3
Layout2
350
26
  3
Model
350
22
  0
LAYOUT
  5
1E
100
AcDbPlotSettings
  1

  2
none_device
  4

  6

 40
0.0
 41
0.0
 42
0.0
 43
0.0
 44
0.0
 45
0.0
 46
0.0
 47
0.0
 48
0.0
 49
0.0
140
0.0
141
0.0
142
1.0
143
1.0
 70
688
 72
0
 73
0
 74
5
  7

 75
16
147
1.0
148
0.0
149
0.0
100
AcDbLayout
  1
Layout1
 70
1
 71
1
 10
0.0
 20
0.0
 11
420.0
 21
297.0
 12
0.0
 22
0.0
 32
0.0
 14
100000000000000000000.0
 24
100000000000000000000.0
 34
100000000000000000000.0
 15
-100000000000000000000.0
 25
-100000000000000000000.0
 35
-100000000000000000000.0
146
0.0
 13
0.0
 23
0.0
 33
0.0
 16
1.0
 26
0.0
 36
0.0
 17
0.0
 27
1.0
 37
0.0
 76
0
330
1B
  0
LAYOUT
  5
22
100
AcDbPlotSettings
  1

  2
none_device
  4

  6

 40
0.0
 41
0.0
 42
0.0
 43
0.0
 44
0.0
 45
0.0
 46
0.0
 47
0.0
 48
0.0
 49
0.0
140
0.0
141
0.0
142
1.0
143
1.0
 70
1712
 72
0
 73
0
 74
0
  7

 75
0
147
1.0
148
0.0
149
0.0
100
AcDbLayout
  1
Model
 70
1
 71
0
 10
0.0
 20
0.0
 11
12.0
 21
9.0
 12
0.0
 22
0.0
 32
0.0
 14
0.0
 24
0.0
 34
0.0
 15
0.0
 25
0.0
 35
0.0
146
0.0
 13
0.0
 23
0.0
 33
0.0
 16
1.0
 26
0.0
 36
0.0
 17
0.0
 27
1.0
 37
0.0
 76
0
330
1F
  0
LAYOUT
  5
26
100
AcDbPlotSettings
  1

  2
none_device
  4

  6

 40
0.0
 41
0.0
 42
0.0
 43
0.0
 44
0.0
 45
0.0
 46
0.0
 47
0.0
 48
0.0
 49
0.0
140
0.0
141
0.0
142
1.0
143
1.0
 70
688
 72
0
 73
0
 74
5
  7

 75
16
147
1.0
148
0.0
149
0.0
100
AcDbLayout
  1
Layout2
 70
1
 71
2
 10
0.0
 20
0.0
 11
12.0
 21
9.0
 12
0.0
 22
0.0
 32
0.0
 14
0.0
 24
0.0
 34
0.0
 15
0.0
 25
0.0
 35
0.0
146
0.0
 13
0.0
 23
0.0
 33
0.0
 16
1.0
 26
0.0
 36
0.0
 17
0.0
 27
1.0
 37
0.0
 76
0
330
23
  0
DICTIONARY
  5
435
100
AcDbDictionary
281
1
  3
DIMASSOC
350
438
  3
HIDETEXT
350
437
  0
DICTIONARYVAR
  5
437
100
DictionaryVariables
280
0
  1
2
  0
DICTIONARYVAR
  5
438
100
DictionaryVariables
280
0
  1
1
  0
DICTIONARY
  5
436
100
AcDbDictionary
281
1
  3
ColorSettings/BackgroundColor
350
439
  3
ColorSettings/ColorMode
350
43A
  3
DimensionSettings/AngularFormat
350
43B
  3
DimensionSettings/AngularPrecision
350
43C
  3
DimensionSettings/DecimalPoint
350
43D
  3
DimensionSettings/DimensionFont
350
43E
  3
DimensionSettings/DimensionTextColor
350
43F
  3
DimensionSettings/KeepProportions
350
440
  3
DimensionSettings/LinearFormat
350
441
  3
DimensionSettings/LinearPrecision
350
442
  3
Grid/DisplayGrid00
350
443
  3
Grid/DisplayGrid01
350
444
  3
Grid/DisplayGrid02
350
445
  3
Grid/DisplayGrid03
350
446
  3
Grid/GridSpacingX00
350
447
  3
Grid/GridSpacingX01
350
448
  3
Grid/GridSpacingX02
350
449
  3
Grid/GridSpacingX03
350
44A
  3
Grid/GridSpacingY00
350
44B
  3
Grid/GridSpacingY01
350
44C
  3
Grid/GridSpacingY02
350
44D
  3
Grid/GridSpacingY03
350
44E
  3
Grid/IsometricGrid00
350
44F
  3
Grid/IsometricGrid01
350
450
  3
Grid/IsometricGrid02
350
451
  3
Grid/IsometricGrid03
350
452
  3
Grid/IsometricProjection00
350
453
  3
Grid/IsometricProjection01
350
454
  3
Grid/IsometricProjection02
350
455
  3
Grid/IsometricProjection03
350
456
  3
Grid/MetaGridSpacingX00
350
457
  3
Grid/MetaGridSpacingX01
350
458
  3
Grid/MetaGridSpacingX02
350
459
  3
Grid/MetaGridSpacingX03
350
45A
  3
Grid/MetaGridSpacingY00
350
45B
  3
Grid/MetaGridSpacingY01
350
45C
  3
Grid/MetaGridSpacingY02
350
45D
  3
Grid/MetaGridSpacingY03
350
45E
  3
MultiPageSettings/Columns
350
45F
  3
MultiPageSettings/GlueMarginsBottom
350
460
  3
MultiPageSettings/GlueMarginsLeft
350
461
  3
MultiPageSettings/GlueMarginsRight
350
462
  3
MultiPageSettings/GlueMarginsTop
350
463
  3
MultiPageSettings/PrintCropMarks
350
464
  3
MultiPageSettings/Rows
350
465
  3
PageSettings/OffsetX
350
466
  3
PageSettings/OffsetY
350
467
  3
PageSettings/PageOrientation
350
468
  3
PageSettings/PaperHeight
350
469
  3
PageSettings/PaperSizeName
350
46A
  3
PageSettings/PaperWidth
350
46B
  3
PageSettings/PointSize
350
46C
  3
PageSettings/Scale
350
46D
  3
PageSettings/ShowPaperBorders
350
46E
  3
PageTagSettings/EnablePageTags
350
46F
  3
PageTagSettings/TagAlignment
350
470
  3
PageTagSettings/TagFont
350
471
  3
PageTagSettings/TagPosition
350
472
  3
QCADVersion
350
473
  3
UnitSettings/Measurement
350
474
  3
UnitSettings/PaperUnit
350
475
  3
ViewportCenter
350
476
  3
ViewportHeight
350
477
  3
ViewportWidth
350
478
  0
XRECORD
  5
439
330
436
100
AcDbXrecord
280
1
1000
White
  0
XRECORD
  5
43A
330
436
100
AcDbXrecord
280
1
1000
FullColor
  0
XRECORD
  5
43B
330
436
100
AcDbXrecord
280
1
 90
0
  0
XRECORD
  5
43C
330
436
100
AcDbXrecord
280
1
 90
0
  0
XRECORD
  5
43D
330
436
100
AcDbXrecord
280
1
 90
46
  0
XRECORD
  5
43E
330
436
100
AcDbXrecord
280
1
1000
DejaVu Sans
  0
XRECORD
  5
43F
330
436
100
AcDbXrecord
280
1
1000
By Layer
  0
XRECORD
  5
440
330
436
100
AcDbXrecord
280
1
290
0
  0
XRECORD
  5
441
330
436
100
AcDbXrecord
280
1
 90
2
  0
XRECORD
  5
442
330
436
100
AcDbXrecord
280
1
 90
4
  0
XRECORD
  5
443
330
436
100
AcDbXrecord
280
1
290
1
  0
XRECORD
  5
444
330
436
100
AcDbXrecord
280
1
290
1
  0
XRECORD
  5
445
330
436
100
AcDbXrecord
280
1
290
1
  0
XRECORD
  5
446
330
436
100
AcDbXrecord
280
1
290
1
  0
XRECORD
  5
447
330
436
100
AcDbXrecord
280
1
1000
auto
  0
XRECORD
  5
448
330
436
100
AcDbXrecord
280
1
1000
auto
  0
XRECORD
  5
449
330
436
100
AcDbXrecord
280
1
1000
auto
  0
XRECORD
  5
44A
330
436
100
AcDbXrecord
280
1
1000
auto
  0
XRECORD
  5
44B
330
436
100
AcDbXrecord
280
1
1000
auto
  0
XRECORD
  5
44C
330
436
100
AcDbXrecord
280
1
1000
auto
  0
XRECORD
  5
44D
330
436
100
AcDbXrecord
280
1
1000
auto
  0
XRECORD
  5
44E
330
436
100
AcDbXrecord
280
1
1000
auto
  0
XRECORD
  5
44F
330
436
100
AcDbXrecord
280
1
290
0
  0
XRECORD
  5
450
330
436
100
AcDbXrecord
280
1
290
0
  0
XRECORD
  5
451
330
436
100
AcDbXrecord
280
1
290
0
  0
XRECORD
  5
452
330
436
100
AcDbXrecord
280
1
290
0
  0
XRECORD
  5
453
330
436
100
AcDbXrecord
280
1
 90
65537
  0
XRECORD
  5
454
330
436
100
AcDbXrecord
280
1
 90
65537
  0
XRECORD
  5
455
330
436
100
AcDbXrecord
280
1
 90
65537
  0
XRECORD
  5
456
330
436
100
AcDbXrecord
280
1
 90
65537
  0
XRECORD
  5
457
330
436
100
AcDbXrecord
280
1
1000
auto
  0
XRECORD
  5
458
330
436
100
AcDbXrecord
280
1
1000
auto
  0
XRECORD
  5
459
330
436
100
AcDbXrecord
280
1
1000
auto
  0
XRECORD
  5
45A
330
436
100
AcDbXrecord
280
1
1000
auto
  0
XRECORD
  5
45B
330
436
100
AcDbXrecord
280
1
1000
auto
  0
XRECORD
  5
45C
330
436
100
AcDbXrecord
280
1
1000
auto
  0
XRECORD
  5
45D
330
436
100
AcDbXrecord
280
1
1000
auto
  0
XRECORD
  5
45E
330
436
100
AcDbXrecord
280
1
1000
auto
  0
XRECORD
  5
45F
330
436
100
AcDbXrecord
280
1
 90
1
  0
XRECORD
  5
460
330
436
100
AcDbXrecord
280
1
 40
0.0
  0
XRECORD
  5
461
330
436
100
AcDbXrecord
280
1
 40
0.0
  0
XRECORD
  5
462
330
436
100
AcDbXrecord
280
1
 40
0.0
  0
XRECORD
  5
463
330
436
100
AcDbXrecord
280
1
 40
0.0
  0
XRECORD
  5
464
330
436
100
AcDbXrecord
280
1
290
0
  0
XRECORD
  5
465
330
436
100
AcDbXrecord
280
1
 90
1
  0
XRECORD
  5
466
330
436
100
AcDbXrecord
280
1
 40
-21.1472832798407886
  0
XRECORD
  5
467
330
436
100
AcDbXrecord
280
1
 40
-34.614115930532229
  0
XRECORD
  5
468
330
436
100
AcDbXrecord
280
1
1000
Portrait
  0
XRECORD
  5
469
330
436
100
AcDbXrecord
280
1
1000
9
  0
XRECORD
  5
46A
330
436
100
AcDbXrecord
280
1
1000
Custom
  0
XRECORD
  5
46B
330
436
100
AcDbXrecord
280
1
1000
6.5
  0
XRECORD
  5
46C
330
436
100
AcDbXrecord
280
1
1000
0.5
  0
XRECORD
  5
46D
330
436
100
AcDbXrecord
280
1
1000
0.1
  0
XRECORD
  5
46E
330
436
100
AcDbXrecord
280
1
290
1
  0
XRECORD
  5
46F
330
436
100
AcDbXrecord
280
1
290
0
  0
XRECORD
  5
470
330
436
100
AcDbXrecord
280
1
1000
Inside
  0
XRECORD
  5
471
330
436
100
AcDbXrecord
280
1
1000
Arial,10,-1,5,50,0,0,0,0,0
  0
XRECORD
  5
472
330
436
100
AcDbXrecord
280
1
1000
TopLeft
  0
XRECORD
  5
473
330
436
100
AcDbXrecord
280
1
1000
3.28.1
  0
XRECORD
  5
474
330
436
100
AcDbXrecord
280
1
 90
1
  0
XRECORD
  5
475
330
436
100
AcDbXrecord
280
1
 90
1
  0
XRECORD
  5
477
330
436
100
AcDbXrecord
280
1
 40
85.0938473192492069
  0
XRECORD
  5
478
330
436
100
AcDbXrecord
280
1
 40
107.9454591364363125
  0
ENDSEC
  0
EOF
