999
dxflib 3.26.4.0
  0
SECTION
  2
HEADER
  9
$ACADVER
  1
AC1015
  9
$HANDSEED
  5
FFFF
  9
$DIMADEC
 70
0
  9
$DIMASZ
 40
1.25
  9
$DIMATFIT
 70
0
  9
$DIMAUNIT
 70
0
  9
$DIMAZIN
 70
2
  9
$DIMBLK
  1
0
  9
$DIMBLK1
  1
0
  9
$DIMBLK2
  1
0
  9
$DIMDEC
 70
2
  9
$DIMDLI
 40
2.5
  9
$DIMDSEP
 70
44
  9
$DIMEXE
 40
0.625
  9
$DIMEXO
 40
0.3125
  9
$DIMGAP
 40
0.3125
  9
$DIMLFAC
 40
0.0
  9
$DIMLUNIT
 70
3
  9
$DIMSCALE
 40
1.0
  9
$DIMTAD
 70
1
  9
$DIMTIH
 70
0
  9
$DIMTSZ
 40
0.0
  9
$DIMTXT
 40
1.25
  9
$DIMZIN
 70
8
  9
$DWGCODEPAGE
  3
ANSI_1252
  9
$INSUNITS
 70
1
  9
$LTSCALE
 40
1.0
  9
$MAXACTVP
 70
64
  9
$MEASUREMENT
 70
0
  9
$MIRRTEXT
 70
0
  9
$PDMODE
 70
0
  9
$PDSIZE
 40
0.0
  0
ENDSEC
  0
SECTION
  2
TABLES
  0
TABLE
  2
VPORT
  5
8
100
AcDbSymbolTable
 70
1
  0
VPORT
  5
30
100
AcDbSymbolTableRecord
100
AcDbViewportTableRecord
  2
*Active
 70
0
 10
0.0
 20
0.0
 11
1.0
 21
1.0
 12
286.3055555555554861
 22
148.5
 13
0.0
 23
0.0
 14
10.0
 24
10.0
 15
10.0
 25
10.0
 16
0.0
 26
0.0
 36
1.0
 17
0.0
 27
0.0
 37
0.0
 40
297.0
 41
1.92798353909465
 42
50.0
 43
0.0
 44
0.0
 50
0.0
 51
0.0
 71
0
 72
100
 73
1
 74
3
 75
1
 76
1
 77
0
 78
0
281
0
 65
1
110
0.0
120
0.0
130
0.0
111
1.0
121
0.0
131
0.0
112
0.0
122
1.0
132
0.0
 79
0
146
0.0
  0
ENDTAB
  0
TABLE
  2
LTYPE
  5
5
100
AcDbSymbolTable
 70
41
  0
LTYPE
  5
16
100
AcDbSymbolTableRecord
100
AcDbLinetypeTableRecord
  2
Continuous
 70
0
  3
Solid line
 72
65
 73
0
 40
0.0
  0
LTYPE
  5
31
100
AcDbSymbolTableRecord
100
AcDbLinetypeTableRecord
  2
ACAD_ISO15W100
 70
0
  3
ISO double-dash triple-dot __ __ . . . __ __ . .
 72
65
 73
10
 40
39.0000000000000071
 49
12.0
 74
0
 49
-3.0
 74
0
 49
12.0
 74
0
 49
-2.9500000000000002
 74
0
 49
0.1
 74
0
 49
-2.9000000000000004
 74
0
 49
0.1
 74
0
 49
-2.9000000000000004
 74
0
 49
0.1
 74
0
 49
-2.9500000000000002
 74
0
  0
LTYPE
  5
32
100
AcDbSymbolTableRecord
100
AcDbLinetypeTableRecord
  2
DASHDOT2
 70
0
  3
Dash dot (.5x) _._._._._._._._._._._._._._._.
 72
65
 73
4
 40
12.6999999999999993
 49
6.3499999999999996
 74
0
 49
-3.125
 74
0
 49
0.1
 74
0
 49
-3.125
 74
0
  0
LTYPE
  5
33
100
AcDbSymbolTableRecord
100
AcDbLinetypeTableRecord
  2
DASHED
 70
0
  3
Dashed __ __ __ __ __ __ __ __ __ __ __ __ __ _
 72
65
 73
2
 40
19.0499999999999972
 49
12.6999999999999993
 74
0
 49
-6.3499999999999996
 74
0
  0
LTYPE
  5
14
100
AcDbSymbolTableRecord
100
AcDbLinetypeTableRecord
  2
BYBLOCK
 70
0
  3

 72
65
 73
0
 40
0.0
  0
LTYPE
  5
34
100
AcDbSymbolTableRecord
100
AcDbLinetypeTableRecord
  2
ACAD_ISO04W100
 70
0
  3
ISO long-dash dot ____ . ____ . ____ . ____ . _
 72
65
 73
4
 40
30.0
 49
24.0
 74
0
 49
-2.9500000000000002
 74
0
 49
0.1
 74
0
 49
-2.9500000000000002
 74
0
  0
LTYPE
  5
35
100
AcDbSymbolTableRecord
100
AcDbLinetypeTableRecord
  2
HIDDEN2
 70
0
  3
Hidden (.5x) _ _ _ _ _ _ _ _ _ _ _ _ _ _ _ _ _ 
 72
65
 73
2
 40
4.7624999999999993
 49
3.1749999999999998
 74
0
 49
-1.5874999999999999
 74
0
  0
LTYPE
  5
36
100
AcDbSymbolTableRecord
100
AcDbLinetypeTableRecord
  2
ACAD_ISO11W100
 70
0
  3
ISO double-dash dot __ __ . __ __ . __ __ . __ _
 72
65
 73
6
 40
33.0
 49
12.0
 74
0
 49
-3.0
 74
0
 49
12.0
 74
0
 49
-2.9500000000000002
 74
0
 49
0.1
 74
0
 49
-2.9500000000000002
 74
0
  0
LTYPE
  5
37
100
AcDbSymbolTableRecord
100
AcDbLinetypeTableRecord
  2
CENTER
 70
0
  3
Center ____ _ ____ _ ____ _ ____ _ ____ _ ____
 72
65
 73
4
 40
50.8000000000000043
 49
31.75
 74
0
 49
-6.3499999999999996
 74
0
 49
6.3499999999999996
 74
0
 49
-6.3499999999999996
 74
0
  0
LTYPE
  5
38
100
AcDbSymbolTableRecord
100
AcDbLinetypeTableRecord
  2
ACAD_ISO12W100
 70
0
  3
ISO dash double-dot __ . . __ . . __ . . __ . . 
 72
65
 73
6
 40
21.0
 49
12.0
 74
0
 49
-2.9500000000000002
 74
0
 49
0.1
 74
0
 49
-2.9000000000000004
 74
0
 49
0.1
 74
0
 49
-2.9500000000000002
 74
0
  0
LTYPE
  5
39
100
AcDbSymbolTableRecord
100
AcDbLinetypeTableRecord
  2
DASHDOTX2
 70
0
  3
Dash dot (2x) ____  .  ____  .  ____  .  ___
 72
65
 73
4
 40
50.7999999999999972
 49
25.3999999999999986
 74
0
 49
-12.6499999999999986
 74
0
 49
0.1
 74
0
 49
-12.6499999999999986
 74
0
  0
LTYPE
  5
3A
100
AcDbSymbolTableRecord
100
AcDbLinetypeTableRecord
  2
ACAD_ISO02W100
 70
0
  3
ISO dash __ __ __ __ __ __ __ __ __ __ __ __ __
 72
65
 73
2
 40
15.0
 49
12.0
 74
0
 49
-3.0
 74
0
  0
LTYPE
  5
3B
100
AcDbSymbolTableRecord
100
AcDbLinetypeTableRecord
  2
DOT2
 70
0
  3
Dot (.5x) ........................................
 72
65
 73
2
 40
3.1749999999999998
 49
0.1
 74
0
 49
-3.0749999999999997
 74
0
  0
LTYPE
  5
3C
100
AcDbSymbolTableRecord
100
AcDbLinetypeTableRecord
  2
BORDER
 70
0
  3
Border __ __ . __ __ . __ __ . __ __ . __ __ .
 72
65
 73
6
 40
44.4499999999999957
 49
12.6999999999999993
 74
0
 49
-6.3499999999999996
 74
0
 49
12.6999999999999993
 74
0
 49
-6.2999999999999998
 74
0
 49
0.1
 74
0
 49
-6.2999999999999998
 74
0
  0
LTYPE
  5
3D
100
AcDbSymbolTableRecord
100
AcDbLinetypeTableRecord
  2
DIVIDEX2
 70
0
  3
Divide (2x) ________  .  .  ________  .  .  _
 72
65
 73
6
 40
63.5
 49
25.3999999999999986
 74
0
 49
-12.6499999999999986
 74
0
 49
0.1
 74
0
 49
-12.5999999999999979
 74
0
 49
0.1
 74
0
 49
-12.6499999999999986
 74
0
  0
LTYPE
  5
3E
100
AcDbSymbolTableRecord
100
AcDbLinetypeTableRecord
  2
ACAD_ISO03W100
 70
0
  3
ISO dash space __    __    __    __    __    __
 72
65
 73
2
 40
30.0
 49
12.0
 74
0
 49
-18.0
 74
0
  0
LTYPE
  5
3F
100
AcDbSymbolTableRecord
100
AcDbLinetypeTableRecord
  2
DASHED2
 70
0
  3
Dashed (.5x) _ _ _ _ _ _ _ _ _ _ _ _ _ _ _ _ _ 
 72
65
 73
2
 40
9.5249999999999986
 49
6.3499999999999996
 74
0
 49
-3.1749999999999998
 74
0
  0
LTYPE
  5
40
100
AcDbSymbolTableRecord
100
AcDbLinetypeTableRecord
  2
HIDDENX2
 70
0
  3
Hidden (2x) ____ ____ ____ ____ ____ ____ ____ 
 72
65
 73
2
 40
19.0499999999999972
 49
12.6999999999999993
 74
0
 49
-6.3499999999999996
 74
0
  0
LTYPE
  5
41
100
AcDbSymbolTableRecord
100
AcDbLinetypeTableRecord
  2
ACAD_ISO14W100
 70
0
  3
ISO dash triple-dot __ . . . __ . . . __ . . . _
 72
65
 73
8
 40
24.0000000000000036
 49
12.0
 74
0
 49
-2.9500000000000002
 74
0
 49
0.1
 74
0
 49
-2.9000000000000004
 74
0
 49
0.1
 74
0
 49
-2.9000000000000004
 74
0
 49
0.1
 74
0
 49
-2.9500000000000002
 74
0
  0
LTYPE
  5
42
100
AcDbSymbolTableRecord
100
AcDbLinetypeTableRecord
  2
DIVIDE
 70
0
  3
Divide ____ . . ____ . . ____ . . ____ . . ____
 72
65
 73
6
 40
31.7500000000000036
 49
12.6999999999999993
 74
0
 49
-6.2999999999999998
 74
0
 49
0.1
 74
0
 49
-6.25
 74
0
 49
0.1
 74
0
 49
-6.2999999999999998
 74
0
  0
LTYPE
  5
43
100
AcDbSymbolTableRecord
100
AcDbLinetypeTableRecord
  2
ACAD_ISO06W100
 70
0
  3
ISO long-dash triple-dot ____ ... ____ ... ____
 72
65
 73
8
 40
36.0000000000000071
 49
24.0
 74
0
 49
-2.9500000000000002
 74
0
 49
0.1
 74
0
 49
-2.9000000000000004
 74
0
 49
0.1
 74
0
 49
-2.9000000000000004
 74
0
 49
0.1
 74
0
 49
-2.9500000000000002
 74
0
  0
LTYPE
  5
15
100
AcDbSymbolTableRecord
100
AcDbLinetypeTableRecord
  2
BYLAYER
 70
0
  3

 72
65
 73
0
 40
0.0
  0
LTYPE
  5
44
100
AcDbSymbolTableRecord
100
AcDbLinetypeTableRecord
  2
DASHDOT
 70
0
  3
Dash dot __ . __ . __ . __ . __ . __ . __ . __
 72
65
 73
4
 40
25.4000000000000021
 49
12.6999999999999993
 74
0
 49
-6.2999999999999998
 74
0
 49
0.1
 74
0
 49
-6.2999999999999998
 74
0
  0
LTYPE
  5
45
100
AcDbSymbolTableRecord
100
AcDbLinetypeTableRecord
  2
DASHEDX2
 70
0
  3
Dashed (2x) ____  ____  ____  ____  ____  ___
 72
65
 73
2
 40
38.0999999999999943
 49
25.3999999999999986
 74
0
 49
-12.6999999999999993
 74
0
  0
LTYPE
  5
46
100
AcDbSymbolTableRecord
100
AcDbLinetypeTableRecord
  2
PHANTOM2
 70
0
  3
Phantom (.5x) ___ _ _ ___ _ _ ___ _ _ ___ _ _
 72
65
 73
6
 40
31.7500000000000036
 49
15.875
 74
0
 49
-3.1749999999999998
 74
0
 49
3.1749999999999998
 74
0
 49
-3.1749999999999998
 74
0
 49
3.1749999999999998
 74
0
 49
-3.1749999999999998
 74
0
  0
LTYPE
  5
47
100
AcDbSymbolTableRecord
100
AcDbLinetypeTableRecord
  2
PHANTOMX2
 70
0
  3
Phantom (2x) ____________    ____    ____   _
 72
65
 73
6
 40
127.0000000000000142
 49
63.5
 74
0
 49
-12.6999999999999993
 74
0
 49
12.6999999999999993
 74
0
 49
-12.6999999999999993
 74
0
 49
12.6999999999999993
 74
0
 49
-12.6999999999999993
 74
0
  0
LTYPE
  5
48
100
AcDbSymbolTableRecord
100
AcDbLinetypeTableRecord
  2
DOTX2
 70
0
  3
Dot (2x) .  .  .  .  .  .  .  .  .  .  .  .  .  .
 72
65
 73
2
 40
12.6999999999999993
 49
0.1
 74
0
 49
-12.5999999999999996
 74
0
  0
LTYPE
  5
49
100
AcDbSymbolTableRecord
100
AcDbLinetypeTableRecord
  2
ACAD_ISO05W100
 70
0
  3
ISO long-dash double-dot ____ .. ____ .. ____ . 
 72
65
 73
6
 40
33.0000000000000071
 49
24.0
 74
0
 49
-2.9500000000000002
 74
0
 49
0.1
 74
0
 49
-2.9000000000000004
 74
0
 49
0.1
 74
0
 49
-2.9500000000000002
 74
0
  0
LTYPE
  5
4A
100
AcDbSymbolTableRecord
100
AcDbLinetypeTableRecord
  2
DOT
 70
0
  3
Dot . . . . . . . . . . . . . . . . . . . . . . . .
 72
65
 73
2
 40
6.3499999999999996
 49
0.1
 74
0
 49
-6.25
 74
0
  0
LTYPE
  5
4B
100
AcDbSymbolTableRecord
100
AcDbLinetypeTableRecord
  2
PHANTOM
 70
0
  3
Phantom ______  __  __  ______  __  __  ______ 
 72
65
 73
6
 40
63.5000000000000071
 49
31.75
 74
0
 49
-6.3499999999999996
 74
0
 49
6.3499999999999996
 74
0
 49
-6.3499999999999996
 74
0
 49
6.3499999999999996
 74
0
 49
-6.3499999999999996
 74
0
  0
LTYPE
  5
4C
100
AcDbSymbolTableRecord
100
AcDbLinetypeTableRecord
  2
BORDER2
 70
0
  3
Border (.5x) __.__.__.__.__.__.__.__.__.__.__.
 72
65
 73
6
 40
22.2250000000000014
 49
6.3499999999999996
 74
0
 49
-3.1749999999999998
 74
0
 49
6.3499999999999996
 74
0
 49
-3.125
 74
0
 49
0.1
 74
0
 49
-3.125
 74
0
  0
LTYPE
  5
4D
100
AcDbSymbolTableRecord
100
AcDbLinetypeTableRecord
  2
CENTERX2
 70
0
  3
Center (2x) ________  __  ________  __  _____
 72
65
 73
4
 40
101.6000000000000085
 49
63.5
 74
0
 49
-12.6999999999999993
 74
0
 49
12.6999999999999993
 74
0
 49
-12.6999999999999993
 74
0
  0
LTYPE
  5
4E
100
AcDbSymbolTableRecord
100
AcDbLinetypeTableRecord
  2
ACAD_ISO08W100
 70
0
  3
ISO long-dash short-dash ____ __ ____ __ ____ _
 72
65
 73
4
 40
36.0
 49
24.0
 74
0
 49
-3.0
 74
0
 49
6.0
 74
0
 49
-3.0
 74
0
  0
LTYPE
  5
4F
100
AcDbSymbolTableRecord
100
AcDbLinetypeTableRecord
  2
DIVIDE2
 70
0
  3
Divide (.5x) __..__..__..__..__..__..__..__.._
 72
65
 73
6
 40
15.8749999999999982
 49
6.3499999999999996
 74
0
 49
-3.125
 74
0
 49
0.1
 74
0
 49
-3.0750000000000002
 74
0
 49
0.1
 74
0
 49
-3.125
 74
0
  0
LTYPE
  5
50
100
AcDbSymbolTableRecord
100
AcDbLinetypeTableRecord
  2
ACAD_ISO07W100
 70
0
  3
ISO dot . . . . . . . . . . . . . . . . . . . . 
 72
65
 73
2
 40
3.0
 49
0.1
 74
0
 49
-2.8999999999999999
 74
0
  0
LTYPE
  5
51
100
AcDbSymbolTableRecord
100
AcDbLinetypeTableRecord
  2
ACAD_ISO13W100
 70
0
  3
ISO double-dash double-dot __ __ . . __ __ . . _
 72
65
 73
8
 40
36.0000000000000071
 49
12.0
 74
0
 49
-3.0
 74
0
 49
12.0
 74
0
 49
-2.9500000000000002
 74
0
 49
0.1
 74
0
 49
-2.9000000000000004
 74
0
 49
0.1
 74
0
 49
-2.9500000000000002
 74
0
  0
LTYPE
  5
52
100
AcDbSymbolTableRecord
100
AcDbLinetypeTableRecord
  2
CENTER2
 70
0
  3
Center (.5x) ___ _ ___ _ ___ _ ___ _ ___ _ ___
 72
65
 73
4
 40
28.5750000000000028
 49
19.0500000000000007
 74
0
 49
-3.1749999999999998
 74
0
 49
3.1749999999999998
 74
0
 49
-3.1749999999999998
 74
0
  0
LTYPE
  5
53
100
AcDbSymbolTableRecord
100
AcDbLinetypeTableRecord
  2
ACAD_ISO10W100
 70
0
  3
ISO dash dot __ . __ . __ . __ . __ . __ . __ . 
 72
65
 73
4
 40
18.0
 49
12.0
 74
0
 49
-2.9500000000000002
 74
0
 49
0.1
 74
0
 49
-2.9500000000000002
 74
0
  0
LTYPE
  5
54
100
AcDbSymbolTableRecord
100
AcDbLinetypeTableRecord
  2
BORDERX2
 70
0
  3
Border (2x) ____  ____  .  ____  ____  .  ___
 72
65
 73
6
 40
88.8999999999999773
 49
25.3999999999999986
 74
0
 49
-12.6999999999999993
 74
0
 49
25.3999999999999986
 74
0
 49
-12.6499999999999986
 74
0
 49
0.1
 74
0
 49
-12.6499999999999986
 74
0
  0
LTYPE
  5
55
100
AcDbSymbolTableRecord
100
AcDbLinetypeTableRecord
  2
HIDDEN
 70
0
  3
Hidden __ __ __ __ __ __ __ __ __ __ __ __ __ __
 72
65
 73
2
 40
9.5249999999999986
 49
6.3499999999999996
 74
0
 49
-3.1749999999999998
 74
0
  0
LTYPE
  5
56
100
AcDbSymbolTableRecord
100
AcDbLinetypeTableRecord
  2
ACAD_ISO09W100
 70
0
  3
ISO long-dash double-short-dash ____ __ __ ____
 72
65
 73
6
 40
45.0
 49
24.0
 74
0
 49
-3.0
 74
0
 49
6.0
 74
0
 49
-3.0
 74
0
 49
6.0
 74
0
 49
-3.0
 74
0
  0
ENDTAB
  0
TABLE
  2
LAYER
  5
2
100
AcDbSymbolTable
 70
9
  0
LAYER
  5
57
100
AcDbSymbolTableRecord
100
AcDbLayerTableRecord
  2
Step 01
 70
1
 62
7
420
0
  6
Continuous
370
25
390
F
  0
LAYER
  5
58
100
AcDbSymbolTableRecord
100
AcDbLayerTableRecord
  2
Framing Layer
 70
0
 62
7
420
0
  6
Continuous
370
25
390
F
  0
LAYER
  5
59
100
AcDbSymbolTableRecord
100
AcDbLayerTableRecord
  2
Step 05
 70
1
 62
7
420
0
  6
Continuous
370
25
390
F
  0
LAYER
  5
5A
100
AcDbSymbolTableRecord
100
AcDbLayerTableRecord
  2
Step 03
 70
1
 62
7
420
0
  6
Continuous
370
25
390
F
  0
LAYER
  5
10
100
AcDbSymbolTableRecord
100
AcDbLayerTableRecord
  2
0
 70
1
 62
7
420
16777215
  6
Continuous
370
25
390
F
  0
LAYER
  5
5B
100
AcDbSymbolTableRecord
100
AcDbLayerTableRecord
  2
Step 07
 70
0
 62
7
420
0
  6
Continuous
370
25
390
F
  0
LAYER
  5
5C
100
AcDbSymbolTableRecord
100
AcDbLayerTableRecord
  2
Step 04
 70
1
 62
7
420
0
  6
Continuous
370
25
390
F
  0
LAYER
  5
5D
100
AcDbSymbolTableRecord
100
AcDbLayerTableRecord
  2
Step 06
 70
1
 62
7
420
0
  6
Continuous
370
25
390
F
  0
LAYER
  5
5E
100
AcDbSymbolTableRecord
100
AcDbLayerTableRecord
  2
Step 02
 70
1
 62
7
420
0
  6
Continuous
370
25
390
F
  0
ENDTAB
  0
TABLE
  2
STYLE
  5
3
100
AcDbSymbolTable
 70
68
  0
STYLE
  5
5F
100
AcDbSymbolTableRecord
100
AcDbTextStyleTableRecord
  2
Standard
 70
0
 40
0.0
 41
1.0
 50
0.0
 71
0
 42
2.5
  3

  4

1001
ACAD
1000
txt
1071
0
  0
STYLE
  5
60
100
AcDbSymbolTableRecord
100
AcDbTextStyleTableRecord
  2
textstyle0
 70
0
 40
0.0
 41
1.0
 50
0.0
 71
0
 42
1.0
  3

  4

1001
ACAD
1000
Liberation Sans
1071
0
  0
STYLE
  5
61
100
AcDbSymbolTableRecord
100
AcDbTextStyleTableRecord
  2
textstyle1
 70
0
 40
0.0
 41
1.0
 50
0.0
 71
0
 42
1.0
  3

  4

1001
ACAD
1000
Liberation Sans
1071
0
  0
STYLE
  5
62
100
AcDbSymbolTableRecord
100
AcDbTextStyleTableRecord
  2
textstyle2
 70
0
 40
0.0
 41
1.0
 50
0.0
 71
0
 42
1.0
  3

  4

1001
ACAD
1000
Liberation Sans
1071
0
  0
STYLE
  5
63
100
AcDbSymbolTableRecord
100
AcDbTextStyleTableRecord
  2
textstyle3
 70
0
 40
0.0
 41
1.0
 50
0.0
 71
0
 42
1.0
  3

  4

1001
ACAD
1000
Liberation Sans
1071
0
  0
STYLE
  5
64
100
AcDbSymbolTableRecord
100
AcDbTextStyleTableRecord
  2
textstyle4
 70
0
 40
0.0
 41
1.0
 50
0.0
 71
0
 42
1.0
  3

  4

1001
ACAD
1000
Liberation Sans
1071
0
  0
STYLE
  5
65
100
AcDbSymbolTableRecord
100
AcDbTextStyleTableRecord
  2
textstyle5
 70
0
 40
0.0
 41
1.0
 50
0.0
 71
0
 42
1.0
  3

  4

1001
ACAD
1000
Liberation Sans
1071
0
  0
STYLE
  5
66
100
AcDbSymbolTableRecord
100
AcDbTextStyleTableRecord
  2
textstyle6
 70
0
 40
0.0
 41
1.0
 50
0.0
 71
0
 42
1.0
  3

  4

1001
ACAD
1000
Liberation Sans
1071
0
  0
STYLE
  5
67
100
AcDbSymbolTableRecord
100
AcDbTextStyleTableRecord
  2
textstyle7
 70
0
 40
0.0
 41
1.0
 50
0.0
 71
0
 42
1.0
  3

  4

1001
ACAD
1000
Liberation Sans
1071
0
  0
STYLE
  5
68
100
AcDbSymbolTableRecord
100
AcDbTextStyleTableRecord
  2
textstyle8
 70
0
 40
0.0
 41
1.0
 50
0.0
 71
0
 42
3.0
  3

  4

1001
ACAD
1000
Nimbus Sans [UKWN]
1071
0
  0
STYLE
  5
69
100
AcDbSymbolTableRecord
100
AcDbTextStyleTableRecord
  2
textstyle9
 70
0
 40
0.0
 41
1.0
 50
0.0
 71
0
 42
2.5
  3

  4

1001
ACAD
1000
Nimbus Sans [UKWN]
1071
0
  0
STYLE
  5
6A
100
AcDbSymbolTableRecord
100
AcDbTextStyleTableRecord
  2
textstyle10
 70
0
 40
0.0
 41
1.0
 50
0.0
 71
0
 42
1.0
  3

  4

1001
ACAD
1000
Liberation Sans
1071
0
  0
STYLE
  5
6B
100
AcDbSymbolTableRecord
100
AcDbTextStyleTableRecord
  2
textstyle11
 70
0
 40
0.0
 41
1.0
 50
0.0
 71
0
 42
3.0
  3

  4

1001
ACAD
1000
Liberation Sans
1071
0
  0
STYLE
  5
6C
100
AcDbSymbolTableRecord
100
AcDbTextStyleTableRecord
  2
textstyle12
 70
0
 40
0.0
 41
1.0
 50
0.0
 71
0
 42
3.0
  3

  4

1001
ACAD
1000
Liberation Sans
1071
0
  0
STYLE
  5
6D
100
AcDbSymbolTableRecord
100
AcDbTextStyleTableRecord
  2
textstyle13
 70
0
 40
0.0
 41
1.0
 50
0.0
 71
0
 42
3.0
  3

  4

1001
ACAD
1000
Liberation Sans
1071
0
  0
STYLE
  5
6E
100
AcDbSymbolTableRecord
100
AcDbTextStyleTableRecord
  2
textstyle14
 70
0
 40
0.0
 41
1.0
 50
0.0
 71
0
 42
3.0
  3

  4

1001
ACAD
1000
Liberation Sans
1071
0
  0
STYLE
  5
6F
100
AcDbSymbolTableRecord
100
AcDbTextStyleTableRecord
  2
textstyle15
 70
0
 40
0.0
 41
1.0
 50
0.0
 71
0
 42
3.0
  3

  4

1001
ACAD
1000
Liberation Sans
1071
0
  0
STYLE
  5
70
100
AcDbSymbolTableRecord
100
AcDbTextStyleTableRecord
  2
textstyle16
 70
0
 40
0.0
 41
1.0
 50
0.0
 71
0
 42
3.0
  3

  4

1001
ACAD
1000
Liberation Sans
1071
0
  0
STYLE
  5
71
100
AcDbSymbolTableRecord
100
AcDbTextStyleTableRecord
  2
textstyle17
 70
0
 40
0.0
 41
1.0
 50
0.0
 71
0
 42
3.0
  3

  4

1001
ACAD
1000
Liberation Sans
1071
0
  0
STYLE
  5
72
100
AcDbSymbolTableRecord
100
AcDbTextStyleTableRecord
  2
textstyle18
 70
0
 40
0.0
 41
1.0
 50
0.0
 71
0
 42
3.0
  3

  4

1001
ACAD
1000
Liberation Sans
1071
0
  0
STYLE
  5
73
100
AcDbSymbolTableRecord
100
AcDbTextStyleTableRecord
  2
textstyle19
 70
0
 40
0.0
 41
1.0
 50
0.0
 71
0
 42
3.0
  3

  4

1001
ACAD
1000
textstyle61
1071
0
  0
STYLE
  5
74
100
AcDbSymbolTableRecord
100
AcDbTextStyleTableRecord
  2
textstyle20
 70
0
 40
0.0
 41
1.0
 50
0.0
 71
0
 42
3.0
  3

  4

1001
ACAD
1000
Liberation Sans
1071
0
  0
STYLE
  5
75
100
AcDbSymbolTableRecord
100
AcDbTextStyleTableRecord
  2
textstyle21
 70
0
 40
0.0
 41
1.0
 50
0.0
 71
0
 42
3.0
  3

  4

1001
ACAD
1000
Liberation Sans
1071
0
  0
STYLE
  5
76
100
AcDbSymbolTableRecord
100
AcDbTextStyleTableRecord
  2
textstyle22
 70
0
 40
0.0
 41
1.0
 50
0.0
 71
0
 42
3.0
  3

  4

1001
ACAD
1000
Liberation Sans
1071
0
  0
STYLE
  5
77
100
AcDbSymbolTableRecord
100
AcDbTextStyleTableRecord
  2
textstyle23
 70
0
 40
0.0
 41
1.0
 50
0.0
 71
0
 42
3.0
  3

  4

1001
ACAD
1000
Liberation Sans
1071
0
  0
STYLE
  5
78
100
AcDbSymbolTableRecord
100
AcDbTextStyleTableRecord
  2
textstyle24
 70
0
 40
0.0
 41
1.0
 50
0.0
 71
0
 42
3.0
  3

  4

1001
ACAD
1000
Liberation Sans
1071
0
  0
STYLE
  5
79
100
AcDbSymbolTableRecord
100
AcDbTextStyleTableRecord
  2
textstyle25
 70
0
 40
0.0
 41
1.0
 50
0.0
 71
0
 42
3.0
  3

  4

1001
ACAD
1000
Liberation Sans
1071
0
  0
STYLE
  5
7A
100
AcDbSymbolTableRecord
100
AcDbTextStyleTableRecord
  2
textstyle26
 70
0
 40
0.0
 41
1.0
 50
0.0
 71
0
 42
3.0
  3

  4

1001
ACAD
1000
Liberation Sans
1071
0
  0
STYLE
  5
7B
100
AcDbSymbolTableRecord
100
AcDbTextStyleTableRecord
  2
textstyle27
 70
0
 40
0.0
 41
1.0
 50
0.0
 71
0
 42
3.0
  3

  4

1001
ACAD
1000
Liberation Sans
1071
0
  0
STYLE
  5
7C
100
AcDbSymbolTableRecord
100
AcDbTextStyleTableRecord
  2
textstyle28
 70
0
 40
0.0
 41
1.0
 50
0.0
 71
0
 42
3.0
  3

  4

1001
ACAD
1000
Liberation Sans
1071
0
  0
STYLE
  5
7D
100
AcDbSymbolTableRecord
100
AcDbTextStyleTableRecord
  2
textstyle29
 70
0
 40
0.0
 41
1.0
 50
0.0
 71
0
 42
3.0
  3

  4

1001
ACAD
1000
Liberation Sans
1071
0
  0
STYLE
  5
7E
100
AcDbSymbolTableRecord
100
AcDbTextStyleTableRecord
  2
textstyle30
 70
0
 40
0.0
 41
1.0
 50
0.0
 71
0
 42
3.0
  3

  4

1001
ACAD
1000
Liberation Sans
1071
0
  0
STYLE
  5
7F
100
AcDbSymbolTableRecord
100
AcDbTextStyleTableRecord
  2
textstyle31
 70
0
 40
0.0
 41
1.0
 50
0.0
 71
0
 42
3.0
  3

  4

1001
ACAD
1000
Liberation Sans
1071
0
  0
STYLE
  5
80
100
AcDbSymbolTableRecord
100
AcDbTextStyleTableRecord
  2
textstyle32
 70
0
 40
0.0
 41
1.0
 50
0.0
 71
0
 42
3.0
  3

  4

1001
ACAD
1000
Liberation Sans
1071
0
  0
STYLE
  5
81
100
AcDbSymbolTableRecord
100
AcDbTextStyleTableRecord
  2
textstyle33
 70
0
 40
0.0
 41
1.0
 50
0.0
 71
0
 42
3.0
  3

  4

1001
ACAD
1000
Liberation Sans
1071
0
  0
STYLE
  5
82
100
AcDbSymbolTableRecord
100
AcDbTextStyleTableRecord
  2
textstyle34
 70
0
 40
0.0
 41
1.0
 50
0.0
 71
0
 42
3.0
  3

  4

1001
ACAD
1000
Liberation Sans
1071
0
  0
STYLE
  5
83
100
AcDbSymbolTableRecord
100
AcDbTextStyleTableRecord
  2
textstyle35
 70
0
 40
0.0
 41
1.0
 50
0.0
 71
0
 42
3.0
  3

  4

1001
ACAD
1000
Liberation Sans
1071
0
  0
STYLE
  5
84
100
AcDbSymbolTableRecord
100
AcDbTextStyleTableRecord
  2
textstyle36
 70
0
 40
0.0
 41
1.0
 50
0.0
 71
0
 42
3.0
  3

  4

1001
ACAD
1000
Z003 [UKWN]
1071
0
  0
STYLE
  5
85
100
AcDbSymbolTableRecord
100
AcDbTextStyleTableRecord
  2
textstyle37
 70
0
 40
0.0
 41
1.0
 50
0.0
 71
0
 42
3.0
  3

  4

1001
ACAD
1000
Liberation Sans
1071
0
  0
STYLE
  5
86
100
AcDbSymbolTableRecord
100
AcDbTextStyleTableRecord
  2
textstyle38
 70
0
 40
0.0
 41
1.0
 50
0.0
 71
0
 42
3.0
  3

  4

1001
ACAD
1000
textstyle3
1071
0
  0
STYLE
  5
87
100
AcDbSymbolTableRecord
100
AcDbTextStyleTableRecord
  2
textstyle39
 70
0
 40
0.0
 41
1.0
 50
0.0
 71
0
 42
1.0
  3

  4

1001
ACAD
1000
Liberation Sans
1071
0
  0
STYLE
  5
88
100
AcDbSymbolTableRecord
100
AcDbTextStyleTableRecord
  2
textstyle40
 70
0
 40
0.0
 41
1.0
 50
0.0
 71
0
 42
1.0
  3

  4

1001
ACAD
1000
Liberation Sans
1071
0
  0
STYLE
  5
89
100
AcDbSymbolTableRecord
100
AcDbTextStyleTableRecord
  2
textstyle41
 70
0
 40
0.0
 41
1.0
 50
0.0
 71
0
 42
1.0
  3

  4

1001
ACAD
1000
Z003 [UKWN]
1071
0
  0
STYLE
  5
8A
100
AcDbSymbolTableRecord
100
AcDbTextStyleTableRecord
  2
textstyle42
 70
0
 40
0.0
 41
1.0
 50
0.0
 71
0
 42
1.0
  3

  4

1001
ACAD
1000
Liberation Sans
1071
0
  0
STYLE
  5
8B
100
AcDbSymbolTableRecord
100
AcDbTextStyleTableRecord
  2
textstyle43
 70
0
 40
0.0
 41
1.0
 50
0.0
 71
0
 42
1.0
  3

  4

1001
ACAD
1000
Liberation Sans
1071
0
  0
STYLE
  5
8C
100
AcDbSymbolTableRecord
100
AcDbTextStyleTableRecord
  2
textstyle44
 70
0
 40
0.0
 41
1.0
 50
0.0
 71
0
 42
1.0
  3

  4

1001
ACAD
1000
Liberation Sans
1071
0
  0
STYLE
  5
8D
100
AcDbSymbolTableRecord
100
AcDbTextStyleTableRecord
  2
textstyle45
 70
0
 40
0.0
 41
1.0
 50
0.0
 71
0
 42
1.0
  3

  4

1001
ACAD
1000
Liberation Sans
1071
0
  0
STYLE
  5
8E
100
AcDbSymbolTableRecord
100
AcDbTextStyleTableRecord
  2
textstyle46
 70
0
 40
0.0
 41
1.0
 50
0.0
 71
0
 42
1.0
  3

  4

1001
ACAD
1000
Liberation Sans
1071
0
  0
STYLE
  5
8F
100
AcDbSymbolTableRecord
100
AcDbTextStyleTableRecord
  2
textstyle47
 70
0
 40
0.0
 41
1.0
 50
0.0
 71
0
 42
1.0
  3

  4

1001
ACAD
1000
Liberation Sans
1071
0
  0
STYLE
  5
90
100
AcDbSymbolTableRecord
100
AcDbTextStyleTableRecord
  2
textstyle48
 70
0
 40
0.0
 41
1.0
 50
0.0
 71
0
 42
1.0
  3

  4

1001
ACAD
1000
Liberation Sans
1071
0
  0
STYLE
  5
91
100
AcDbSymbolTableRecord
100
AcDbTextStyleTableRecord
  2
textstyle49
 70
0
 40
0.0
 41
1.0
 50
0.0
 71
0
 42
1.0
  3

  4

1001
ACAD
1000
Liberation Sans
1071
0
  0
STYLE
  5
92
100
AcDbSymbolTableRecord
100
AcDbTextStyleTableRecord
  2
textstyle50
 70
0
 40
0.0
 41
1.0
 50
0.0
 71
0
 42
1.0
  3

  4

1001
ACAD
1000
Liberation Sans
1071
0
  0
STYLE
  5
93
100
AcDbSymbolTableRecord
100
AcDbTextStyleTableRecord
  2
textstyle51
 70
0
 40
0.0
 41
1.0
 50
0.0
 71
0
 42
1.0
  3

  4

1001
ACAD
1000
Liberation Sans
1071
0
  0
STYLE
  5
94
100
AcDbSymbolTableRecord
100
AcDbTextStyleTableRecord
  2
textstyle52
 70
0
 40
0.0
 41
1.0
 50
0.0
 71
0
 42
1.0
  3

  4

1001
ACAD
1000
Liberation Sans
1071
0
  0
STYLE
  5
95
100
AcDbSymbolTableRecord
100
AcDbTextStyleTableRecord
  2
textstyle53
 70
0
 40
0.0
 41
1.0
 50
0.0
 71
0
 42
1.0
  3

  4

1001
ACAD
1000
Liberation Sans
1071
0
  0
STYLE
  5
96
100
AcDbSymbolTableRecord
100
AcDbTextStyleTableRecord
  2
textstyle54
 70
0
 40
0.0
 41
1.0
 50
0.0
 71
0
 42
1.0
  3

  4

1001
ACAD
1000
Liberation Sans
1071
0
  0
STYLE
  5
97
100
AcDbSymbolTableRecord
100
AcDbTextStyleTableRecord
  2
textstyle55
 70
0
 40
0.0
 41
1.0
 50
0.0
 71
0
 42
1.0
  3

  4

1001
ACAD
1000
Liberation Sans
1071
0
  0
STYLE
  5
98
100
AcDbSymbolTableRecord
100
AcDbTextStyleTableRecord
  2
textstyle56
 70
0
 40
0.0
 41
1.0
 50
0.0
 71
0
 42
1.0
  3

  4

1001
ACAD
1000
Liberation Sans
1071
0
  0
STYLE
  5
99
100
AcDbSymbolTableRecord
100
AcDbTextStyleTableRecord
  2
textstyle57
 70
0
 40
0.0
 41
1.0
 50
0.0
 71
0
 42
1.0
  3

  4

1001
ACAD
1000
Liberation Sans
1071
0
  0
STYLE
  5
9A
100
AcDbSymbolTableRecord
100
AcDbTextStyleTableRecord
  2
textstyle58
 70
0
 40
0.0
 41
1.0
 50
0.0
 71
0
 42
1.0
  3

  4

1001
ACAD
1000
Liberation Sans
1071
0
  0
STYLE
  5
9B
100
AcDbSymbolTableRecord
100
AcDbTextStyleTableRecord
  2
textstyle59
 70
0
 40
0.0
 41
1.0
 50
0.0
 71
0
 42
1.0
  3

  4

1001
ACAD
1000
Liberation Sans
1071
0
  0
STYLE
  5
9C
100
AcDbSymbolTableRecord
100
AcDbTextStyleTableRecord
  2
textstyle60
 70
0
 40
0.0
 41
1.0
 50
0.0
 71
0
 42
1.0
  3

  4

1001
ACAD
1000
Liberation Sans
1071
0
  0
STYLE
  5
9D
100
AcDbSymbolTableRecord
100
AcDbTextStyleTableRecord
  2
textstyle61
 70
0
 40
0.0
 41
1.0
 50
0.0
 71
0
 42
1.0
  3

  4

1001
ACAD
1000
Liberation Sans
1071
0
  0
STYLE
  5
9E
100
AcDbSymbolTableRecord
100
AcDbTextStyleTableRecord
  2
textstyle62
 70
0
 40
0.0
 41
1.0
 50
0.0
 71
0
 42
1.0
  3

  4

1001
ACAD
1000
Liberation Sans
1071
0
  0
STYLE
  5
9F
100
AcDbSymbolTableRecord
100
AcDbTextStyleTableRecord
  2
textstyle63
 70
0
 40
0.0
 41
1.0
 50
0.0
 71
0
 42
1.0
  3

  4

1001
ACAD
1000
Liberation Sans
1071
0
  0
STYLE
  5
A0
100
AcDbSymbolTableRecord
100
AcDbTextStyleTableRecord
  2
textstyle64
 70
0
 40
0.0
 41
1.0
 50
0.0
 71
0
 42
1.0
  3

  4

1001
ACAD
1000
Liberation Sans
1071
0
  0
STYLE
  5
A1
100
AcDbSymbolTableRecord
100
AcDbTextStyleTableRecord
  2
textstyle65
 70
0
 40
0.0
 41
1.0
 50
0.0
 71
0
 42
1.0
  3

  4

1001
ACAD
1000
Liberation Sans
1071
0
  0
STYLE
  5
A2
100
AcDbSymbolTableRecord
100
AcDbTextStyleTableRecord
  2
textstyle66
 70
0
 40
0.0
 41
1.0
 50
0.0
 71
0
 42
1.0
  3

  4

1001
ACAD
1000
Liberation Sans
1071
0
  0
ENDTAB
  0
TABLE
  2
VIEW
  5
6
100
AcDbSymbolTable
 70
0
  0
ENDTAB
  0
TABLE
  2
UCS
  5
7
100
AcDbSymbolTable
 70
0
  0
ENDTAB
  0
TABLE
  2
APPID
  5
9
100
AcDbSymbolTable
 70
1
  0
APPID
  5
12
100
AcDbSymbolTableRecord
100
AcDbRegAppTableRecord
  2
ACAD
 70
0
  0
APPID
  5
A3
100
AcDbSymbolTableRecord
100
AcDbRegAppTableRecord
  2
QCAD
 70
0
  0
ENDTAB
  0
TABLE
  2
DIMSTYLE
  5
A
100
AcDbSymbolTable
 70
1
100
AcDbDimStyleTable
 71
0
  0
DIMSTYLE
105
27
100
AcDbSymbolTableRecord
100
AcDbDimStyleTableRecord
  2
Standard
 41
1.25
 42
0.3125
 43
3.75
 44
0.625
 70
0
 73
0
 74
0
 77
1
 78
8
140
1.25
141
2.5
143
0.03937007874016
147
0.3125
171
3
172
1
271
2
272
2
274
3
278
44
283
0
284
8
340
5F
  0
ENDTAB
  0
TABLE
  2
BLOCK_RECORD
  5
1
100
AcDbSymbolTable
 70
1
  0
BLOCK_RECORD
  5
1F
100
AcDbSymbolTableRecord
100
AcDbBlockTableRecord
  2
*Model_Space
340
22
  0
BLOCK_RECORD
  5
1B
100
AcDbSymbolTableRecord
100
AcDbBlockTableRecord
  2
*Paper_Space
340
1E
  0
BLOCK_RECORD
  5
23
100
AcDbSymbolTableRecord
100
AcDbBlockTableRecord
  2
*Paper_Space0
340
26
  0
BLOCK_RECORD
  5
A4
100
AcDbSymbolTableRecord
100
AcDbBlockTableRecord
  2
CounterSink
340
0
  0
BLOCK_RECORD
  5
A5
100
AcDbSymbolTableRecord
100
AcDbBlockTableRecord
  2
WhiteBore
340
0
  0
ENDTAB
  0
ENDSEC
  0
SECTION
  2
BLOCKS
  0
BLOCK
  5
20
100
AcDbEntity
  8
0
100
AcDbBlockBegin
  2
*Model_Space
 70
0
 10
0.0
 20
0.0
 30
0.0
  3
*Model_Space
  1

  0
ENDBLK
  5
21
100
AcDbEntity
  8
0
100
AcDbBlockEnd
  0
BLOCK
  5
1C
100
AcDbEntity
 67
1
  8
0
100
AcDbBlockBegin
  2
*Paper_Space
 70
0
 10
0.0
 20
0.0
 30
0.0
  3
*Paper_Space
  1

  0
ENDBLK
  5
1D
100
AcDbEntity
 67
1
  8
0
100
AcDbBlockEnd
  0
BLOCK
  5
24
100
AcDbEntity
  8
0
100
AcDbBlockBegin
  2
*Paper_Space0
 70
0
 10
0.0
 20
0.0
 30
0.0
  3
*Paper_Space0
  1

  0
ENDBLK
  5
25
100
AcDbEntity
  8
0
100
AcDbBlockEnd
  0
BLOCK
  5
A6
100
AcDbEntity
  8
0
100
AcDbBlockBegin
  2
CounterSink
 70
0
 10
0.0
 20
0.0
 30
0.0
  3
CounterSink
  1

  0
LINE
  5
A7
100
AcDbEntity
  8
Step 07
 62
256
370
-1
 48
1.0
  6
BYLAYER
100
AcDbLine
 10
4.0910803443331645
 20
4.2492547096821784
 30
0.0
 11
8.2064895398967366
 21
8.2151389565543944
 31
0.0
  0
LINE
  5
A8
100
AcDbEntity
  8
Step 07
 62
256
370
-1
 48
1.0
  6
BYLAYER
100
AcDbLine
 10
5.2679934380563722
 20
3.9104461124914582
 30
0.0
 11
9.3834026336199443
 21
7.8763303593636733
 31
0.0
  0
LINE
  5
A9
100
AcDbEntity
  8
Step 07
 62
256
370
-1
 48
1.0
  6
BYLAYER
100
AcDbLine
 10
2.1696387952610792
 20
4.8023974347457647
 30
0.0
 11
8.0051736039187844
 21
3.1224693475118936
 31
0.0
  0
LINE
  5
AA
100
AcDbEntity
  8
Step 07
 62
256
370
-1
 48
1.0
  6
BYLAYER
100
AcDbLine
 10
0.1733838424677465
 20
2.8771285972329999
 30
0.0
 11
6.0089186511254447
 21
1.1972005099991296
 31
0.0
  0
LINE
  5
AB
100
AcDbEntity
  8
Step 07
 62
256
370
-1
 48
1.0
  6
BYLAYER
100
AcDbLine
 10
0.3416553192837313
 20
2.3935692325995035
 30
0.0
 11
6.2000776745853727
 21
0.7070523006897353
 31
0.0
  0
ELLIPSE
  5
AC
100
AcDbEntity
  8
Step 07
 62
256
370
-1
 48
1.0
  6
BYLAYER
100
AcDbEllipse
 10
5.267452490560995
 20
4.6464053034971355
 30
0.0
 11
0.4852606300182453
 21
0.1204494509695884
 31
0.0
 40
0.5773502691896255
 41
0.0
 42
6.2831853071795862
  0
ELLIPSE
  5
AD
100
AcDbEntity
  8
Step 07
 62
256
370
-1
 48
1.0
  6
BYLAYER
100
AcDbEllipse
 10
5.1573305407040566
 20
4.4040918096794774
 30
0.0
 11
0.4852606300182453
 21
0.1204494509695884
 31
0.0
 40
0.5773502691896255
 41
0.0151213151731197
 42
2.3179204689989348
  0
ELLIPSE
  5
AE
100
AcDbEntity
  8
Step 07
 62
256
370
-1
 48
1.0
  6
BYLAYER
100
AcDbEllipse
 10
5.2139083045882062
 20
4.5439669289263671
 30
0.0
 11
0.0970521260036491
 21
0.0240898901939177
 31
0.0
 40
0.5773502691896256
 41
0.0
 42
6.2831853071795862
  0
LINE
  5
AF
100
AcDbEntity
  8
Step 07
 62
256
370
-1
 48
1.0
  6
BYLAYER
100
AcDbLine
 10
2.8934397499915043
 20
1.6220705229243304
 30
0.0
 11
3.2299827036234632
 21
0.6549517936573412
 31
0.0
  0
LINE
  5
B0
100
AcDbEntity
  8
Step 07
 62
256
370
-1
 48
1.0
  6
BYLAYER
100
AcDbLine
 10
2.2970781107017224
 20
1.8270698364301907
 30
0.0
 11
2.6336210643336813
 21
0.8599511071632016
 31
0.0
  0
LINE
  5
B1
100
AcDbEntity
  8
Step 07
 62
256
370
-1
 48
1.0
  6
BYLAYER
100
AcDbLine
 10
3.2299827036234632
 20
0.6549517936573412
 30
0.0
 11
3.9547655453338848
 21
1.3534305734986489
 31
0.0
  0
LINE
  5
B2
100
AcDbEntity
  8
Step 07
 62
256
370
-1
 48
1.0
  6
BYLAYER
100
AcDbLine
 10
6.2998418596739647
 20
3.6133985920702649
 30
0.0
 11
9.551781012979756
 21
6.7473172794372029
 31
0.0
  0
LINE
  5
B3
100
AcDbEntity
  8
Step 07
 62
256
370
-1
 48
1.0
  6
BYLAYER
100
AcDbLine
 10
6.1926098330788335
 20
0.7285125312791099
 30
0.0
 11
6.0243383562628523
 21
1.2120718959126044
 31
0.0
  0
LINE
  5
B4
100
AcDbEntity
  8
Step 07
 62
256
370
-1
 48
1.0
  6
BYLAYER
100
AcDbLine
 10
6.0089186511254482
 20
1.1972005099991279
 30
0.0
 11
8.0205933090561849
 21
3.1373407334253649
 31
0.0
  0
LINE
  5
B5
100
AcDbEntity
  8
Step 07
 62
256
370
-1
 48
1.0
  6
BYLAYER
100
AcDbLine
 10
8.0205933090561849
 20
3.1373407334253649
 30
0.0
 11
8.1892459400809159
 21
2.6526860513292885
 31
0.0
  0
LINE
  5
B6
100
AcDbEntity
  8
Step 07
 62
256
370
-1
 48
1.0
  6
BYLAYER
100
AcDbLine
 10
6.2000776745853727
 20
0.7070523006897353
 30
0.0
 11
8.1892459400809159
 21
2.6526860513292885
 31
0.0
  0
LINE
  5
B7
100
AcDbEntity
  8
Step 07
 62
256
370
-1
 48
1.0
  6
BYLAYER
100
AcDbLine
 10
2.6336210643336813
 20
0.8599511071632016
 30
0.0
 11
3.2299827036234632
 21
0.6549517936573412
 31
0.0
  0
LINE
  5
B8
100
AcDbEntity
  8
Step 07
 62
256
370
-1
 48
1.0
  6
BYLAYER
100
AcDbLine
 10
9.3667717853699735
 20
7.8702283228118155
 30
0.0
 11
9.3667717853699735
 21
7.8515045440898206
 31
0.0
  0
LINE
  5
B9
100
AcDbEntity
  8
Step 07
 62
256
370
-1
 48
1.0
  6
BYLAYER
100
AcDbLine
 10
9.3667717853699735
 20
7.8515045440898206
 30
0.0
 11
9.3667717853699735
 21
7.8452632845158226
 31
0.0
  0
LINE
  5
BA
100
AcDbEntity
  8
Step 07
 62
256
370
-1
 48
1.0
  6
BYLAYER
100
AcDbLine
 10
9.3667717853699735
 20
7.8452632845158226
 30
0.0
 11
9.3730130449439706
 21
7.7953332079238367
 31
0.0
  0
LINE
  5
BB
100
AcDbEntity
  8
Step 07
 62
256
370
-1
 48
1.0
  6
BYLAYER
100
AcDbLine
 10
9.3730130449439706
 20
7.7953332079238367
 30
0.0
 11
9.3730130449439706
 21
7.7766094292018417
 31
0.0
  0
LINE
  5
BC
100
AcDbEntity
  8
Step 07
 62
256
370
-1
 48
1.0
  6
BYLAYER
100
AcDbLine
 10
9.3730130449439706
 20
7.7766094292018417
 30
0.0
 11
9.3730130449439706
 21
7.7454031313318499
 31
0.0
  0
LINE
  5
BD
100
AcDbEntity
  8
Step 07
 62
256
370
-1
 48
1.0
  6
BYLAYER
100
AcDbLine
 10
9.3730130449439706
 20
7.7454031313318499
 30
0.0
 11
9.3730130449439706
 21
7.7391618717578519
 31
0.0
  0
LINE
  5
BE
100
AcDbEntity
  8
Step 07
 62
256
370
-1
 48
1.0
  6
BYLAYER
100
AcDbLine
 10
9.3730130449439706
 20
7.7391618717578519
 30
0.0
 11
9.3730130449439706
 21
7.7141968334618589
 31
0.0
  0
LINE
  5
BF
100
AcDbEntity
  8
Step 07
 62
256
370
-1
 48
1.0
  6
BYLAYER
100
AcDbLine
 10
9.3730130449439706
 20
7.7141968334618589
 30
0.0
 11
9.3730130449439706
 21
7.695473054739864
 31
0.0
  0
LINE
  5
C0
100
AcDbEntity
  8
Step 07
 62
256
370
-1
 48
1.0
  6
BYLAYER
100
AcDbLine
 10
9.3730130449439706
 20
7.695473054739864
 30
0.0
 11
9.3480480066479785
 21
7.670508016443871
 31
0.0
  0
LINE
  5
C1
100
AcDbEntity
  8
Step 07
 62
256
370
-1
 48
1.0
  6
BYLAYER
100
AcDbLine
 10
9.3480480066479785
 20
7.670508016443871
 30
0.0
 11
9.3418067470739796
 21
7.664266756869873
 31
0.0
  0
LINE
  5
C2
100
AcDbEntity
  8
Step 07
 62
256
370
-1
 48
1.0
  6
BYLAYER
100
AcDbLine
 10
9.3418067470739796
 20
7.664266756869873
 30
0.0
 11
9.3355654874999807
 21
7.6580254972958741
 31
0.0
  0
LINE
  5
C3
100
AcDbEntity
  8
Step 07
 62
256
370
-1
 48
1.0
  6
BYLAYER
100
AcDbLine
 10
9.3355654874999807
 20
7.6580254972958741
 30
0.0
 11
9.3168417087779858
 21
7.6455429781478781
 31
0.0
  0
LINE
  5
C4
100
AcDbEntity
  8
Step 07
 62
256
370
-1
 48
1.0
  6
BYLAYER
100
AcDbLine
 10
9.3168417087779858
 20
7.6455429781478781
 30
0.0
 11
9.2918766704819937
 21
7.6205779398518851
 31
0.0
  0
LINE
  5
C5
100
AcDbEntity
  8
Step 07
 62
256
370
-1
 48
1.0
  6
BYLAYER
100
AcDbLine
 10
9.2918766704819937
 20
7.6205779398518851
 30
0.0
 11
9.2856354109079948
 21
7.6080954207038882
 31
0.0
  0
LINE
  5
C6
100
AcDbEntity
  8
Step 07
 62
256
370
-1
 48
1.0
  6
BYLAYER
100
AcDbLine
 10
9.2856354109079948
 20
7.6080954207038882
 30
0.0
 11
9.2856354109079948
 21
7.5768891228338973
 31
0.0
  0
LINE
  5
C7
100
AcDbEntity
  8
Step 07
 62
256
370
-1
 48
1.0
  6
BYLAYER
100
AcDbLine
 10
9.2856354109079948
 20
7.5768891228338973
 30
0.0
 11
9.2856354109079948
 21
7.5456828249639054
 31
0.0
  0
LINE
  5
C8
100
AcDbEntity
  8
Step 07
 62
256
370
-1
 48
1.0
  6
BYLAYER
100
AcDbLine
 10
9.2856354109079948
 20
7.5456828249639054
 30
0.0
 11
9.2856354109079948
 21
7.5394415653899074
 31
0.0
  0
LINE
  5
C9
100
AcDbEntity
  8
Step 07
 62
256
370
-1
 48
1.0
  6
BYLAYER
100
AcDbLine
 10
9.2856354109079948
 20
7.5394415653899074
 30
0.0
 11
9.2856354109079948
 21
7.5332003058159094
 31
0.0
  0
LINE
  5
CA
100
AcDbEntity
  8
Step 07
 62
256
370
-1
 48
1.0
  6
BYLAYER
100
AcDbLine
 10
9.2856354109079948
 20
7.5332003058159094
 30
0.0
 11
9.2856354109079948
 21
7.5269590462419114
 31
0.0
  0
LINE
  5
CB
100
AcDbEntity
  8
Step 07
 62
256
370
-1
 48
1.0
  6
BYLAYER
100
AcDbLine
 10
9.2856354109079948
 20
7.5269590462419114
 30
0.0
 11
9.2856354109079948
 21
7.5144765270939144
 31
0.0
  0
LINE
  5
CC
100
AcDbEntity
  8
Step 07
 62
256
370
-1
 48
1.0
  6
BYLAYER
100
AcDbLine
 10
9.2856354109079948
 20
7.5144765270939144
 30
0.0
 11
9.2918766704819937
 21
7.5144765270939144
 31
0.0
  0
LINE
  5
CD
100
AcDbEntity
  8
Step 07
 62
256
370
-1
 48
1.0
  6
BYLAYER
100
AcDbLine
 10
9.2918766704819937
 20
7.5144765270939144
 30
0.0
 11
9.2981179300559909
 21
7.5019940079459175
 31
0.0
  0
LINE
  5
CE
100
AcDbEntity
  8
Step 07
 62
256
370
-1
 48
1.0
  6
BYLAYER
100
AcDbLine
 10
9.2981179300559909
 20
7.5019940079459175
 30
0.0
 11
9.3106004492039887
 21
7.4832702292239226
 31
0.0
  0
LINE
  5
CF
100
AcDbEntity
  8
Step 07
 62
256
370
-1
 48
1.0
  6
BYLAYER
100
AcDbLine
 10
9.3106004492039887
 20
7.4832702292239226
 30
0.0
 11
9.3230829683519847
 21
7.4770289696499246
 31
0.0
  0
LINE
  5
D0
100
AcDbEntity
  8
Step 07
 62
256
370
-1
 48
1.0
  6
BYLAYER
100
AcDbLine
 10
9.3230829683519847
 20
7.4770289696499246
 30
0.0
 11
9.3293242279259836
 21
7.4770289696499246
 31
0.0
  0
LINE
  5
D1
100
AcDbEntity
  8
Step 07
 62
256
370
-1
 48
1.0
  6
BYLAYER
100
AcDbLine
 10
9.3293242279259836
 20
7.4770289696499246
 30
0.0
 11
9.3293242279259836
 21
7.4707877100759266
 31
0.0
  0
LINE
  5
D2
100
AcDbEntity
  8
Step 07
 62
256
370
-1
 48
1.0
  6
BYLAYER
100
AcDbLine
 10
9.3293242279259836
 20
7.4707877100759266
 30
0.0
 11
9.3418067470739796
 21
7.4645464505019277
 31
0.0
  0
LINE
  5
D3
100
AcDbEntity
  8
Step 07
 62
256
370
-1
 48
1.0
  6
BYLAYER
100
AcDbLine
 10
9.3418067470739796
 20
7.4645464505019277
 30
0.0
 11
9.3480480066479785
 21
7.4645464505019277
 31
0.0
  0
LINE
  5
D4
100
AcDbEntity
  8
Step 07
 62
256
370
-1
 48
1.0
  6
BYLAYER
100
AcDbLine
 10
9.3480480066479785
 20
7.4645464505019277
 30
0.0
 11
9.3605305257959746
 21
7.4583051909279297
 31
0.0
  0
LINE
  5
D5
100
AcDbEntity
  8
Step 07
 62
256
370
-1
 48
1.0
  6
BYLAYER
100
AcDbLine
 10
9.3605305257959746
 20
7.4583051909279297
 30
0.0
 11
9.3667717853699735
 21
7.4458226717799336
 31
0.0
  0
LINE
  5
D6
100
AcDbEntity
  8
Step 07
 62
256
370
-1
 48
1.0
  6
BYLAYER
100
AcDbLine
 10
9.3667717853699735
 20
7.4458226717799336
 30
0.0
 11
9.3979780832399644
 21
7.4270988930579387
 31
0.0
  0
LINE
  5
D7
100
AcDbEntity
  8
Step 07
 62
256
370
-1
 48
1.0
  6
BYLAYER
100
AcDbLine
 10
9.3979780832399644
 20
7.4270988930579387
 30
0.0
 11
9.4167018619619594
 21
7.4083751143359438
 31
0.0
  0
LINE
  5
D8
100
AcDbEntity
  8
Step 07
 62
256
370
-1
 48
1.0
  6
BYLAYER
100
AcDbLine
 10
9.4167018619619594
 20
7.4083751143359438
 30
0.0
 11
9.4229431215359583
 21
7.4021338547619457
 31
0.0
  0
LINE
  5
D9
100
AcDbEntity
  8
Step 07
 62
256
370
-1
 48
1.0
  6
BYLAYER
100
AcDbLine
 10
9.4229431215359583
 20
7.4021338547619457
 30
0.0
 11
9.4291843811099554
 21
7.4021338547619457
 31
0.0
  0
LINE
  5
DA
100
AcDbEntity
  8
Step 07
 62
256
370
-1
 48
1.0
  6
BYLAYER
100
AcDbLine
 10
9.4291843811099554
 20
7.4021338547619457
 30
0.0
 11
9.4291843811099554
 21
7.3958925951879468
 31
0.0
  0
LINE
  5
DB
100
AcDbEntity
  8
Step 07
 62
256
370
-1
 48
1.0
  6
BYLAYER
100
AcDbLine
 10
9.4291843811099554
 20
7.3958925951879468
 30
0.0
 11
9.4416669002579514
 21
7.3834100760399508
 31
0.0
  0
LINE
  5
DC
100
AcDbEntity
  8
Step 07
 62
256
370
-1
 48
1.0
  6
BYLAYER
100
AcDbLine
 10
9.4416669002579514
 20
7.3834100760399508
 30
0.0
 11
9.4479081598319503
 21
7.3709275568919539
 31
0.0
  0
LINE
  5
DD
100
AcDbEntity
  8
Step 07
 62
256
370
-1
 48
1.0
  6
BYLAYER
100
AcDbLine
 10
9.4479081598319503
 20
7.3709275568919539
 30
0.0
 11
9.4666319385539452
 21
7.3584450377439579
 31
0.0
  0
LINE
  5
DE
100
AcDbEntity
  8
Step 07
 62
256
370
-1
 48
1.0
  6
BYLAYER
100
AcDbLine
 10
9.4666319385539452
 20
7.3584450377439579
 30
0.0
 11
9.4853557172759402
 21
7.3397212590219629
 31
0.0
  0
LINE
  5
DF
100
AcDbEntity
  8
Step 07
 62
256
370
-1
 48
1.0
  6
BYLAYER
100
AcDbLine
 10
9.4853557172759402
 20
7.3397212590219629
 30
0.0
 11
9.5040794959979351
 21
7.320997480299968
 31
0.0
  0
LINE
  5
E0
100
AcDbEntity
  8
Step 07
 62
256
370
-1
 48
1.0
  6
BYLAYER
100
AcDbLine
 10
9.5040794959979351
 20
7.320997480299968
 30
0.0
 11
9.5165620151459311
 21
7.3022737015779731
 31
0.0
  0
LINE
  5
E1
100
AcDbEntity
  8
Step 07
 62
256
370
-1
 48
1.0
  6
BYLAYER
100
AcDbLine
 10
9.5165620151459311
 20
7.3022737015779731
 30
0.0
 11
9.5352857938679261
 21
7.2835499228559781
 31
0.0
  0
LINE
  5
E2
100
AcDbEntity
  8
Step 07
 62
256
370
-1
 48
1.0
  6
BYLAYER
100
AcDbLine
 10
9.5352857938679261
 20
7.2835499228559781
 30
0.0
 11
9.554009572589921
 21
7.2648261441339841
 31
0.0
  0
LINE
  5
E3
100
AcDbEntity
  8
Step 07
 62
256
370
-1
 48
1.0
  6
BYLAYER
100
AcDbLine
 10
9.554009572589921
 20
7.2648261441339841
 30
0.0
 11
9.566492091737917
 21
7.2523436249859872
 31
0.0
  0
LINE
  5
E4
100
AcDbEntity
  8
Step 07
 62
256
370
-1
 48
1.0
  6
BYLAYER
100
AcDbLine
 10
9.566492091737917
 20
7.2523436249859872
 30
0.0
 11
9.5727333513119159
 21
7.2523436249859872
 31
0.0
  0
LINE
  5
E5
100
AcDbEntity
  8
Step 07
 62
256
370
-1
 48
1.0
  6
BYLAYER
100
AcDbLine
 10
9.5727333513119159
 20
7.2523436249859872
 30
0.0
 11
9.5727333513119159
 21
7.2398611058379903
 31
0.0
  0
LINE
  5
E6
100
AcDbEntity
  8
Step 07
 62
256
370
-1
 48
1.0
  6
BYLAYER
100
AcDbLine
 10
9.5727333513119159
 20
7.2398611058379903
 30
0.0
 11
9.585215870459912
 21
7.2211373271159953
 31
0.0
  0
LINE
  5
E7
100
AcDbEntity
  8
Step 07
 62
256
370
-1
 48
1.0
  6
BYLAYER
100
AcDbLine
 10
9.585215870459912
 20
7.2211373271159953
 30
0.0
 11
9.5914571300339109
 21
7.2148960675419973
 31
0.0
  0
LINE
  5
E8
100
AcDbEntity
  8
Step 07
 62
256
370
-1
 48
1.0
  6
BYLAYER
100
AcDbLine
 10
9.5914571300339109
 20
7.2148960675419973
 30
0.0
 11
9.5914571300339109
 21
7.2024135483940004
 31
0.0
  0
LINE
  5
E9
100
AcDbEntity
  8
Step 07
 62
256
370
-1
 48
1.0
  6
BYLAYER
100
AcDbLine
 10
9.5914571300339109
 20
7.2024135483940004
 30
0.0
 11
9.5914571300339109
 21
7.1774485100980083
 31
0.0
  0
LINE
  5
EA
100
AcDbEntity
  8
Step 07
 62
256
370
-1
 48
1.0
  6
BYLAYER
100
AcDbLine
 10
9.5914571300339109
 20
7.1774485100980083
 30
0.0
 11
9.597698389607908
 21
7.1587247313760134
 31
0.0
  0
LINE
  5
EB
100
AcDbEntity
  8
Step 07
 62
256
370
-1
 48
1.0
  6
BYLAYER
100
AcDbLine
 10
9.597698389607908
 20
7.1587247313760134
 30
0.0
 11
9.597698389607908
 21
7.1400009526540185
 31
0.0
  0
LINE
  5
EC
100
AcDbEntity
  8
Step 07
 62
256
370
-1
 48
1.0
  6
BYLAYER
100
AcDbLine
 10
9.597698389607908
 20
7.1400009526540185
 30
0.0
 11
9.597698389607908
 21
7.1337596930800196
 31
0.0
  0
LINE
  5
ED
100
AcDbEntity
  8
Step 07
 62
256
370
-1
 48
1.0
  6
BYLAYER
100
AcDbLine
 10
9.597698389607908
 20
7.1337596930800196
 30
0.0
 11
9.5727333513119159
 21
7.1212771739320235
 31
0.0
  0
LINE
  5
EE
100
AcDbEntity
  8
Step 07
 62
256
370
-1
 48
1.0
  6
BYLAYER
100
AcDbLine
 10
9.5727333513119159
 20
7.1212771739320235
 30
0.0
 11
9.5477683130159221
 21
7.1150359143580255
 31
0.0
  0
LINE
  5
EF
100
AcDbEntity
  8
Step 07
 62
256
370
-1
 48
1.0
  6
BYLAYER
100
AcDbLine
 10
9.5477683130159221
 20
7.1150359143580255
 30
0.0
 11
9.52280327471993
 21
7.1025533952100286
 31
0.0
  0
LINE
  5
F0
100
AcDbEntity
  8
Step 07
 62
256
370
-1
 48
1.0
  6
BYLAYER
100
AcDbLine
 10
9.52280327471993
 20
7.1025533952100286
 30
0.0
 11
9.4791144577019413
 21
7.0526233186180427
 31
0.0
  0
LINE
  5
F1
100
AcDbEntity
  8
Step 07
 62
256
370
-1
 48
1.0
  6
BYLAYER
100
AcDbLine
 10
9.4791144577019413
 20
7.0526233186180427
 30
0.0
 11
9.4541494194059474
 21
7.0214170207480517
 31
0.0
  0
LINE
  5
F2
100
AcDbEntity
  8
Step 07
 62
256
370
-1
 48
1.0
  6
BYLAYER
100
AcDbLine
 10
9.4541494194059474
 20
7.0214170207480517
 30
0.0
 11
9.4479081598319503
 21
7.0026932420260568
 31
0.0
  0
LINE
  5
F3
100
AcDbEntity
  8
Step 07
 62
256
370
-1
 48
1.0
  6
BYLAYER
100
AcDbLine
 10
9.4479081598319503
 20
7.0026932420260568
 30
0.0
 11
9.4479081598319503
 21
6.9839694633040619
 31
0.0
  0
LINE
  5
F4
100
AcDbEntity
  8
Step 07
 62
256
370
-1
 48
1.0
  6
BYLAYER
100
AcDbLine
 10
9.4479081598319503
 20
6.9839694633040619
 30
0.0
 11
9.4354256406839543
 21
6.9652456845820669
 31
0.0
  0
LINE
  5
F5
100
AcDbEntity
  8
Step 07
 62
256
370
-1
 48
1.0
  6
BYLAYER
100
AcDbLine
 10
9.4354256406839543
 20
6.9652456845820669
 30
0.0
 11
9.4354256406839543
 21
6.959004425008068
 31
0.0
  0
LINE
  5
F6
100
AcDbEntity
  8
Step 07
 62
256
370
-1
 48
1.0
  6
BYLAYER
100
AcDbLine
 10
9.4354256406839543
 20
6.959004425008068
 30
0.0
 11
9.4354256406839543
 21
6.946521905860072
 31
0.0
  0
LINE
  5
F7
100
AcDbEntity
  8
Step 07
 62
256
370
-1
 48
1.0
  6
BYLAYER
100
AcDbLine
 10
9.4354256406839543
 20
6.946521905860072
 30
0.0
 11
9.4354256406839543
 21
6.940280646286074
 31
0.0
  0
LINE
  5
F8
100
AcDbEntity
  8
Step 07
 62
256
370
-1
 48
1.0
  6
BYLAYER
100
AcDbLine
 10
9.4354256406839543
 20
6.940280646286074
 30
0.0
 11
9.4416669002579514
 21
6.934039386712076
 31
0.0
  0
LINE
  5
F9
100
AcDbEntity
  8
Step 07
 62
256
370
-1
 48
1.0
  6
BYLAYER
100
AcDbLine
 10
9.4416669002579514
 20
6.934039386712076
 30
0.0
 11
9.4541494194059474
 21
6.915315607990081
 31
0.0
  0
LINE
  5
FA
100
AcDbEntity
  8
Step 07
 62
256
370
-1
 48
1.0
  6
BYLAYER
100
AcDbLine
 10
9.4541494194059474
 20
6.915315607990081
 30
0.0
 11
9.4791144577019413
 21
6.9028330888420841
 31
0.0
  0
LINE
  5
FB
100
AcDbEntity
  8
Step 07
 62
256
370
-1
 48
1.0
  6
BYLAYER
100
AcDbLine
 10
9.4791144577019413
 20
6.9028330888420841
 30
0.0
 11
9.5477683130159221
 21
6.8653855313980943
 31
0.0
  0
LINE
  5
FC
100
AcDbEntity
  8
Step 07
 62
256
370
-1
 48
1.0
  6
BYLAYER
100
AcDbLine
 10
9.5477683130159221
 20
6.8653855313980943
 30
0.0
 11
9.554009572589921
 21
6.8591442718240963
 31
0.0
  0
LINE
  5
FD
100
AcDbEntity
  8
Step 07
 62
256
370
-1
 48
1.0
  6
BYLAYER
100
AcDbLine
 10
9.554009572589921
 20
6.8591442718240963
 30
0.0
 11
9.566492091737917
 21
6.8404204931021013
 31
0.0
  0
LINE
  5
FE
100
AcDbEntity
  8
Step 07
 62
256
370
-1
 48
1.0
  6
BYLAYER
100
AcDbLine
 10
9.566492091737917
 20
6.8404204931021013
 30
0.0
 11
9.5789746108859148
 21
6.8279379739541053
 31
0.0
  0
LINE
  5
FF
100
AcDbEntity
  8
Step 07
 62
256
370
-1
 48
1.0
  6
BYLAYER
100
AcDbLine
 10
9.5789746108859148
 20
6.8279379739541053
 30
0.0
 11
9.585215870459912
 21
6.7842491569361165
 31
0.0
  0
LINE
  5
100
100
AcDbEntity
  8
Step 07
 62
256
370
-1
 48
1.0
  6
BYLAYER
100
AcDbLine
 10
9.585215870459912
 20
6.7842491569361165
 30
0.0
 11
9.597698389607908
 21
6.7468015994921275
 31
0.0
  0
LINE
  5
101
100
AcDbEntity
  8
Step 07
 62
256
370
-1
 48
1.0
  6
BYLAYER
100
AcDbLine
 10
8.2495863216242835
 20
8.2072563398077225
 30
0.0
 11
8.2807926194942745
 21
8.1885325610857276
 31
0.0
  0
LINE
  5
102
100
AcDbEntity
  8
Step 07
 62
256
370
-1
 48
1.0
  6
BYLAYER
100
AcDbLine
 10
8.2807926194942745
 20
8.1885325610857276
 30
0.0
 11
8.2932751386422705
 21
8.1822913015117287
 31
0.0
  0
LINE
  5
103
100
AcDbEntity
  8
Step 07
 62
256
370
-1
 48
1.0
  6
BYLAYER
100
AcDbLine
 10
8.2932751386422705
 20
8.1822913015117287
 30
0.0
 11
8.3619289939562513
 21
8.1510850036417377
 31
0.0
  0
LINE
  5
104
100
AcDbEntity
  8
Step 07
 62
256
370
-1
 48
1.0
  6
BYLAYER
100
AcDbLine
 10
8.3619289939562513
 20
8.1510850036417377
 30
0.0
 11
8.3744115131042491
 21
8.1386024844937417
 31
0.0
  0
LINE
  5
105
100
AcDbEntity
  8
Step 07
 62
256
370
-1
 48
1.0
  6
BYLAYER
100
AcDbLine
 10
8.3744115131042491
 20
8.1386024844937417
 30
0.0
 11
8.4056178109742401
 21
8.1198787057717468
 31
0.0
  0
LINE
  5
106
100
AcDbEntity
  8
Step 07
 62
256
370
-1
 48
1.0
  6
BYLAYER
100
AcDbLine
 10
8.4056178109742401
 20
8.1198787057717468
 30
0.0
 11
8.4181003301222361
 21
8.1073961866237489
 31
0.0
  0
LINE
  5
107
100
AcDbEntity
  8
Step 07
 62
256
370
-1
 48
1.0
  6
BYLAYER
100
AcDbLine
 10
8.4181003301222361
 20
8.1073961866237489
 30
0.0
 11
8.44306536841823
 21
8.0574661100317631
 31
0.0
  0
LINE
  5
108
100
AcDbEntity
  8
Step 07
 62
256
370
-1
 48
1.0
  6
BYLAYER
100
AcDbLine
 10
8.44306536841823
 20
8.0574661100317631
 30
0.0
 11
8.4493066279922271
 21
8.044983590883767
 31
0.0
  0
LINE
  5
109
100
AcDbEntity
  8
Step 07
 62
256
370
-1
 48
1.0
  6
BYLAYER
100
AcDbLine
 10
8.4493066279922271
 20
8.044983590883767
 30
0.0
 11
8.468030406714222
 21
8.0075360334397772
 31
0.0
  0
LINE
  5
10A
100
AcDbEntity
  8
Step 07
 62
256
370
-1
 48
1.0
  6
BYLAYER
100
AcDbLine
 10
8.468030406714222
 20
8.0075360334397772
 30
0.0
 11
8.4805129258622181
 21
7.9950535142917811
 31
0.0
  0
LINE
  5
10B
100
AcDbEntity
  8
Step 07
 62
256
370
-1
 48
1.0
  6
BYLAYER
100
AcDbLine
 10
8.4805129258622181
 20
7.9950535142917811
 30
0.0
 11
8.486754185436217
 21
7.9950535142917811
 31
0.0
  0
LINE
  5
10C
100
AcDbEntity
  8
Step 07
 62
256
370
-1
 48
1.0
  6
BYLAYER
100
AcDbLine
 10
8.486754185436217
 20
7.9950535142917811
 30
0.0
 11
8.5242017428802068
 21
7.9950535142917811
 31
0.0
  0
LINE
  5
10D
100
AcDbEntity
  8
Step 07
 62
256
370
-1
 48
1.0
  6
BYLAYER
100
AcDbLine
 10
8.5242017428802068
 20
7.9950535142917811
 30
0.0
 11
8.5866143386201887
 21
8.0075360334397772
 31
0.0
  0
LINE
  5
10E
100
AcDbEntity
  8
Step 07
 62
256
370
-1
 48
1.0
  6
BYLAYER
100
AcDbLine
 10
8.5866143386201887
 20
8.0075360334397772
 30
0.0
 11
8.6365444152121746
 21
8.0200185525877732
 31
0.0
  0
LINE
  5
10F
100
AcDbEntity
  8
Step 07
 62
256
370
-1
 48
1.0
  6
BYLAYER
100
AcDbLine
 10
8.6365444152121746
 20
8.0200185525877732
 30
0.0
 11
8.6989570109521583
 21
8.032501071735771
 31
0.0
  0
LINE
  5
110
100
AcDbEntity
  8
Step 07
 62
256
370
-1
 48
1.0
  6
BYLAYER
100
AcDbLine
 10
8.6989570109521583
 20
8.032501071735771
 30
0.0
 11
8.7426458279701453
 21
8.044983590883767
 31
0.0
  0
LINE
  5
111
100
AcDbEntity
  8
Step 07
 62
256
370
-1
 48
1.0
  6
BYLAYER
100
AcDbLine
 10
8.7426458279701453
 20
8.044983590883767
 30
0.0
 11
8.8112996832841262
 21
8.044983590883767
 31
0.0
  0
LINE
  5
112
100
AcDbEntity
  8
Step 07
 62
256
370
-1
 48
1.0
  6
BYLAYER
100
AcDbLine
 10
8.8112996832841262
 20
8.044983590883767
 30
0.0
 11
8.83626472158012
 21
8.044983590883767
 31
0.0
  0
LINE
  5
113
100
AcDbEntity
  8
Step 07
 62
256
370
-1
 48
1.0
  6
BYLAYER
100
AcDbLine
 10
8.83626472158012
 20
8.044983590883767
 30
0.0
 11
8.9610899130600856
 21
7.9950535142917811
 31
0.0
  0
LINE
  5
114
100
AcDbEntity
  8
Step 07
 62
256
370
-1
 48
1.0
  6
BYLAYER
100
AcDbLine
 10
8.9610899130600856
 20
7.9950535142917811
 30
0.0
 11
8.9798136917820806
 21
7.9888122547177822
 31
0.0
  0
LINE
  5
115
100
AcDbEntity
  8
Step 07
 62
256
370
-1
 48
1.0
  6
BYLAYER
100
AcDbLine
 10
8.9798136917820806
 20
7.9888122547177822
 30
0.0
 11
8.9922962109300766
 21
7.9825709951437842
 31
0.0
  0
LINE
  5
116
100
AcDbEntity
  8
Step 07
 62
256
370
-1
 48
1.0
  6
BYLAYER
100
AcDbLine
 10
8.9922962109300766
 20
7.9825709951437842
 30
0.0
 11
8.9985374705040755
 21
7.9763297355697862
 31
0.0
  0
LINE
  5
117
100
AcDbEntity
  8
Step 07
 62
256
370
-1
 48
1.0
  6
BYLAYER
100
AcDbLine
 10
8.9985374705040755
 20
7.9763297355697862
 30
0.0
 11
9.0422262875220625
 21
7.9326409185517983
 31
0.0
  0
LINE
  5
118
100
AcDbEntity
  8
Step 07
 62
256
370
-1
 48
1.0
  6
BYLAYER
100
AcDbLine
 10
9.0422262875220625
 20
7.9326409185517983
 30
0.0
 11
9.0547088066700603
 21
7.9201583994038014
 31
0.0
  0
LINE
  5
119
100
AcDbEntity
  8
Step 07
 62
256
370
-1
 48
1.0
  6
BYLAYER
100
AcDbLine
 10
9.0547088066700603
 20
7.9201583994038014
 30
0.0
 11
9.0734325853920534
 21
7.9139171398298034
 31
0.0
  0
LINE
  5
11A
100
AcDbEntity
  8
Step 07
 62
256
370
-1
 48
1.0
  6
BYLAYER
100
AcDbLine
 10
9.0734325853920534
 20
7.9139171398298034
 30
0.0
 11
9.1046388832620462
 21
7.9139171398298034
 31
0.0
  0
LINE
  5
11B
100
AcDbEntity
  8
Step 07
 62
256
370
-1
 48
1.0
  6
BYLAYER
100
AcDbLine
 10
9.1046388832620462
 20
7.9139171398298034
 30
0.0
 11
9.2107402960200169
 21
7.9139171398298034
 31
0.0
  0
LINE
  5
11C
100
AcDbEntity
  8
Step 07
 62
256
370
-1
 48
1.0
  6
BYLAYER
100
AcDbLine
 10
9.2107402960200169
 20
7.9139171398298034
 30
0.0
 11
9.2606703726120028
 21
7.9139171398298034
 31
0.0
  0
LINE
  5
11D
100
AcDbEntity
  8
Step 07
 62
256
370
-1
 48
1.0
  6
BYLAYER
100
AcDbLine
 10
9.2606703726120028
 20
7.9139171398298034
 30
0.0
 11
9.2793941513339977
 21
7.9139171398298034
 31
0.0
  0
LINE
  5
11E
100
AcDbEntity
  8
Step 07
 62
256
370
-1
 48
1.0
  6
BYLAYER
100
AcDbLine
 10
9.2793941513339977
 20
7.9139171398298034
 30
0.0
 11
9.2856354109079948
 21
7.9139171398298034
 31
0.0
  0
LINE
  5
11F
100
AcDbEntity
  8
Step 07
 62
256
370
-1
 48
1.0
  6
BYLAYER
100
AcDbLine
 10
9.2856354109079948
 20
7.9139171398298034
 30
0.0
 11
9.2918766704819937
 21
7.9139171398298034
 31
0.0
  0
LINE
  5
120
100
AcDbEntity
  8
Step 07
 62
256
370
-1
 48
1.0
  6
BYLAYER
100
AcDbLine
 10
0.1575009812839461
 20
2.9398618831822896
 30
0.0
 11
0.2480941122524458
 21
2.9398618831822896
 31
0.0
  0
LINE
  5
121
100
AcDbEntity
  8
Step 07
 62
256
370
-1
 48
1.0
  6
BYLAYER
100
AcDbLine
 10
0.2480941122524458
 20
2.9398618831822896
 30
0.0
 11
0.4033966224841594
 21
2.978687510740218
 31
0.0
  0
LINE
  5
122
100
AcDbEntity
  8
Step 07
 62
256
370
-1
 48
1.0
  6
BYLAYER
100
AcDbLine
 10
0.4033966224841594
 20
2.978687510740218
 30
0.0
 11
0.4292803741894451
 21
2.978687510740218
 31
0.0
  0
LINE
  5
123
100
AcDbEntity
  8
Step 07
 62
256
370
-1
 48
1.0
  6
BYLAYER
100
AcDbLine
 10
0.4292803741894451
 20
2.978687510740218
 30
0.0
 11
0.4422222500420878
 21
2.9916293865928614
 31
0.0
  0
LINE
  5
124
100
AcDbEntity
  8
Step 07
 62
256
370
-1
 48
1.0
  6
BYLAYER
100
AcDbLine
 10
0.4422222500420878
 20
2.9916293865928614
 30
0.0
 11
0.4810478776000162
 21
3.0045712624455039
 31
0.0
  0
LINE
  5
125
100
AcDbEntity
  8
Step 07
 62
256
370
-1
 48
1.0
  6
BYLAYER
100
AcDbLine
 10
0.4810478776000162
 20
3.0045712624455039
 30
0.0
 11
0.4810478776000162
 21
3.0175131382981464
 31
0.0
  0
LINE
  5
126
100
AcDbEntity
  8
Step 07
 62
256
370
-1
 48
1.0
  6
BYLAYER
100
AcDbLine
 10
0.4810478776000162
 20
3.0175131382981464
 30
0.0
 11
0.5069316293053019
 21
3.0563387658560748
 31
0.0
  0
LINE
  5
127
100
AcDbEntity
  8
Step 07
 62
256
370
-1
 48
1.0
  6
BYLAYER
100
AcDbLine
 10
0.5069316293053019
 20
3.0563387658560748
 30
0.0
 11
0.5198735051579446
 21
3.0692806417087182
 31
0.0
  0
LINE
  5
128
100
AcDbEntity
  8
Step 07
 62
256
370
-1
 48
1.0
  6
BYLAYER
100
AcDbLine
 10
0.5198735051579446
 20
3.0692806417087182
 30
0.0
 11
0.558699132715873
 21
3.17281564852986
 31
0.0
  0
LINE
  5
129
100
AcDbEntity
  8
Step 07
 62
256
370
-1
 48
1.0
  6
BYLAYER
100
AcDbLine
 10
0.558699132715873
 20
3.17281564852986
 30
0.0
 11
0.558699132715873
 21
3.1986994002351459
 31
0.0
  0
LINE
  5
12A
100
AcDbEntity
  8
Step 07
 62
256
370
-1
 48
1.0
  6
BYLAYER
100
AcDbLine
 10
0.558699132715873
 20
3.1986994002351459
 30
0.0
 11
0.5845828844211587
 21
3.2245831519404318
 31
0.0
  0
LINE
  5
12B
100
AcDbEntity
  8
Step 07
 62
256
370
-1
 48
1.0
  6
BYLAYER
100
AcDbLine
 10
0.5845828844211587
 20
3.2245831519404318
 30
0.0
 11
0.5975247602738014
 21
3.2634087794983602
 31
0.0
  0
LINE
  5
12C
100
AcDbEntity
  8
Step 07
 62
256
370
-1
 48
1.0
  6
BYLAYER
100
AcDbLine
 10
0.5975247602738014
 20
3.2634087794983602
 30
0.0
 11
0.6492922636843728
 21
3.3540019104668595
 31
0.0
  0
LINE
  5
12D
100
AcDbEntity
  8
Step 07
 62
256
370
-1
 48
1.0
  6
BYLAYER
100
AcDbLine
 10
0.6492922636843728
 20
3.3540019104668595
 30
0.0
 11
0.6751760153896582
 21
3.4057694138774313
 31
0.0
  0
LINE
  5
12E
100
AcDbEntity
  8
Step 07
 62
256
370
-1
 48
1.0
  6
BYLAYER
100
AcDbLine
 10
0.6751760153896582
 20
3.4057694138774313
 30
0.0
 11
0.7140016429475866
 21
3.4704787931406447
 31
0.0
  0
LINE
  5
12F
100
AcDbEntity
  8
Step 07
 62
256
370
-1
 48
1.0
  6
BYLAYER
100
AcDbLine
 10
0.7140016429475866
 20
3.4704787931406447
 30
0.0
 11
0.7657691463581577
 21
3.5093044206985731
 31
0.0
  0
LINE
  5
130
100
AcDbEntity
  8
Step 07
 62
256
370
-1
 48
1.0
  6
BYLAYER
100
AcDbLine
 10
0.7657691463581577
 20
3.5093044206985731
 30
0.0
 11
0.8434204014740145
 21
3.6128394275197158
 31
0.0
  0
LINE
  5
131
100
AcDbEntity
  8
Step 07
 62
256
370
-1
 48
1.0
  6
BYLAYER
100
AcDbLine
 10
0.8434204014740145
 20
3.6128394275197158
 30
0.0
 11
0.9340135324425143
 21
3.7552000618987869
 31
0.0
  0
LINE
  5
132
100
AcDbEntity
  8
Step 07
 62
256
370
-1
 48
1.0
  6
BYLAYER
100
AcDbLine
 10
0.9340135324425143
 20
3.7552000618987869
 30
0.0
 11
0.9728391600004427
 21
3.8069675653093578
 31
0.0
  0
LINE
  5
133
100
AcDbEntity
  8
Step 07
 62
256
370
-1
 48
1.0
  6
BYLAYER
100
AcDbLine
 10
0.9728391600004427
 20
3.8069675653093578
 30
0.0
 11
0.9987229117057286
 21
3.8199094411620003
 31
0.0
  0
LINE
  5
134
100
AcDbEntity
  8
Step 07
 62
256
370
-1
 48
1.0
  6
BYLAYER
100
AcDbLine
 10
0.9987229117057286
 20
3.8199094411620003
 30
0.0
 11
1.024606663411014
 21
3.8716769445725721
 31
0.0
  0
LINE
  5
135
100
AcDbEntity
  8
Step 07
 62
256
370
-1
 48
1.0
  6
BYLAYER
100
AcDbLine
 10
1.024606663411014
 20
3.8716769445725721
 30
0.0
 11
1.0763741668215854
 21
3.9493281996884289
 31
0.0
  0
LINE
  5
136
100
AcDbEntity
  8
Step 07
 62
256
370
-1
 48
1.0
  6
BYLAYER
100
AcDbLine
 10
1.0763741668215854
 20
3.9493281996884289
 30
0.0
 11
1.0893160426742279
 21
3.9752119513937139
 31
0.0
  0
LINE
  5
137
100
AcDbEntity
  8
Step 07
 62
256
370
-1
 48
1.0
  6
BYLAYER
100
AcDbLine
 10
1.0893160426742279
 20
3.9752119513937139
 30
0.0
 11
1.1281416702321563
 21
4.0787469582148566
 31
0.0
  0
LINE
  5
138
100
AcDbEntity
  8
Step 07
 62
256
370
-1
 48
1.0
  6
BYLAYER
100
AcDbLine
 10
1.1281416702321563
 20
4.0787469582148566
 30
0.0
 11
1.1410835460847992
 21
4.1305144616254275
 31
0.0
  0
LINE
  5
139
100
AcDbEntity
  8
Step 07
 62
256
370
-1
 48
1.0
  6
BYLAYER
100
AcDbLine
 10
1.1410835460847992
 20
4.1305144616254275
 30
0.0
 11
1.1540254219374422
 21
4.2081657167412851
 31
0.0
  0
LINE
  5
13A
100
AcDbEntity
  8
Step 07
 62
256
370
-1
 48
1.0
  6
BYLAYER
100
AcDbLine
 10
1.1540254219374422
 20
4.2081657167412851
 30
0.0
 11
1.1669672977900847
 21
4.2858169718571419
 31
0.0
  0
LINE
  5
13B
100
AcDbEntity
  8
Step 07
 62
256
370
-1
 48
1.0
  6
BYLAYER
100
AcDbLine
 10
1.1669672977900847
 20
4.2858169718571419
 30
0.0
 11
1.1799091736427276
 21
4.311700723562427
 31
0.0
  0
LINE
  5
13C
100
AcDbEntity
  8
Step 07
 62
256
370
-1
 48
1.0
  6
BYLAYER
100
AcDbLine
 10
1.1799091736427276
 20
4.311700723562427
 30
0.0
 11
1.218734801200656
 21
4.3634682269729987
 31
0.0
  0
LINE
  5
13D
100
AcDbEntity
  8
Step 07
 62
256
370
-1
 48
1.0
  6
BYLAYER
100
AcDbLine
 10
1.218734801200656
 20
4.3634682269729987
 30
0.0
 11
1.2446185529059415
 21
4.3893519786782837
 31
0.0
  0
LINE
  5
13E
100
AcDbEntity
  8
Step 07
 62
256
370
-1
 48
1.0
  6
BYLAYER
100
AcDbLine
 10
1.2446185529059415
 20
4.3893519786782837
 30
0.0
 11
1.2705023046112274
 21
4.4152357303835696
 31
0.0
  0
LINE
  5
13F
100
AcDbEntity
  8
Step 07
 62
256
370
-1
 48
1.0
  6
BYLAYER
100
AcDbLine
 10
1.2705023046112274
 20
4.4152357303835696
 30
0.0
 11
1.2834441804638699
 21
4.428177606236213
 31
0.0
  0
LINE
  5
140
100
AcDbEntity
  8
Step 07
 62
256
370
-1
 48
1.0
  6
BYLAYER
100
AcDbLine
 10
1.2834441804638699
 20
4.428177606236213
 30
0.0
 11
1.3222698080217983
 21
4.428177606236213
 31
0.0
  0
LINE
  5
141
100
AcDbEntity
  8
Step 07
 62
256
370
-1
 48
1.0
  6
BYLAYER
100
AcDbLine
 10
1.3222698080217983
 20
4.428177606236213
 30
0.0
 11
1.3610954355797271
 21
4.428177606236213
 31
0.0
  0
LINE
  5
142
100
AcDbEntity
  8
Step 07
 62
256
370
-1
 48
1.0
  6
BYLAYER
100
AcDbLine
 10
1.3610954355797271
 20
4.428177606236213
 30
0.0
 11
1.4775723182535123
 21
4.4411194820888547
 31
0.0
  0
LINE
  5
143
100
AcDbEntity
  8
Step 07
 62
256
370
-1
 48
1.0
  6
BYLAYER
100
AcDbLine
 10
1.4775723182535123
 20
4.4411194820888547
 30
0.0
 11
1.5552235733693691
 21
4.4411194820888547
 31
0.0
  0
LINE
  5
144
100
AcDbEntity
  8
Step 07
 62
256
370
-1
 48
1.0
  6
BYLAYER
100
AcDbLine
 10
1.5552235733693691
 20
4.4411194820888547
 30
0.0
 11
1.5681654492220116
 21
4.4411194820888547
 31
0.0
  0
LINE
  5
145
100
AcDbEntity
  8
Step 07
 62
256
370
-1
 48
1.0
  6
BYLAYER
100
AcDbLine
 10
1.5681654492220116
 20
4.4411194820888547
 30
0.0
 11
1.5811073250746546
 21
4.4411194820888547
 31
0.0
  0
LINE
  5
146
100
AcDbEntity
  8
Step 07
 62
256
370
-1
 48
1.0
  6
BYLAYER
100
AcDbLine
 10
1.5811073250746546
 20
4.4411194820888547
 30
0.0
 11
1.6717004560431543
 21
4.454061357941498
 31
0.0
  0
LINE
  5
147
100
AcDbEntity
  8
Step 07
 62
256
370
-1
 48
1.0
  6
BYLAYER
100
AcDbLine
 10
1.6717004560431543
 20
4.454061357941498
 30
0.0
 11
1.7622935870116536
 21
4.4670032337941414
 31
0.0
  0
LINE
  5
148
100
AcDbEntity
  8
Step 07
 62
256
370
-1
 48
1.0
  6
BYLAYER
100
AcDbLine
 10
1.7622935870116536
 20
4.4670032337941414
 30
0.0
 11
1.8528867179801534
 21
4.4799451096467831
 31
0.0
  0
LINE
  5
149
100
AcDbEntity
  8
Step 07
 62
256
370
-1
 48
1.0
  6
BYLAYER
100
AcDbLine
 10
1.8528867179801534
 20
4.4799451096467831
 30
0.0
 11
1.8658285938327963
 21
4.4928869854994264
 31
0.0
  0
LINE
  5
14A
100
AcDbEntity
  8
Step 07
 62
256
370
-1
 48
1.0
  6
BYLAYER
100
AcDbLine
 10
1.8658285938327963
 20
4.4928869854994264
 30
0.0
 11
1.9175960972433677
 21
4.5058288613520698
 31
0.0
  0
LINE
  5
14B
100
AcDbEntity
  8
Step 07
 62
256
370
-1
 48
1.0
  6
BYLAYER
100
AcDbLine
 10
1.9175960972433677
 20
4.5058288613520698
 30
0.0
 11
1.9952473523592245
 21
4.5317126130573548
 31
0.0
  0
LINE
  5
14C
100
AcDbEntity
  8
Step 07
 62
256
370
-1
 48
1.0
  6
BYLAYER
100
AcDbLine
 10
1.9952473523592245
 20
4.5317126130573548
 30
0.0
 11
1.9952473523592245
 21
4.5446544889099982
 31
0.0
  0
LINE
  5
14D
100
AcDbEntity
  8
Step 07
 62
256
370
-1
 48
1.0
  6
BYLAYER
100
AcDbLine
 10
1.9952473523592245
 20
4.5446544889099982
 30
0.0
 11
2.008189228211867
 21
4.5705382406152832
 31
0.0
  0
LINE
  5
14E
100
AcDbEntity
  8
Step 07
 62
256
370
-1
 48
1.0
  6
BYLAYER
100
AcDbLine
 10
2.008189228211867
 20
4.5705382406152832
 30
0.0
 11
2.0470148557697954
 21
4.6093638681732116
 31
0.0
  0
LINE
  5
14F
100
AcDbEntity
  8
Step 07
 62
256
370
-1
 48
1.0
  6
BYLAYER
100
AcDbLine
 10
2.0470148557697954
 20
4.6093638681732116
 30
0.0
 11
2.1246661108856522
 21
4.674073247436425
 31
0.0
  0
LINE
  5
150
100
AcDbEntity
  8
Step 07
 62
256
370
-1
 48
1.0
  6
BYLAYER
100
AcDbLine
 10
2.1246661108856522
 20
4.674073247436425
 30
0.0
 11
2.1246661108856522
 21
4.6870151232890684
 31
0.0
  0
LINE
  5
151
100
AcDbEntity
  8
Step 07
 62
256
370
-1
 48
1.0
  6
BYLAYER
100
AcDbLine
 10
2.1246661108856522
 20
4.6870151232890684
 30
0.0
 11
2.1376079867382951
 21
4.6870151232890684
 31
0.0
  0
LINE
  5
152
100
AcDbEntity
  8
Step 07
 62
256
370
-1
 48
1.0
  6
BYLAYER
100
AcDbLine
 10
2.1376079867382951
 20
4.6870151232890684
 30
0.0
 11
2.1634917384435806
 21
4.7258407508469968
 31
0.0
  0
LINE
  5
153
100
AcDbEntity
  8
Step 07
 62
256
370
-1
 48
1.0
  6
BYLAYER
100
AcDbLine
 10
2.1634917384435806
 20
4.7258407508469968
 30
0.0
 11
2.1634917384435806
 21
4.7387826266996402
 31
0.0
  0
LINE
  5
154
100
AcDbEntity
  8
Step 07
 62
256
370
-1
 48
1.0
  6
BYLAYER
100
AcDbLine
 10
2.1634917384435806
 20
4.7387826266996402
 30
0.0
 11
2.1764336142962235
 21
4.7387826266996402
 31
0.0
  0
LINE
  5
155
100
AcDbEntity
  8
Step 07
 62
256
370
-1
 48
1.0
  6
BYLAYER
100
AcDbLine
 10
2.1764336142962235
 20
4.7387826266996402
 30
0.0
 11
2.1764336142962235
 21
4.7646663784049252
 31
0.0
  0
LINE
  5
156
100
AcDbEntity
  8
Step 07
 62
256
370
-1
 48
1.0
  6
BYLAYER
100
AcDbLine
 10
0.1445591054313033
 20
2.9139781314770046
 30
0.0
 11
0.1445591054313033
 21
2.8880943797717187
 31
0.0
  0
LINE
  5
157
100
AcDbEntity
  8
Step 07
 62
256
370
-1
 48
1.0
  6
BYLAYER
100
AcDbLine
 10
0.1445591054313033
 20
2.8880943797717187
 30
0.0
 11
0.1445591054313033
 21
2.8751525039190762
 31
0.0
  0
LINE
  5
158
100
AcDbEntity
  8
Step 07
 62
256
370
-1
 48
1.0
  6
BYLAYER
100
AcDbLine
 10
0.1445591054313033
 20
2.8751525039190762
 30
0.0
 11
0.1445591054313033
 21
2.8622106280664328
 31
0.0
  0
LINE
  5
159
100
AcDbEntity
  8
Step 07
 62
256
370
-1
 48
1.0
  6
BYLAYER
100
AcDbLine
 10
0.1445591054313033
 20
2.8622106280664328
 30
0.0
 11
0.1316172295786606
 21
2.8363268763611478
 31
0.0
  0
LINE
  5
15A
100
AcDbEntity
  8
Step 07
 62
256
370
-1
 48
1.0
  6
BYLAYER
100
AcDbLine
 10
0.1316172295786606
 20
2.8363268763611478
 30
0.0
 11
0.1316172295786606
 21
2.784559372950576
 31
0.0
  0
LINE
  5
15B
100
AcDbEntity
  8
Step 07
 62
256
370
-1
 48
1.0
  6
BYLAYER
100
AcDbLine
 10
0.1316172295786606
 20
2.784559372950576
 30
0.0
 11
0.1445591054313033
 21
2.758675621245291
 31
0.0
  0
LINE
  5
15C
100
AcDbEntity
  8
Step 07
 62
256
370
-1
 48
1.0
  6
BYLAYER
100
AcDbLine
 10
0.1445591054313033
 20
2.758675621245291
 30
0.0
 11
0.1575009812839461
 21
2.7457337453926476
 31
0.0
  0
LINE
  5
15D
100
AcDbEntity
  8
Step 07
 62
256
370
-1
 48
1.0
  6
BYLAYER
100
AcDbLine
 10
0.1575009812839461
 20
2.7457337453926476
 30
0.0
 11
0.170442857136589
 21
2.7198499936873626
 31
0.0
  0
LINE
  5
15E
100
AcDbEntity
  8
Step 07
 62
256
370
-1
 48
1.0
  6
BYLAYER
100
AcDbLine
 10
0.170442857136589
 20
2.7198499936873626
 30
0.0
 11
0.1833847329892317
 21
2.7198499936873626
 31
0.0
  0
LINE
  5
15F
100
AcDbEntity
  8
Step 07
 62
256
370
-1
 48
1.0
  6
BYLAYER
100
AcDbLine
 10
0.1833847329892317
 20
2.7198499936873626
 30
0.0
 11
0.2222103605471601
 21
2.6421987385715058
 31
0.0
  0
LINE
  5
160
100
AcDbEntity
  8
Step 07
 62
256
370
-1
 48
1.0
  6
BYLAYER
100
AcDbLine
 10
0.2222103605471601
 20
2.6421987385715058
 30
0.0
 11
0.2480941122524458
 21
2.6163149868662199
 31
0.0
  0
LINE
  5
161
100
AcDbEntity
  8
Step 07
 62
256
370
-1
 48
1.0
  6
BYLAYER
100
AcDbLine
 10
0.2480941122524458
 20
2.6163149868662199
 30
0.0
 11
0.2610359881050885
 21
2.5774893593082915
 31
0.0
  0
LINE
  5
162
100
AcDbEntity
  8
Step 07
 62
256
370
-1
 48
1.0
  6
BYLAYER
100
AcDbLine
 10
0.2610359881050885
 20
2.5774893593082915
 30
0.0
 11
0.2610359881050885
 21
2.564547483455649
 31
0.0
  0
LINE
  5
163
100
AcDbEntity
  8
Step 07
 62
256
370
-1
 48
1.0
  6
BYLAYER
100
AcDbLine
 10
0.2610359881050885
 20
2.564547483455649
 30
0.0
 11
0.2610359881050885
 21
2.5386637317503631
 31
0.0
  0
LINE
  5
164
100
AcDbEntity
  8
Step 07
 62
256
370
-1
 48
1.0
  6
BYLAYER
100
AcDbLine
 10
0.2610359881050885
 20
2.5386637317503631
 30
0.0
 11
0.2610359881050885
 21
2.5257218558977206
 31
0.0
  0
LINE
  5
165
100
AcDbEntity
  8
Step 07
 62
256
370
-1
 48
1.0
  6
BYLAYER
100
AcDbLine
 10
0.2610359881050885
 20
2.5257218558977206
 30
0.0
 11
0.2610359881050885
 21
2.4998381041924347
 31
0.0
  0
LINE
  5
166
100
AcDbEntity
  8
Step 07
 62
256
370
-1
 48
1.0
  6
BYLAYER
100
AcDbLine
 10
0.2610359881050885
 20
2.4998381041924347
 30
0.0
 11
0.2480941122524458
 21
2.4610124766345063
 31
0.0
  0
LINE
  5
167
100
AcDbEntity
  8
Step 07
 62
256
370
-1
 48
1.0
  6
BYLAYER
100
AcDbLine
 10
0.2480941122524458
 20
2.4610124766345063
 30
0.0
 11
0.2480941122524458
 21
2.4480706007818638
 31
0.0
  0
LINE
  5
168
100
AcDbEntity
  8
Step 07
 62
256
370
-1
 48
1.0
  6
BYLAYER
100
AcDbLine
 10
0.2480941122524458
 20
2.4480706007818638
 30
0.0
 11
0.2480941122524458
 21
2.4351287249292204
 31
0.0
  0
LINE
  5
169
100
AcDbEntity
  8
Step 07
 62
256
370
-1
 48
1.0
  6
BYLAYER
100
AcDbLine
 10
0.2480941122524458
 20
2.4351287249292204
 30
0.0
 11
0.2480941122524458
 21
2.4221868490765779
 31
0.0
  0
LINE
  5
16A
100
AcDbEntity
  8
Step 07
 62
256
370
-1
 48
1.0
  6
BYLAYER
100
AcDbLine
 10
0.2480941122524458
 20
2.4221868490765779
 30
0.0
 11
0.2610359881050885
 21
2.4221868490765779
 31
0.0
  0
LINE
  5
16B
100
AcDbEntity
  8
Step 07
 62
256
370
-1
 48
1.0
  6
BYLAYER
100
AcDbLine
 10
0.2610359881050885
 20
2.4221868490765779
 30
0.0
 11
0.2739778639577313
 21
2.4221868490765779
 31
0.0
  0
ENDBLK
  5
16C
100
AcDbEntity
  8
0
100
AcDbBlockEnd
  0
BLOCK
  5
16D
100
AcDbEntity
  8
0
100
AcDbBlockBegin
  2
WhiteBore
 70
0
 10
0.0
 20
0.0
 30
0.0
  3
WhiteBore
  1

  0
CIRCLE
  5
16E
100
AcDbEntity
  8
Step 05
 62
256
370
-1
 48
1.0
  6
BYLAYER
100
AcDbCircle
 10
0.0
 20
0.0
 30
0.0
 40
0.5
  0
CIRCLE
  5
16F
100
AcDbEntity
  8
Step 06
 62
256
370
-1
 48
1.0
  6
BYLAYER
100
AcDbCircle
 10
0.0
 20
0.0
 30
0.0
 40
0.5
  0
HATCH
  5
170
100
AcDbEntity
  8
Step 05
 62
7
420
16053492
370
-1
 48
1.0
  6
BYLAYER
100
AcDbHatch
 10
0.0
 20
0.0
 30
0.0
210
0.0
220
0.0
230
1.0
  2
SOLID
 70
1
 71
0
 91
1
 92
1
 93
1
 72
2
 10
0.0
 20
0.0
 40
0.5
 50
0.0
 51
360.0
 73
1
 97
0
 75
0
 76
1
 98
0
1001
ACAD
1010
0.0
1020
0.0
1030
0
  0
HATCH
  5
171
100
AcDbEntity
  8
Step 06
 62
7
420
16053492
370
-1
 48
1.0
  6
BYLAYER
100
AcDbHatch
 10
0.0
 20
0.0
 30
0.0
210
0.0
220
0.0
230
1.0
  2
SOLID
 70
1
 71
0
 91
1
 92
1
 93
1
 72
2
 10
0.0
 20
0.0
 40
0.5
 50
0.0
 51
360.0
 73
1
 97
0
 75
0
 76
1
 98
0
1001
ACAD
1010
0.0
1020
0.0
1030
0
  0
ENDBLK
  5
172
100
AcDbEntity
  8
0
100
AcDbBlockEnd
  0
ENDSEC
  0
SECTION
  2
ENTITIES
  0
HATCH
  5
173
100
AcDbEntity
  8
Step 06
 62
252
420
10526884
370
-1
 48
1.0
  6
BYLAYER
100
AcDbHatch
 10
0.0
 20
0.0
 30
0.0
210
0.0
220
0.0
230
1.0
  2
SOLID
 70
1
 71
0
 91
1
 92
1
 93
4
 72
1
 10
57.9999999999999503
 20
53.25
 11
4.5399999999999494
 21
53.2500000000000142
 72
1
 10
4.5399999999999494
 20
53.2500000000000142
 11
4.5399999999999316
 21
54.7500000000000142
 72
1
 10
4.5399999999999316
 20
54.7500000000000142
 11
57.9999999999999645
 21
54.7499999999999858
 72
1
 10
57.9999999999999645
 20
54.7499999999999858
 11
57.9999999999999503
 21
53.25
 97
0
 75
0
 76
1
 98
0
1001
ACAD
1010
0.0
1020
0.0
1030
0
  0
HATCH
  5
174
100
AcDbEntity
  8
Step 06
 62
252
420
10526884
370
-1
 48
1.0
  6
BYLAYER
100
AcDbHatch
 10
0.0
 20
0.0
 30
0.0
210
0.0
220
0.0
230
1.0
  2
SOLID
 70
1
 71
0
 91
1
 92
1
 93
4
 72
1
 10
58.0000000000000142
 20
77.2500000000000426
 11
4.5399999999999707
 21
77.2500000000000568
 72
1
 10
4.5399999999999707
 20
77.2500000000000568
 11
4.5400000000000276
 21
78.7500000000000284
 72
1
 10
4.5400000000000276
 20
78.7500000000000284
 11
57.9999999999999858
 21
78.7500000000000426
 72
1
 10
57.9999999999999858
 20
78.7500000000000426
 11
58.0000000000000142
 21
77.2500000000000426
 97
0
 75
0
 76
1
 98
0
1001
ACAD
1010
0.0
1020
0.0
1030
0
  0
HATCH
  5
175
100
AcDbEntity
  8
Step 06
 62
252
420
10526884
370
-1
 48
1.0
  6
BYLAYER
100
AcDbHatch
 10
0.0
 20
0.0
 30
0.0
210
0.0
220
0.0
230
1.0
  2
SOLID
 70
1
 71
0
 91
1
 92
1
 93
4
 72
1
 10
57.9999999999999858
 20
0.0
 11
4.5399999999999316
 21
0.0000000000000284
 72
1
 10
4.5399999999999316
 20
0.0000000000000284
 11
4.5400000000000063
 21
1.5
 72
1
 10
4.5400000000000063
 20
1.5
 11
57.9999999999999574
 21
1.5000000000000284
 72
1
 10
57.9999999999999574
 20
1.5000000000000284
 11
57.9999999999999858
 21
0.0
 97
0
 75
0
 76
1
 98
0
1001
ACAD
1010
0.0
1020
0.0
1030
0
  0
HATCH
  5
176
100
AcDbEntity
  8
Step 06
 62
252
420
10526884
370
-1
 48
1.0
  6
BYLAYER
100
AcDbHatch
 10
0.0
 20
0.0
 30
0.0
210
0.0
220
0.0
230
1.0
  2
SOLID
 70
1
 71
0
 91
1
 92
1
 93
4
 72
1
 10
57.9999999999999716
 20
101.2500000000000711
 11
4.5399999999999991
 21
101.2500000000000853
 72
1
 10
4.5399999999999991
 20
101.2500000000000853
 11
4.5400000000000063
 21
102.7500000000000853
 72
1
 10
4.5400000000000063
 20
102.7500000000000853
 11
58.0000000000000142
 21
102.7500000000000995
 72
1
 10
58.0000000000000142
 20
102.7500000000000995
 11
57.9999999999999716
 21
101.2500000000000711
 97
0
 75
0
 76
1
 98
0
1001
ACAD
1010
0.0
1020
0.0
1030
0
  0
HATCH
  5
177
100
AcDbEntity
  8
Step 06
 62
252
420
10526884
370
-1
 48
1.0
  6
BYLAYER
100
AcDbHatch
 10
0.0
 20
0.0
 30
0.0
210
0.0
220
0.0
230
1.0
  2
SOLID
 70
1
 71
0
 91
1
 92
1
 93
4
 72
1
 10
57.9999999999999716
 20
8.0
 11
4.5399999999999849
 21
8.0000000000000284
 72
1
 10
4.5399999999999849
 20
8.0000000000000284
 11
4.5400000000000595
 21
9.5000000000000284
 72
1
 10
4.5400000000000595
 20
9.5000000000000284
 11
58.0000000000000142
 21
9.5000000000000284
 72
1
 10
58.0000000000000142
 20
9.5000000000000284
 11
57.9999999999999716
 21
8.0
 97
0
 75
0
 76
1
 98
0
1001
ACAD
1010
0.0
1020
0.0
1030
0
  0
HATCH
  5
178
100
AcDbEntity
  8
Step 06
 62
252
420
10526884
370
-1
 48
1.0
  6
BYLAYER
100
AcDbHatch
 10
0.0
 20
0.0
 30
0.0
210
0.0
220
0.0
230
1.0
  2
SOLID
 70
1
 71
0
 91
1
 92
1
 93
4
 72
1
 10
58.0000000000000142
 20
9.5
 11
4.540000000000056
 21
9.5
 72
1
 10
4.540000000000056
 20
9.5
 11
4.5400000000000098
 21
11.0
 72
1
 10
4.5400000000000098
 20
11.0
 11
57.9999999999999574
 21
10.9999999999999716
 72
1
 10
57.9999999999999574
 20
10.9999999999999716
 11
58.0000000000000142
 21
9.5
 97
0
 75
0
 76
1
 98
0
1001
ACAD
1010
0.0
1020
0.0
1030
0
  0
HATCH
  5
179
100
AcDbEntity
  8
Step 06
 62
252
420
10526884
370
-1
 48
1.0
  6
BYLAYER
100
AcDbHatch
 10
0.0
 20
0.0
 30
0.0
210
0.0
220
0.0
230
1.0
  2
SOLID
 70
1
 71
0
 91
1
 92
1
 93
4
 72
1
 10
57.9999999999999361
 20
29.2499999999999432
 11
4.5399999999999636
 21
29.2499999999999716
 72
1
 10
4.5399999999999636
 20
29.2499999999999716
 11
4.5399999999999423
 21
30.7499999999999716
 72
1
 10
4.5399999999999423
 20
30.7499999999999716
 11
58.0000000000000355
 21
30.7499999999999574
 72
1
 10
58.0000000000000355
 20
30.7499999999999574
 11
57.9999999999999361
 21
29.2499999999999432
 97
0
 75
0
 76
1
 98
0
1001
ACAD
1010
0.0
1020
0.0
1030
0
  0
HATCH
  5
17A
100
AcDbEntity
  8
Step 06
 62
252
420
10526884
370
-1
 48
1.0
  6
BYLAYER
100
AcDbHatch
 10
0.0
 20
0.0
 30
0.0
210
0.0
220
0.0
230
1.0
  2
SOLID
 70
1
 71
0
 91
1
 92
1
 93
4
 72
1
 10
58.0000000000000142
 20
125.2500000000001279
 11
4.5399999999999885
 21
125.2500000000001137
 72
1
 10
4.5399999999999885
 20
125.2500000000001137
 11
4.5400000000000098
 21
126.7500000000001137
 72
1
 10
4.5400000000000098
 20
126.7500000000001137
 11
57.9999999999999858
 21
126.7500000000001137
 72
1
 10
57.9999999999999858
 20
126.7500000000001137
 11
58.0000000000000142
 21
125.2500000000001279
 97
0
 75
0
 76
1
 98
0
1001
ACAD
1010
0.0
1020
0.0
1030
0
  0
HATCH
  5
17B
100
AcDbEntity
  8
Step 06
 62
252
420
10526884
370
-1
 48
1.0
  6
BYLAYER
100
AcDbHatch
 10
0.0
 20
0.0
 30
0.0
210
0.0
220
0.0
230
1.0
  2
SOLID
 70
1
 71
0
 91
1
 92
1
 93
4
 72
1
 10
58.0000000000000071
 20
145.0000000000000284
 11
4.5399999999999991
 21
145.0
 72
1
 10
4.5399999999999991
 20
145.0
 11
4.5400000000000027
 21
146.5
 72
1
 10
4.5400000000000027
 20
146.5
 11
58.0
 21
146.5
 72
1
 10
58.0
 20
146.5
 11
58.0000000000000071
 21
145.0000000000000284
 97
0
 75
0
 76
1
 98
0
1001
ACAD
1010
0.0
1020
0.0
1030
0
  0
HATCH
  5
17C
100
AcDbEntity
  8
Step 06
 62
252
420
10526884
370
-1
 48
1.0
  6
BYLAYER
100
AcDbHatch
 10
0.0
 20
0.0
 30
0.0
210
0.0
220
0.0
230
1.0
  2
SOLID
 70
1
 71
0
 91
1
 92
1
 93
4
 72
1
 10
58.0
 20
146.5000000000000284
 11
4.5399999999999991
 21
146.5000000000000284
 72
1
 10
4.5399999999999991
 20
146.5000000000000284
 11
4.5399999999999956
 21
148.0000000000000284
 72
1
 10
4.5399999999999956
 20
148.0000000000000284
 11
58.0
 21
148.0000000000000284
 72
1
 10
58.0
 20
148.0000000000000284
 11
58.0
 21
146.5000000000000284
 97
0
 75
0
 76
1
 98
0
1001
ACAD
1010
0.0
1020
0.0
1030
0
  0
HATCH
  5
17D
100
AcDbEntity
  8
Step 06
 62
252
420
10526884
370
-1
 48
1.0
  6
BYLAYER
100
AcDbHatch
 10
0.0
 20
0.0
 30
0.0
210
0.0
220
0.0
230
1.0
  2
SOLID
 70
1
 71
0
 91
1
 92
1
 93
4
 72
1
 10
58.0
 20
154.5000000000000284
 11
4.5399999999999991
 21
154.5
 72
1
 10
4.5399999999999991
 20
154.5
 11
4.5399999999999991
 21
156.0
 72
1
 10
4.5399999999999991
 20
156.0
 11
58.0
 21
156.0000000000000284
 72
1
 10
58.0
 20
156.0000000000000284
 11
58.0
 21
154.5000000000000284
 97
0
 75
0
 76
1
 98
0
1001
ACAD
1010
0.0
1020
0.0
1030
0
  0
HATCH
  5
17E
100
AcDbEntity
  8
Step 06
 62
256
370
-1
 48
1.0
  6
BYLAYER
100
AcDbHatch
 10
0.0
 20
0.0
 30
0.0
210
0.0
220
0.0
230
1.0
  2
SOLID
 70
1
 71
0
 91
1
 92
1
 93
4
 72
1
 10
61.289999999999992
 20
0.0
 11
53.7899999999999352
 21
0.0
 72
1
 10
53.7899999999999352
 20
0.0
 11
53.7900000000000063
 21
155.9999999999999716
 72
1
 10
53.7900000000000063
 20
155.9999999999999716
 11
61.2900000000000063
 21
156.0000000000000284
 72
1
 10
61.2900000000000063
 20
156.0000000000000284
 11
61.289999999999992
 21
0.0
 97
0
 75
0
 76
1
 98
0
1001
ACAD
1010
0.0
1020
0.0
1030
0
  0
MTEXT
  5
17F
100
AcDbEntity
  8
Step 01
 62
256
370
-1
 48
1.0
  6
BYLAYER
100
AcDbMText
 10
102.0
 20
66.0
 30
0.0
 40
1.0
 41
0.0
 71
1
 72
1
  1
\H3.5;Step 1
  7
textstyle62
 50
90.0
 73
2
 44
1.0
  0
MTEXT
  5
180
100
AcDbEntity
  8
Step 07
 62
256
370
-1
 48
1.0
  6
BYLAYER
100
AcDbMText
 10
102.0
 20
66.0
 30
0.0
 40
1.0
 41
0.0
 71
1
 72
1
  1
\H3.5;Step 7
  7
textstyle63
 50
90.0
 73
2
 44
1.0
  0
MTEXT
  5
181
100
AcDbEntity
  8
Step 02
 62
256
370
-1
 48
1.0
  6
BYLAYER
100
AcDbMText
 10
102.0
 20
66.0
 30
0.0
 40
1.0
 41
0.0
 71
1
 72
1
  1
\H3.5;Step 2
  7
textstyle64
 50
90.0
 73
2
 44
1.0
  0
MTEXT
  5
182
100
AcDbEntity
  8
Step 03
 62
256
370
-1
 48
1.0
  6
BYLAYER
100
AcDbMText
 10
102.0
 20
66.0
 30
0.0
 40
1.0
 41
0.0
 71
1
 72
1
  1
\H3.5;Step 3
  7
textstyle65
 50
90.0
 73
2
 44
1.0
  0
MTEXT
  5
183
100
AcDbEntity
  8
Step 04
 62
256
370
-1
 48
1.0
  6
BYLAYER
100
AcDbMText
 10
102.0
 20
66.0
 30
0.0
 40
1.0
 41
0.0
 71
1
 72
1
  1
\H3.5;Step 4
  7
textstyle66
 50
90.0
 73
2
 44
1.0
  0
MTEXT
  5
184
100
AcDbEntity
  8
Step 05
 62
256
370
-1
 48
1.0
  6
BYLAYER
100
AcDbMText
 10
102.0
 20
66.0
 30
0.0
 40
1.0
 41
0.0
 71
1
 72
1
  1
\H3.5;Step 5
  7
textstyle0
 50
90.0
 73
2
 44
1.0
  0
MTEXT
  5
185
100
AcDbEntity
  8
Step 06
 62
256
370
-1
 48
1.0
  6
BYLAYER
100
AcDbMText
 10
102.0
 20
66.0
 30
0.0
 40
1.0
 41
0.0
 71
1
 72
1
  1
\H3.5;Step 6
  7
textstyle1
 50
90.0
 73
2
 44
1.0
  0
HATCH
  5
186
100
AcDbEntity
  8
Step 01
 62
256
370
-1
 48
1.0
  6
BYLAYER
100
AcDbHatch
 10
0.0
 20
0.0
 30
0.0
210
0.0
220
0.0
230
1.0
  2
SOLID
 70
1
 71
0
 91
1
 92
1
 93
4
 72
1
 10
4.5399999999999245
 20
0.0
 11
3.7899999999999743
 21
0.0
 72
1
 10
3.7899999999999743
 20
0.0
 11
3.789999999999992
 21
156.0000000000000568
 72
1
 10
3.789999999999992
 20
156.0000000000000568
 11
4.539999999999992
 21
156.0
 72
1
 10
4.539999999999992
 20
156.0
 11
4.5399999999999245
 21
0.0
 97
0
 75
0
 76
1
 98
0
1001
ACAD
1010
0.0
1020
0.0
1030
0
  0
HATCH
  5
187
100
AcDbEntity
  8
Step 02
 62
252
420
10526884
370
-1
 48
1.0
  6
BYLAYER
100
AcDbHatch
 10
0.0
 20
0.0
 30
0.0
210
0.0
220
0.0
230
1.0
  2
SOLID
 70
1
 71
0
 91
1
 92
1
 93
4
 72
1
 10
4.5399999999999245
 20
0.0
 11
3.7899999999999743
 21
0.0
 72
1
 10
3.7899999999999743
 20
0.0
 11
3.789999999999992
 21
156.0000000000000568
 72
1
 10
3.789999999999992
 20
156.0000000000000568
 11
4.539999999999992
 21
156.0
 72
1
 10
4.539999999999992
 20
156.0
 11
4.5399999999999245
 21
0.0
 97
0
 75
0
 76
1
 98
0
1001
ACAD
1010
0.0
1020
0.0
1030
0
  0
HATCH
  5
188
100
AcDbEntity
  8
Step 03
 62
252
420
10526884
370
-1
 48
1.0
  6
BYLAYER
100
AcDbHatch
 10
0.0
 20
0.0
 30
0.0
210
0.0
220
0.0
230
1.0
  2
SOLID
 70
1
 71
0
 91
1
 92
1
 93
4
 72
1
 10
4.5399999999999245
 20
0.0
 11
3.7899999999999743
 21
0.0
 72
1
 10
3.7899999999999743
 20
0.0
 11
3.789999999999992
 21
156.0000000000000568
 72
1
 10
3.789999999999992
 20
156.0000000000000568
 11
4.539999999999992
 21
156.0
 72
1
 10
4.539999999999992
 20
156.0
 11
4.5399999999999245
 21
0.0
 97
0
 75
0
 76
1
 98
0
1001
ACAD
1010
0.0
1020
0.0
1030
0
  0
HATCH
  5
189
100
AcDbEntity
  8
Step 04
 62
252
420
10526884
370
-1
 48
1.0
  6
BYLAYER
100
AcDbHatch
 10
0.0
 20
0.0
 30
0.0
210
0.0
220
0.0
230
1.0
  2
SOLID
 70
1
 71
0
 91
1
 92
1
 93
4
 72
1
 10
4.5399999999999245
 20
0.0
 11
3.7899999999999743
 21
0.0
 72
1
 10
3.7899999999999743
 20
0.0
 11
3.789999999999992
 21
156.0000000000000568
 72
1
 10
3.789999999999992
 20
156.0000000000000568
 11
4.539999999999992
 21
156.0
 72
1
 10
4.539999999999992
 20
156.0
 11
4.5399999999999245
 21
0.0
 97
0
 75
0
 76
1
 98
0
1001
ACAD
1010
0.0
1020
0.0
1030
0
  0
HATCH
  5
18A
100
AcDbEntity
  8
Step 06
 62
252
420
10526884
370
-1
 48
1.0
  6
BYLAYER
100
AcDbHatch
 10
0.0
 20
0.0
 30
0.0
210
0.0
220
0.0
230
1.0
  2
SOLID
 70
1
 71
0
 91
1
 92
1
 93
4
 72
1
 10
4.5399999999999245
 20
0.0
 11
3.7899999999999743
 21
0.0
 72
1
 10
3.7899999999999743
 20
0.0
 11
3.789999999999992
 21
156.0000000000000568
 72
1
 10
3.789999999999992
 20
156.0000000000000568
 11
4.539999999999992
 21
156.0
 72
1
 10
4.539999999999992
 20
156.0
 11
4.5399999999999245
 21
0.0
 97
0
 75
0
 76
1
 98
0
1001
ACAD
1010
0.0
1020
0.0
1030
0
  0
HATCH
  5
18B
100
AcDbEntity
  8
Step 05
 62
252
420
10526884
370
-1
 48
1.0
  6
BYLAYER
100
AcDbHatch
 10
0.0
 20
0.0
 30
0.0
210
0.0
220
0.0
230
1.0
  2
SOLID
 70
1
 71
0
 91
1
 92
1
 93
4
 72
1
 10
4.5399999999999245
 20
0.0
 11
3.7899999999999743
 21
0.0
 72
1
 10
3.7899999999999743
 20
0.0
 11
3.789999999999992
 21
156.0000000000000568
 72
1
 10
3.789999999999992
 20
156.0000000000000568
 11
4.539999999999992
 21
156.0
 72
1
 10
4.539999999999992
 20
156.0
 11
4.5399999999999245
 21
0.0
 97
0
 75
0
 76
1
 98
0
1001
ACAD
1010
0.0
1020
0.0
1030
0
  0
HATCH
  5
18C
100
AcDbEntity
  8
Step 07
 62
252
420
10526884
370
-1
 48
1.0
  6
BYLAYER
100
AcDbHatch
 10
0.0
 20
0.0
 30
0.0
210
0.0
220
0.0
230
1.0
  2
SOLID
 70
1
 71
0
 91
1
 92
1
 93
4
 72
1
 10
4.5399999999999245
 20
0.0
 11
3.7899999999999743
 21
0.0
 72
1
 10
3.7899999999999743
 20
0.0
 11
3.789999999999992
 21
156.0000000000000568
 72
1
 10
3.789999999999992
 20
156.0000000000000568
 11
4.539999999999992
 21
156.0
 72
1
 10
4.539999999999992
 20
156.0
 11
4.5399999999999245
 21
0.0
 97
0
 75
0
 76
1
 98
0
1001
ACAD
1010
0.0
1020
0.0
1030
0
  0
IMAGE
  5
18D
100
AcDbEntity
  8
Step 01
 62
256
370
-1
 48
1.0
  6
BYLAYER
100
AcDbRasterImage
 90
0
 10
-3.9852344207164876
 20
140.0198384735576838
 30
0.0
 11
0.06
 21
-0.0
 31
0.0
 12
0.0
 22
0.06
 32
0.0
 13
7.0
 23
7.0
340
18E
 70
15
280
0
281
50
282
50
283
0
  0
IMAGE
  5
18F
100
AcDbEntity
  8
Step 01
 62
256
370
-1
 48
1.0
  6
BYLAYER
100
AcDbRasterImage
 90
0
 10
-3.9852344207163952
 20
6.0198384735576553
 30
0.0
 11
0.06
 21
-0.0
 31
0.0
 12
0.0
 22
0.06
 32
0.0
 13
7.0
 23
7.0
340
190
 70
15
280
0
281
50
282
50
283
0
  0
HATCH
  5
191
100
AcDbEntity
  8
Step 02
 62
256
370
-1
 48
1.0
  6
BYLAYER
100
AcDbHatch
 10
0.0
 20
0.0
 30
0.0
210
0.0
220
0.0
230
1.0
  2
SOLID
 70
1
 71
0
 91
1
 92
1
 93
4
 72
1
 10
61.2899999999999991
 20
154.5000000000000284
 11
4.5399999999999991
 21
154.5
 72
1
 10
4.5399999999999991
 20
154.5
 11
4.5399999999999991
 21
156.0
 72
1
 10
4.5399999999999991
 20
156.0
 11
61.2899999999999991
 21
156.0000000000000284
 72
1
 10
61.2899999999999991
 20
156.0000000000000284
 11
61.2899999999999991
 21
154.5000000000000284
 97
0
 75
0
 76
1
 98
0
1001
ACAD
1010
0.0
1020
0.0
1030
0
  0
HATCH
  5
192
100
AcDbEntity
  8
Step 02
 62
256
370
-1
 48
1.0
  6
BYLAYER
100
AcDbHatch
 10
0.0
 20
0.0
 30
0.0
210
0.0
220
0.0
230
1.0
  2
SOLID
 70
1
 71
0
 91
1
 92
1
 93
4
 72
1
 10
61.2899999999999991
 20
146.5
 11
4.5399999999999991
 21
146.4999999999999716
 72
1
 10
4.5399999999999991
 20
146.4999999999999716
 11
4.5399999999999991
 21
147.9999999999999716
 72
1
 10
4.5399999999999991
 20
147.9999999999999716
 11
61.2899999999999991
 21
148.0
 72
1
 10
61.2899999999999991
 20
148.0
 11
61.2899999999999991
 21
146.5
 97
0
 75
0
 76
1
 98
0
1001
ACAD
1010
0.0
1020
0.0
1030
0
  0
HATCH
  5
193
100
AcDbEntity
  8
Step 02
 62
256
370
-1
 48
1.0
  6
BYLAYER
100
AcDbHatch
 10
0.0
 20
0.0
 30
0.0
210
0.0
220
0.0
230
1.0
  2
SOLID
 70
1
 71
0
 91
1
 92
1
 93
4
 72
1
 10
61.2899999999999636
 20
8.0
 11
4.5399999999999636
 21
7.9999999999999716
 72
1
 10
4.5399999999999636
 20
7.9999999999999716
 11
4.5399999999999636
 21
9.4999999999999716
 72
1
 10
4.5399999999999636
 20
9.4999999999999716
 11
61.2899999999999636
 21
9.5
 72
1
 10
61.2899999999999636
 20
9.5
 11
61.2899999999999636
 21
8.0
 97
0
 75
0
 76
1
 98
0
1001
ACAD
1010
0.0
1020
0.0
1030
0
  0
HATCH
  5
194
100
AcDbEntity
  8
Step 02
 62
256
370
-1
 48
1.0
  6
BYLAYER
100
AcDbHatch
 10
0.0
 20
0.0
 30
0.0
210
0.0
220
0.0
230
1.0
  2
SOLID
 70
1
 71
0
 91
1
 92
1
 93
4
 72
1
 10
61.289999999999992
 20
0.0
 11
4.539999999999992
 21
-0.0000000000000284
 72
1
 10
4.539999999999992
 20
-0.0000000000000284
 11
4.539999999999992
 21
1.4999999999999716
 72
1
 10
4.539999999999992
 20
1.4999999999999716
 11
61.289999999999992
 21
1.5
 72
1
 10
61.289999999999992
 20
1.5
 11
61.289999999999992
 21
0.0
 97
0
 75
0
 76
1
 98
0
1001
ACAD
1010
0.0
1020
0.0
1030
0
  0
HATCH
  5
195
100
AcDbEntity
  8
Step 03
 62
252
420
10526884
370
-1
 48
1.0
  6
BYLAYER
100
AcDbHatch
 10
0.0
 20
0.0
 30
0.0
210
0.0
220
0.0
230
1.0
  2
SOLID
 70
1
 71
0
 91
1
 92
1
 93
4
 72
1
 10
61.2899999999999991
 20
0.0
 11
4.5399999999999316
 21
0.0000000000000284
 72
1
 10
4.5399999999999316
 20
0.0000000000000284
 11
4.5400000000000063
 21
1.5
 72
1
 10
4.5400000000000063
 20
1.5
 11
61.2899999999999991
 21
1.5000000000000284
 72
1
 10
61.2899999999999991
 20
1.5000000000000284
 11
61.2899999999999991
 21
0.0
 97
0
 75
0
 76
1
 98
0
1001
ACAD
1010
0.0
1020
0.0
1030
0
  0
HATCH
  5
196
100
AcDbEntity
  8
Step 03
 62
252
420
10526884
370
-1
 48
1.0
  6
BYLAYER
100
AcDbHatch
 10
0.0
 20
0.0
 30
0.0
210
0.0
220
0.0
230
1.0
  2
SOLID
 70
1
 71
0
 91
1
 92
1
 93
4
 72
1
 10
61.2899999999999707
 20
8.0
 11
4.5399999999999032
 21
8.0000000000000284
 72
1
 10
4.5399999999999032
 20
8.0000000000000284
 11
4.5399999999999778
 21
9.5
 72
1
 10
4.5399999999999778
 20
9.5
 11
61.2899999999999707
 21
9.5000000000000284
 72
1
 10
61.2899999999999707
 20
9.5000000000000284
 11
61.2899999999999707
 21
8.0
 97
0
 75
0
 76
1
 98
0
1001
ACAD
1010
0.0
1020
0.0
1030
0
  0
HATCH
  5
197
100
AcDbEntity
  8
Step 03
 62
252
420
10526884
370
-1
 48
1.0
  6
BYLAYER
100
AcDbHatch
 10
0.0
 20
0.0
 30
0.0
210
0.0
220
0.0
230
1.0
  2
SOLID
 70
1
 71
0
 91
1
 92
1
 93
4
 72
1
 10
61.2900000000000205
 20
154.5000000000000284
 11
4.539999999999953
 21
154.5000000000000568
 72
1
 10
4.539999999999953
 20
154.5000000000000568
 11
4.5400000000000276
 21
156.0000000000000284
 72
1
 10
4.5400000000000276
 20
156.0000000000000284
 11
61.2900000000000205
 21
156.0000000000000568
 72
1
 10
61.2900000000000205
 20
156.0000000000000568
 11
61.2900000000000205
 21
154.5000000000000284
 97
0
 75
0
 76
1
 98
0
1001
ACAD
1010
0.0
1020
0.0
1030
0
  0
HATCH
  5
198
100
AcDbEntity
  8
Step 03
 62
252
420
10526884
370
-1
 48
1.0
  6
BYLAYER
100
AcDbHatch
 10
0.0
 20
0.0
 30
0.0
210
0.0
220
0.0
230
1.0
  2
SOLID
 70
1
 71
0
 91
1
 92
1
 93
4
 72
1
 10
61.2900000000000205
 20
146.5
 11
4.539999999999953
 21
146.5000000000000284
 72
1
 10
4.539999999999953
 20
146.5000000000000284
 11
4.5400000000000276
 21
148.0
 72
1
 10
4.5400000000000276
 20
148.0
 11
61.2900000000000205
 21
148.0000000000000284
 72
1
 10
61.2900000000000205
 20
148.0000000000000284
 11
61.2900000000000205
 21
146.5
 97
0
 75
0
 76
1
 98
0
1001
ACAD
1010
0.0
1020
0.0
1030
0
  0
HATCH
  5
199
100
AcDbEntity
  8
Step 04
 62
252
420
10526884
370
-1
 48
1.0
  6
BYLAYER
100
AcDbHatch
 10
0.0
 20
0.0
 30
0.0
210
0.0
220
0.0
230
1.0
  2
SOLID
 70
1
 71
0
 91
1
 92
1
 93
4
 72
1
 10
61.2900000000000205
 20
154.5000000000000284
 11
4.539999999999953
 21
154.5000000000000568
 72
1
 10
4.539999999999953
 20
154.5000000000000568
 11
4.5400000000000276
 21
156.0000000000000284
 72
1
 10
4.5400000000000276
 20
156.0000000000000284
 11
61.2900000000000205
 21
156.0000000000000568
 72
1
 10
61.2900000000000205
 20
156.0000000000000568
 11
61.2900000000000205
 21
154.5000000000000284
 97
0
 75
0
 76
1
 98
0
1001
ACAD
1010
0.0
1020
0.0
1030
0
  0
HATCH
  5
19A
100
AcDbEntity
  8
Step 04
 62
252
420
10526884
370
-1
 48
1.0
  6
BYLAYER
100
AcDbHatch
 10
0.0
 20
0.0
 30
0.0
210
0.0
220
0.0
230
1.0
  2
SOLID
 70
1
 71
0
 91
1
 92
1
 93
4
 72
1
 10
61.2900000000000205
 20
146.5
 11
4.539999999999953
 21
146.5000000000000284
 72
1
 10
4.539999999999953
 20
146.5000000000000284
 11
4.5400000000000276
 21
148.0
 72
1
 10
4.5400000000000276
 20
148.0
 11
61.2900000000000205
 21
148.0000000000000284
 72
1
 10
61.2900000000000205
 20
148.0000000000000284
 11
61.2900000000000205
 21
146.5
 97
0
 75
0
 76
1
 98
0
1001
ACAD
1010
0.0
1020
0.0
1030
0
  0
HATCH
  5
19B
100
AcDbEntity
  8
Step 04
 62
252
420
10526884
370
-1
 48
1.0
  6
BYLAYER
100
AcDbHatch
 10
0.0
 20
0.0
 30
0.0
210
0.0
220
0.0
230
1.0
  2
SOLID
 70
1
 71
0
 91
1
 92
1
 93
4
 72
1
 10
61.2899999999999991
 20
0.0
 11
4.5399999999999316
 21
0.0000000000000284
 72
1
 10
4.5399999999999316
 20
0.0000000000000284
 11
4.5400000000000063
 21
1.5
 72
1
 10
4.5400000000000063
 20
1.5
 11
61.2899999999999991
 21
1.5000000000000284
 72
1
 10
61.2899999999999991
 20
1.5000000000000284
 11
61.2899999999999991
 21
0.0
 97
0
 75
0
 76
1
 98
0
1001
ACAD
1010
0.0
1020
0.0
1030
0
  0
HATCH
  5
19C
100
AcDbEntity
  8
Step 04
 62
252
420
10526884
370
-1
 48
1.0
  6
BYLAYER
100
AcDbHatch
 10
0.0
 20
0.0
 30
0.0
210
0.0
220
0.0
230
1.0
  2
SOLID
 70
1
 71
0
 91
1
 92
1
 93
4
 72
1
 10
61.2899999999999707
 20
8.0
 11
4.5399999999999032
 21
8.0000000000000284
 72
1
 10
4.5399999999999032
 20
8.0000000000000284
 11
4.5399999999999778
 21
9.5
 72
1
 10
4.5399999999999778
 20
9.5
 11
61.2899999999999707
 21
9.5000000000000284
 72
1
 10
61.2899999999999707
 20
9.5000000000000284
 11
61.2899999999999707
 21
8.0
 97
0
 75
0
 76
1
 98
0
1001
ACAD
1010
0.0
1020
0.0
1030
0
  0
HATCH
  5
19D
100
AcDbEntity
  8
Step 04
 62
256
370
-1
 48
1.0
  6
BYLAYER
100
AcDbHatch
 10
0.0
 20
0.0
 30
0.0
210
0.0
220
0.0
230
1.0
  2
SOLID
 70
1
 71
0
 91
1
 92
1
 93
4
 72
1
 10
61.2900000000000205
 20
125.2499999999999858
 11
4.539999999999953
 21
125.2500000000000142
 72
1
 10
4.539999999999953
 20
125.2500000000000142
 11
4.5400000000000276
 21
126.7499999999999858
 72
1
 10
4.5400000000000276
 20
126.7499999999999858
 11
61.2900000000000205
 21
126.7500000000000142
 72
1
 10
61.2900000000000205
 20
126.7500000000000142
 11
61.2900000000000205
 21
125.2499999999999858
 97
0
 75
0
 76
1
 98
0
1001
ACAD
1010
0.0
1020
0.0
1030
0
  0
HATCH
  5
19E
100
AcDbEntity
  8
Step 04
 62
256
370
-1
 48
1.0
  6
BYLAYER
100
AcDbHatch
 10
0.0
 20
0.0
 30
0.0
210
0.0
220
0.0
230
1.0
  2
SOLID
 70
1
 71
0
 91
1
 92
1
 93
4
 72
1
 10
61.2899999999999849
 20
101.2499999999999147
 11
4.5399999999999174
 21
101.2499999999999432
 72
1
 10
4.5399999999999174
 20
101.2499999999999432
 11
4.539999999999992
 21
102.7499999999999147
 72
1
 10
4.539999999999992
 20
102.7499999999999147
 11
61.2899999999999849
 21
102.7499999999999432
 72
1
 10
61.2899999999999849
 20
102.7499999999999432
 11
61.2899999999999849
 21
101.2499999999999147
 97
0
 75
0
 76
1
 98
0
1001
ACAD
1010
0.0
1020
0.0
1030
0
  0
HATCH
  5
19F
100
AcDbEntity
  8
Step 04
 62
256
370
-1
 48
1.0
  6
BYLAYER
100
AcDbHatch
 10
0.0
 20
0.0
 30
0.0
210
0.0
220
0.0
230
1.0
  2
SOLID
 70
1
 71
0
 91
1
 92
1
 93
4
 72
1
 10
61.2899999999999494
 20
77.2499999999998437
 11
4.5399999999998819
 21
77.2499999999998721
 72
1
 10
4.5399999999998819
 20
77.2499999999998721
 11
4.5399999999999565
 21
78.7499999999998437
 72
1
 10
4.5399999999999565
 20
78.7499999999998437
 11
61.2899999999999494
 21
78.7499999999998721
 72
1
 10
61.2899999999999494
 20
78.7499999999998721
 11
61.2899999999999494
 21
77.2499999999998437
 97
0
 75
0
 76
1
 98
0
1001
ACAD
1010
0.0
1020
0.0
1030
0
  0
HATCH
  5
1A0
100
AcDbEntity
  8
Step 04
 62
256
370
-1
 48
1.0
  6
BYLAYER
100
AcDbHatch
 10
0.0
 20
0.0
 30
0.0
210
0.0
220
0.0
230
1.0
  2
SOLID
 70
1
 71
0
 91
1
 92
1
 93
4
 72
1
 10
61.2899999999999139
 20
53.2499999999997726
 11
4.5399999999998464
 21
53.249999999999801
 72
1
 10
4.5399999999998464
 20
53.249999999999801
 11
4.539999999999921
 21
54.7499999999997726
 72
1
 10
4.539999999999921
 20
54.7499999999997726
 11
61.2899999999999139
 21
54.749999999999801
 72
1
 10
61.2899999999999139
 20
54.749999999999801
 11
61.2899999999999139
 21
53.2499999999997726
 97
0
 75
0
 76
1
 98
0
1001
ACAD
1010
0.0
1020
0.0
1030
0
  0
HATCH
  5
1A1
100
AcDbEntity
  8
Step 04
 62
256
370
-1
 48
1.0
  6
BYLAYER
100
AcDbHatch
 10
0.0
 20
0.0
 30
0.0
210
0.0
220
0.0
230
1.0
  2
SOLID
 70
1
 71
0
 91
1
 92
1
 93
4
 72
1
 10
61.2899999999998784
 20
29.2499999999997016
 11
4.5399999999998109
 21
29.24999999999973
 72
1
 10
4.5399999999998109
 20
29.24999999999973
 11
4.5399999999998855
 21
30.7499999999997016
 72
1
 10
4.5399999999998855
 20
30.7499999999997016
 11
61.2899999999998784
 21
30.74999999999973
 72
1
 10
61.2899999999998784
 20
30.74999999999973
 11
61.2899999999998784
 21
29.2499999999997016
 97
0
 75
0
 76
1
 98
0
1001
ACAD
1010
0.0
1020
0.0
1030
0
  0
HATCH
  5
1A2
100
AcDbEntity
  8
Step 04
 62
256
370
-1
 48
1.0
  6
BYLAYER
100
AcDbHatch
 10
0.0
 20
0.0
 30
0.0
210
0.0
220
0.0
230
1.0
  2
SOLID
 70
1
 71
0
 91
1
 92
1
 93
4
 72
1
 10
61.2899999999998499
 20
145.0
 11
4.5399999999997824
 21
145.0000000000000284
 72
1
 10
4.5399999999997824
 20
145.0000000000000284
 11
4.539999999999857
 21
146.5
 72
1
 10
4.539999999999857
 20
146.5
 11
61.2899999999998499
 21
146.5000000000000284
 72
1
 10
61.2899999999998499
 20
146.5000000000000284
 11
61.2899999999998499
 21
145.0
 97
0
 75
0
 76
1
 98
0
1001
ACAD
1010
0.0
1020
0.0
1030
0
  0
HATCH
  5
1A3
100
AcDbEntity
  8
Step 04
 62
256
370
-1
 48
1.0
  6
BYLAYER
100
AcDbHatch
 10
0.0
 20
0.0
 30
0.0
210
0.0
220
0.0
230
1.0
  2
SOLID
 70
1
 71
0
 91
1
 92
1
 93
4
 72
1
 10
61.2899999999999778
 20
9.4999999999997584
 11
4.5399999999999103
 21
9.4999999999997868
 72
1
 10
4.5399999999999103
 20
9.4999999999997868
 11
4.5399999999999849
 21
10.9999999999997584
 72
1
 10
4.5399999999999849
 20
10.9999999999997584
 11
61.2899999999999778
 21
10.9999999999997868
 72
1
 10
61.2899999999999778
 20
10.9999999999997868
 11
61.2899999999999778
 21
9.4999999999997584
 97
0
 75
0
 76
1
 98
0
1001
ACAD
1010
0.0
1020
0.0
1030
0
  0
HATCH
  5
1A4
100
AcDbEntity
  8
Step 05
 62
252
420
10526884
370
-1
 48
1.0
  6
BYLAYER
100
AcDbHatch
 10
0.0
 20
0.0
 30
0.0
210
0.0
220
0.0
230
1.0
  2
SOLID
 70
1
 71
0
 91
1
 92
1
 93
4
 72
1
 10
61.2900000000000205
 20
154.5000000000000284
 11
4.539999999999953
 21
154.5000000000000568
 72
1
 10
4.539999999999953
 20
154.5000000000000568
 11
4.5400000000000276
 21
156.0000000000000284
 72
1
 10
4.5400000000000276
 20
156.0000000000000284
 11
61.2900000000000205
 21
156.0000000000000568
 72
1
 10
61.2900000000000205
 20
156.0000000000000568
 11
61.2900000000000205
 21
154.5000000000000284
 97
0
 75
0
 76
1
 98
0
1001
ACAD
1010
0.0
1020
0.0
1030
0
  0
HATCH
  5
1A5
100
AcDbEntity
  8
Step 05
 62
252
420
10526884
370
-1
 48
1.0
  6
BYLAYER
100
AcDbHatch
 10
0.0
 20
0.0
 30
0.0
210
0.0
220
0.0
230
1.0
  2
SOLID
 70
1
 71
0
 91
1
 92
1
 93
4
 72
1
 10
61.2900000000000205
 20
146.5
 11
4.539999999999953
 21
146.5000000000000284
 72
1
 10
4.539999999999953
 20
146.5000000000000284
 11
4.5400000000000276
 21
148.0
 72
1
 10
4.5400000000000276
 20
148.0
 11
61.2900000000000205
 21
148.0000000000000284
 72
1
 10
61.2900000000000205
 20
148.0000000000000284
 11
61.2900000000000205
 21
146.5
 97
0
 75
0
 76
1
 98
0
1001
ACAD
1010
0.0
1020
0.0
1030
0
  0
HATCH
  5
1A6
100
AcDbEntity
  8
Step 05
 62
252
420
10526884
370
-1
 48
1.0
  6
BYLAYER
100
AcDbHatch
 10
0.0
 20
0.0
 30
0.0
210
0.0
220
0.0
230
1.0
  2
SOLID
 70
1
 71
0
 91
1
 92
1
 93
4
 72
1
 10
61.2899999999999991
 20
0.0
 11
4.5399999999999316
 21
0.0000000000000284
 72
1
 10
4.5399999999999316
 20
0.0000000000000284
 11
4.5400000000000063
 21
1.5
 72
1
 10
4.5400000000000063
 20
1.5
 11
61.2899999999999991
 21
1.5000000000000284
 72
1
 10
61.2899999999999991
 20
1.5000000000000284
 11
61.2899999999999991
 21
0.0
 97
0
 75
0
 76
1
 98
0
1001
ACAD
1010
0.0
1020
0.0
1030
0
  0
HATCH
  5
1A7
100
AcDbEntity
  8
Step 05
 62
252
420
10526884
370
-1
 48
1.0
  6
BYLAYER
100
AcDbHatch
 10
0.0
 20
0.0
 30
0.0
210
0.0
220
0.0
230
1.0
  2
SOLID
 70
1
 71
0
 91
1
 92
1
 93
4
 72
1
 10
61.2899999999999707
 20
8.0
 11
4.5399999999999032
 21
8.0000000000000284
 72
1
 10
4.5399999999999032
 20
8.0000000000000284
 11
4.5399999999999778
 21
9.5
 72
1
 10
4.5399999999999778
 20
9.5
 11
61.2899999999999707
 21
9.5000000000000284
 72
1
 10
61.2899999999999707
 20
9.5000000000000284
 11
61.2899999999999707
 21
8.0
 97
0
 75
0
 76
1
 98
0
1001
ACAD
1010
0.0
1020
0.0
1030
0
  0
HATCH
  5
1A8
100
AcDbEntity
  8
Step 05
 62
252
420
10526884
370
-1
 48
1.0
  6
BYLAYER
100
AcDbHatch
 10
0.0
 20
0.0
 30
0.0
210
0.0
220
0.0
230
1.0
  2
SOLID
 70
1
 71
0
 91
1
 92
1
 93
4
 72
1
 10
61.2900000000000205
 20
125.2499999999999858
 11
4.539999999999953
 21
125.2500000000000142
 72
1
 10
4.539999999999953
 20
125.2500000000000142
 11
4.5400000000000276
 21
126.7499999999999858
 72
1
 10
4.5400000000000276
 20
126.7499999999999858
 11
61.2900000000000205
 21
126.7500000000000142
 72
1
 10
61.2900000000000205
 20
126.7500000000000142
 11
61.2900000000000205
 21
125.2499999999999858
 97
0
 75
0
 76
1
 98
0
1001
ACAD
1010
0.0
1020
0.0
1030
0
  0
HATCH
  5
1A9
100
AcDbEntity
  8
Step 05
 62
252
420
10526884
370
-1
 48
1.0
  6
BYLAYER
100
AcDbHatch
 10
0.0
 20
0.0
 30
0.0
210
0.0
220
0.0
230
1.0
  2
SOLID
 70
1
 71
0
 91
1
 92
1
 93
4
 72
1
 10
61.2899999999999849
 20
101.2499999999999147
 11
4.5399999999999174
 21
101.2499999999999432
 72
1
 10
4.5399999999999174
 20
101.2499999999999432
 11
4.539999999999992
 21
102.7499999999999147
 72
1
 10
4.539999999999992
 20
102.7499999999999147
 11
61.2899999999999849
 21
102.7499999999999432
 72
1
 10
61.2899999999999849
 20
102.7499999999999432
 11
61.2899999999999849
 21
101.2499999999999147
 97
0
 75
0
 76
1
 98
0
1001
ACAD
1010
0.0
1020
0.0
1030
0
  0
HATCH
  5
1AA
100
AcDbEntity
  8
Step 05
 62
252
420
10526884
370
-1
 48
1.0
  6
BYLAYER
100
AcDbHatch
 10
0.0
 20
0.0
 30
0.0
210
0.0
220
0.0
230
1.0
  2
SOLID
 70
1
 71
0
 91
1
 92
1
 93
4
 72
1
 10
61.2899999999999494
 20
77.2499999999998437
 11
4.5399999999998819
 21
77.2499999999998721
 72
1
 10
4.5399999999998819
 20
77.2499999999998721
 11
4.5399999999999565
 21
78.7499999999998437
 72
1
 10
4.5399999999999565
 20
78.7499999999998437
 11
61.2899999999999494
 21
78.7499999999998721
 72
1
 10
61.2899999999999494
 20
78.7499999999998721
 11
61.2899999999999494
 21
77.2499999999998437
 97
0
 75
0
 76
1
 98
0
1001
ACAD
1010
0.0
1020
0.0
1030
0
  0
HATCH
  5
1AB
100
AcDbEntity
  8
Step 05
 62
252
420
10526884
370
-1
 48
1.0
  6
BYLAYER
100
AcDbHatch
 10
0.0
 20
0.0
 30
0.0
210
0.0
220
0.0
230
1.0
  2
SOLID
 70
1
 71
0
 91
1
 92
1
 93
4
 72
1
 10
61.2899999999999139
 20
53.2499999999997726
 11
4.5399999999998464
 21
53.249999999999801
 72
1
 10
4.5399999999998464
 20
53.249999999999801
 11
4.539999999999921
 21
54.7499999999997726
 72
1
 10
4.539999999999921
 20
54.7499999999997726
 11
61.2899999999999139
 21
54.749999999999801
 72
1
 10
61.2899999999999139
 20
54.749999999999801
 11
61.2899999999999139
 21
53.2499999999997726
 97
0
 75
0
 76
1
 98
0
1001
ACAD
1010
0.0
1020
0.0
1030
0
  0
HATCH
  5
1AC
100
AcDbEntity
  8
Step 05
 62
252
420
10526884
370
-1
 48
1.0
  6
BYLAYER
100
AcDbHatch
 10
0.0
 20
0.0
 30
0.0
210
0.0
220
0.0
230
1.0
  2
SOLID
 70
1
 71
0
 91
1
 92
1
 93
4
 72
1
 10
61.2899999999998784
 20
29.2499999999997016
 11
4.5399999999998109
 21
29.24999999999973
 72
1
 10
4.5399999999998109
 20
29.24999999999973
 11
4.5399999999998855
 21
30.7499999999997016
 72
1
 10
4.5399999999998855
 20
30.7499999999997016
 11
61.2899999999998784
 21
30.74999999999973
 72
1
 10
61.2899999999998784
 20
30.74999999999973
 11
61.2899999999998784
 21
29.2499999999997016
 97
0
 75
0
 76
1
 98
0
1001
ACAD
1010
0.0
1020
0.0
1030
0
  0
HATCH
  5
1AD
100
AcDbEntity
  8
Step 05
 62
252
420
10526884
370
-1
 48
1.0
  6
BYLAYER
100
AcDbHatch
 10
0.0
 20
0.0
 30
0.0
210
0.0
220
0.0
230
1.0
  2
SOLID
 70
1
 71
0
 91
1
 92
1
 93
4
 72
1
 10
61.2899999999998499
 20
145.0
 11
4.5399999999997824
 21
145.0000000000000284
 72
1
 10
4.5399999999997824
 20
145.0000000000000284
 11
4.539999999999857
 21
146.5
 72
1
 10
4.539999999999857
 20
146.5
 11
61.2899999999998499
 21
146.5000000000000284
 72
1
 10
61.2899999999998499
 20
146.5000000000000284
 11
61.2899999999998499
 21
145.0
 97
0
 75
0
 76
1
 98
0
1001
ACAD
1010
0.0
1020
0.0
1030
0
  0
HATCH
  5
1AE
100
AcDbEntity
  8
Step 05
 62
252
420
10526884
370
-1
 48
1.0
  6
BYLAYER
100
AcDbHatch
 10
0.0
 20
0.0
 30
0.0
210
0.0
220
0.0
230
1.0
  2
SOLID
 70
1
 71
0
 91
1
 92
1
 93
4
 72
1
 10
61.2899999999999778
 20
9.4999999999997584
 11
4.5399999999999103
 21
9.4999999999997868
 72
1
 10
4.5399999999999103
 20
9.4999999999997868
 11
4.5399999999999849
 21
10.9999999999997584
 72
1
 10
4.5399999999999849
 20
10.9999999999997584
 11
61.2899999999999778
 21
10.9999999999997868
 72
1
 10
61.2899999999999778
 20
10.9999999999997868
 11
61.2899999999999778
 21
9.4999999999997584
 97
0
 75
0
 76
1
 98
0
1001
ACAD
1010
0.0
1020
0.0
1030
0
  0
HATCH
  5
1AF
100
AcDbEntity
  8
Step 07
 62
252
420
10526884
370
-1
 48
1.0
  6
BYLAYER
100
AcDbHatch
 10
0.0
 20
0.0
 30
0.0
210
0.0
220
0.0
230
1.0
  2
SOLID
 70
1
 71
0
 91
1
 92
1
 93
4
 72
1
 10
61.2899999999999991
 20
0.0
 11
4.5399999999999316
 21
0.0000000000000284
 72
1
 10
4.5399999999999316
 20
0.0000000000000284
 11
4.5400000000000063
 21
1.5
 72
1
 10
4.5400000000000063
 20
1.5
 11
61.2899999999999991
 21
1.5000000000000284
 72
1
 10
61.2899999999999991
 20
1.5000000000000284
 11
61.2899999999999991
 21
0.0
 97
0
 75
0
 76
1
 98
0
1001
ACAD
1010
0.0
1020
0.0
1030
0
  0
HATCH
  5
1B0
100
AcDbEntity
  8
Step 07
 62
252
420
10526884
370
-1
 48
1.0
  6
BYLAYER
100
AcDbHatch
 10
0.0
 20
0.0
 30
0.0
210
0.0
220
0.0
230
1.0
  2
SOLID
 70
1
 71
0
 91
1
 92
1
 93
4
 72
1
 10
61.2900000000000063
 20
8.0
 11
4.5399999999999388
 21
8.0000000000000284
 72
1
 10
4.5399999999999388
 20
8.0000000000000284
 11
4.5400000000000134
 21
9.5
 72
1
 10
4.5400000000000134
 20
9.5
 11
61.2900000000000063
 21
9.5000000000000284
 72
1
 10
61.2900000000000063
 20
9.5000000000000284
 11
61.2900000000000063
 21
8.0
 97
0
 75
0
 76
1
 98
0
1001
ACAD
1010
0.0
1020
0.0
1030
0
  0
HATCH
  5
1B1
100
AcDbEntity
  8
Step 07
 62
252
420
10526884
370
-1
 48
1.0
  6
BYLAYER
100
AcDbHatch
 10
0.0
 20
0.0
 30
0.0
210
0.0
220
0.0
230
1.0
  2
SOLID
 70
1
 71
0
 91
1
 92
1
 93
4
 72
1
 10
61.2900000000000063
 20
9.5000000000000284
 11
4.5399999999999388
 21
9.5000000000000568
 72
1
 10
4.5399999999999388
 20
9.5000000000000568
 11
4.5400000000000134
 21
11.0000000000000284
 72
1
 10
4.5400000000000134
 20
11.0000000000000284
 11
61.2900000000000063
 21
11.0000000000000568
 72
1
 10
61.2900000000000063
 20
11.0000000000000568
 11
61.2900000000000063
 21
9.5000000000000284
 97
0
 75
0
 76
1
 98
0
1001
ACAD
1010
0.0
1020
0.0
1030
0
  0
HATCH
  5
1B2
100
AcDbEntity
  8
Step 07
 62
252
420
10526884
370
-1
 48
1.0
  6
BYLAYER
100
AcDbHatch
 10
0.0
 20
0.0
 30
0.0
210
0.0
220
0.0
230
1.0
  2
SOLID
 70
1
 71
0
 91
1
 92
1
 93
4
 72
1
 10
61.2899999999999281
 20
29.2499999999999716
 11
4.5399999999998606
 21
29.25
 72
1
 10
4.5399999999998606
 20
29.25
 11
4.5399999999999352
 21
30.7499999999999716
 72
1
 10
4.5399999999999352
 20
30.7499999999999716
 11
61.2899999999999281
 21
30.75
 72
1
 10
61.2899999999999281
 20
30.75
 11
61.2899999999999281
 21
29.2499999999999716
 97
0
 75
0
 76
1
 98
0
1001
ACAD
1010
0.0
1020
0.0
1030
0
  0
HATCH
  5
1B3
100
AcDbEntity
  8
Step 07
 62
252
420
10526884
370
-1
 48
1.0
  6
BYLAYER
100
AcDbHatch
 10
0.0
 20
0.0
 30
0.0
210
0.0
220
0.0
230
1.0
  2
SOLID
 70
1
 71
0
 91
1
 92
1
 93
4
 72
1
 10
61.2899999999998855
 20
53.25
 11
4.539999999999818
 21
53.2500000000000284
 72
1
 10
4.539999999999818
 20
53.2500000000000284
 11
4.5399999999998926
 21
54.75
 72
1
 10
4.5399999999998926
 20
54.75
 11
61.2899999999998855
 21
54.7500000000000284
 72
1
 10
61.2899999999998855
 20
54.7500000000000284
 11
61.2899999999998855
 21
53.25
 97
0
 75
0
 76
1
 98
0
1001
ACAD
1010
0.0
1020
0.0
1030
0
  0
HATCH
  5
1B4
100
AcDbEntity
  8
Step 07
 62
252
420
10526884
370
-1
 48
1.0
  6
BYLAYER
100
AcDbHatch
 10
0.0
 20
0.0
 30
0.0
210
0.0
220
0.0
230
1.0
  2
SOLID
 70
1
 71
0
 91
1
 92
1
 93
4
 72
1
 10
61.2899999999998428
 20
77.2500000000000284
 11
4.5399999999997753
 21
77.2500000000000568
 72
1
 10
4.5399999999997753
 20
77.2500000000000568
 11
4.5399999999998499
 21
78.7500000000000284
 72
1
 10
4.5399999999998499
 20
78.7500000000000284
 11
61.2899999999998428
 21
78.7500000000000568
 72
1
 10
61.2899999999998428
 20
78.7500000000000568
 11
61.2899999999998428
 21
77.2500000000000284
 97
0
 75
0
 76
1
 98
0
1001
ACAD
1010
0.0
1020
0.0
1030
0
  0
HATCH
  5
1B5
100
AcDbEntity
  8
Step 07
 62
252
420
10526884
370
-1
 48
1.0
  6
BYLAYER
100
AcDbHatch
 10
0.0
 20
0.0
 30
0.0
210
0.0
220
0.0
230
1.0
  2
SOLID
 70
1
 71
0
 91
1
 92
1
 93
4
 72
1
 10
61.2899999999998002
 20
101.2500000000000711
 11
4.5399999999997327
 21
101.2500000000000995
 72
1
 10
4.5399999999997327
 20
101.2500000000000995
 11
4.5399999999998073
 21
102.7500000000000711
 72
1
 10
4.5399999999998073
 20
102.7500000000000711
 11
61.2899999999998002
 21
102.7500000000000995
 72
1
 10
61.2899999999998002
 20
102.7500000000000995
 11
61.2899999999998002
 21
101.2500000000000711
 97
0
 75
0
 76
1
 98
0
1001
ACAD
1010
0.0
1020
0.0
1030
0
  0
HATCH
  5
1B6
100
AcDbEntity
  8
Step 07
 62
252
420
10526884
370
-1
 48
1.0
  6
BYLAYER
100
AcDbHatch
 10
0.0
 20
0.0
 30
0.0
210
0.0
220
0.0
230
1.0
  2
SOLID
 70
1
 71
0
 91
1
 92
1
 93
4
 72
1
 10
61.2899999999997576
 20
125.2500000000000995
 11
4.5399999999996901
 21
125.2500000000001279
 72
1
 10
4.5399999999996901
 20
125.2500000000001279
 11
4.5399999999997647
 21
126.7500000000000995
 72
1
 10
4.5399999999997647
 20
126.7500000000000995
 11
61.2899999999997576
 21
126.7500000000001279
 72
1
 10
61.2899999999997576
 20
126.7500000000001279
 11
61.2899999999997576
 21
125.2500000000000995
 97
0
 75
0
 76
1
 98
0
1001
ACAD
1010
0.0
1020
0.0
1030
0
  0
HATCH
  5
1B7
100
AcDbEntity
  8
Step 07
 62
252
420
10526884
370
-1
 48
1.0
  6
BYLAYER
100
AcDbHatch
 10
0.0
 20
0.0
 30
0.0
210
0.0
220
0.0
230
1.0
  2
SOLID
 70
1
 71
0
 91
1
 92
1
 93
4
 72
1
 10
61.2900000000000063
 20
145.0000000000001137
 11
4.5399999999999388
 21
145.0000000000001421
 72
1
 10
4.5399999999999388
 20
145.0000000000001421
 11
4.5400000000000134
 21
146.5000000000001137
 72
1
 10
4.5400000000000134
 20
146.5000000000001137
 11
61.2900000000000063
 21
146.5000000000001421
 72
1
 10
61.2900000000000063
 20
146.5000000000001421
 11
61.2900000000000063
 21
145.0000000000001137
 97
0
 75
0
 76
1
 98
0
1001
ACAD
1010
0.0
1020
0.0
1030
0
  0
HATCH
  5
1B8
100
AcDbEntity
  8
Step 07
 62
252
420
10526884
370
-1
 48
1.0
  6
BYLAYER
100
AcDbHatch
 10
0.0
 20
0.0
 30
0.0
210
0.0
220
0.0
230
1.0
  2
SOLID
 70
1
 71
0
 91
1
 92
1
 93
4
 72
1
 10
61.2900000000000063
 20
146.5000000000001705
 11
4.5399999999999388
 21
146.500000000000199
 72
1
 10
4.5399999999999388
 20
146.500000000000199
 11
4.5400000000000134
 21
148.0000000000001705
 72
1
 10
4.5400000000000134
 20
148.0000000000001705
 11
61.2900000000000063
 21
148.000000000000199
 72
1
 10
61.2900000000000063
 20
148.000000000000199
 11
61.2900000000000063
 21
146.5000000000001705
 97
0
 75
0
 76
1
 98
0
1001
ACAD
1010
0.0
1020
0.0
1030
0
  0
HATCH
  5
1B9
100
AcDbEntity
  8
Step 07
 62
252
420
10526884
370
-1
 48
1.0
  6
BYLAYER
100
AcDbHatch
 10
0.0
 20
0.0
 30
0.0
210
0.0
220
0.0
230
1.0
  2
SOLID
 70
1
 71
0
 91
1
 92
1
 93
4
 72
1
 10
61.2899999999999991
 20
154.5000000000000284
 11
4.5399999999999316
 21
154.5000000000000568
 72
1
 10
4.5399999999999316
 20
154.5000000000000568
 11
4.5400000000000063
 21
156.0000000000000284
 72
1
 10
4.5400000000000063
 20
156.0000000000000284
 11
61.2899999999999991
 21
156.0000000000000568
 72
1
 10
61.2899999999999991
 20
156.0000000000000568
 11
61.2899999999999991
 21
154.5000000000000284
 97
0
 75
0
 76
1
 98
0
1001
ACAD
1010
0.0
1020
0.0
1030
0
  0
IMAGE
  5
1BA
100
AcDbEntity
  8
Step 02
 62
256
370
-1
 48
1.0
  6
BYLAYER
100
AcDbRasterImage
 90
0
 10
3.40483119978561
 20
156.9399450978949631
 30
0.0
 11
-0.0
 21
-0.2
 31
0.0
 12
-0.2
 22
0.0
 32
0.0
 13
4.0
 23
9.0
340
1BB
 70
15
280
0
281
50
282
50
283
0
  0
IMAGE
  5
1BC
100
AcDbEntity
  8
Step 03
 62
256
370
-1
 48
1.0
  6
BYLAYER
100
AcDbRasterImage
 90
0
 10
19.7147027839077751
 20
155.8064469398777305
 30
0.0
 11
-0.2
 21
0.0
 31
0.0
 12
0.0
 22
0.2
 32
0.0
 13
4.0
 23
9.0
340
1BD
 70
15
280
0
281
50
282
50
283
0
  0
IMAGE
  5
1BE
100
AcDbEntity
  8
Step 03
 62
256
370
-1
 48
1.0
  6
BYLAYER
100
AcDbRasterImage
 90
0
 10
33.1662172834268318
 20
155.7060625033141434
 30
0.0
 11
-0.2
 21
0.0
 31
0.0
 12
0.0
 22
0.2
 32
0.0
 13
4.0
 23
9.0
340
1BF
 70
15
280
0
281
50
282
50
283
0
  0
IMAGE
  5
1C0
100
AcDbEntity
  8
Step 03
 62
256
370
-1
 48
1.0
  6
BYLAYER
100
AcDbRasterImage
 90
0
 10
46.5173473463823157
 20
155.7729854610231826
 30
0.0
 11
-0.2
 21
0.0
 31
0.0
 12
0.0
 22
0.2
 32
0.0
 13
4.0
 23
9.0
340
1C1
 70
15
280
0
281
50
282
50
283
0
  0
IMAGE
  5
1C2
100
AcDbEntity
  8
Step 03
 62
256
370
-1
 48
1.0
  6
BYLAYER
100
AcDbRasterImage
 90
0
 10
33.2560675507213759
 20
146.7975637362972634
 30
0.0
 11
-0.2
 21
0.0
 31
0.0
 12
-0.0
 22
-0.2
 32
0.0
 13
4.0
 23
9.0
340
1C3
 70
15
280
0
281
50
282
50
283
0
  0
IMAGE
  5
1C4
100
AcDbEntity
  8
Step 03
 62
256
370
-1
 48
1.0
  6
BYLAYER
100
AcDbRasterImage
 90
0
 10
46.6071976136768527
 20
146.7306407785882243
 30
0.0
 11
-0.2
 21
0.0
 31
0.0
 12
-0.0
 22
-0.2
 32
0.0
 13
4.0
 23
9.0
340
1C5
 70
15
280
0
281
50
282
50
283
0
  0
IMAGE
  5
1C6
100
AcDbEntity
  8
Step 03
 62
256
370
-1
 48
1.0
  6
BYLAYER
100
AcDbRasterImage
 90
0
 10
19.8045530512023262
 20
146.6971792997336763
 30
0.0
 11
-0.2
 21
0.0
 31
0.0
 12
-0.0
 22
-0.2
 32
0.0
 13
4.0
 23
9.0
340
1C7
 70
15
280
0
281
50
282
50
283
0
  0
IMAGE
  5
1C8
100
AcDbEntity
  8
Step 03
 62
256
370
-1
 48
1.0
  6
BYLAYER
100
AcDbRasterImage
 90
0
 10
19.9411254574900596
 20
9.2964176708949253
 30
0.0
 11
-0.2
 21
0.0
 31
0.0
 12
0.0
 22
0.2
 32
0.0
 13
4.0
 23
9.0
340
1C9
 70
15
280
0
281
50
282
50
283
0
  0
IMAGE
  5
1CA
100
AcDbEntity
  8
Step 03
 62
256
370
-1
 48
1.0
  6
BYLAYER
100
AcDbRasterImage
 90
0
 10
33.3926399570091235
 20
9.1960332343313098
 30
0.0
 11
-0.2
 21
0.0
 31
0.0
 12
0.0
 22
0.2
 32
0.0
 13
4.0
 23
9.0
340
1CB
 70
15
280
0
281
50
282
50
283
0
  0
IMAGE
  5
1CC
100
AcDbEntity
  8
Step 03
 62
256
370
-1
 48
1.0
  6
BYLAYER
100
AcDbRasterImage
 90
0
 10
46.7437700199646002
 20
9.2629561920403773
 30
0.0
 11
-0.2
 21
0.0
 31
0.0
 12
0.0
 22
0.2
 32
0.0
 13
4.0
 23
9.0
340
1CD
 70
15
280
0
281
50
282
50
283
0
  0
IMAGE
  5
1CE
100
AcDbEntity
  8
Step 03
 62
256
370
-1
 48
1.0
  6
BYLAYER
100
AcDbRasterImage
 90
0
 10
33.4824902243036746
 20
0.2875344673144582
 30
0.0
 11
-0.2
 21
0.0
 31
0.0
 12
-0.0
 22
-0.2
 32
0.0
 13
4.0
 23
9.0
340
1CF
 70
15
280
0
281
50
282
50
283
0
  0
IMAGE
  5
1D0
100
AcDbEntity
  8
Step 03
 62
256
370
-1
 48
1.0
  6
BYLAYER
100
AcDbRasterImage
 90
0
 10
46.8336202872591514
 20
0.2206115096054191
 30
0.0
 11
-0.2
 21
0.0
 31
0.0
 12
-0.0
 22
-0.2
 32
0.0
 13
4.0
 23
9.0
340
1D1
 70
15
280
0
281
50
282
50
283
0
  0
IMAGE
  5
1D2
100
AcDbEntity
  8
Step 03
 62
256
370
-1
 48
1.0
  6
BYLAYER
100
AcDbRasterImage
 90
0
 10
20.0309757247846072
 20
0.1871500307508711
 30
0.0
 11
-0.2
 21
0.0
 31
0.0
 12
-0.0
 22
-0.2
 32
0.0
 13
4.0
 23
9.0
340
1D3
 70
15
280
0
281
50
282
50
283
0
  0
IMAGE
  5
1D4
100
AcDbEntity
  8
Step 02
 62
256
370
-1
 48
1.0
  6
BYLAYER
100
AcDbRasterImage
 90
0
 10
3.4048311997856135
 20
148.9399450978949631
 30
0.0
 11
-0.0
 21
-0.2
 31
0.0
 12
-0.2
 22
0.0
 32
0.0
 13
4.0
 23
9.0
340
1D5
 70
15
280
0
281
50
282
50
283
0
  0
IMAGE
  5
1D6
100
AcDbEntity
  8
Step 02
 62
256
370
-1
 48
1.0
  6
BYLAYER
100
AcDbRasterImage
 90
0
 10
3.4048311997855518
 20
10.4399450978949346
 30
0.0
 11
-0.0
 21
-0.2
 31
0.0
 12
-0.2
 22
0.0
 32
0.0
 13
4.0
 23
9.0
340
1D7
 70
15
280
0
281
50
282
50
283
0
  0
IMAGE
  5
1D8
100
AcDbEntity
  8
Step 02
 62
256
370
-1
 48
1.0
  6
BYLAYER
100
AcDbRasterImage
 90
0
 10
3.4048311997855869
 20
2.4399450978949346
 30
0.0
 11
-0.0
 21
-0.2
 31
0.0
 12
-0.2
 22
0.0
 32
0.0
 13
4.0
 23
9.0
340
1D9
 70
15
280
0
281
50
282
50
283
0
  0
IMAGE
  5
1DA
100
AcDbEntity
  8
Step 04
 62
256
370
-1
 48
1.0
  6
BYLAYER
100
AcDbRasterImage
 90
0
 10
3.6169217913455105
 20
147.7071841226335778
 30
0.0
 11
-0.0
 21
-0.2
 31
0.0
 12
-0.2
 22
0.0
 32
0.0
 13
4.0
 23
9.0
340
1DB
 70
15
280
0
281
50
282
50
283
0
  0
IMAGE
  5
1DC
100
AcDbEntity
  8
Step 04
 62
256
370
-1
 48
1.0
  6
BYLAYER
100
AcDbRasterImage
 90
0
 10
12.0000000000000053
 20
145.5999999999999659
 30
0.0
 11
-0.2
 21
0.0
 31
0.0
 12
-0.0
 22
-0.2
 32
0.0
 13
4.0
 23
9.0
340
1DD
 70
15
280
0
281
50
282
50
283
0
  0
IMAGE
  5
1DE
100
AcDbEntity
  8
Step 04
 62
256
370
-1
 48
1.0
  6
BYLAYER
100
AcDbRasterImage
 90
0
 10
23.0
 20
145.5999999999999659
 30
0.0
 11
-0.2
 21
0.0
 31
0.0
 12
-0.0
 22
-0.2
 32
0.0
 13
4.0
 23
9.0
340
1DF
 70
15
280
0
281
50
282
50
283
0
  0
IMAGE
  5
1E0
100
AcDbEntity
  8
Step 04
 62
256
370
-1
 48
1.0
  6
BYLAYER
100
AcDbRasterImage
 90
0
 10
34.0
 20
145.5999999999999659
 30
0.0
 11
-0.2
 21
0.0
 31
0.0
 12
-0.0
 22
-0.2
 32
0.0
 13
4.0
 23
9.0
340
1E1
 70
15
280
0
281
50
282
50
283
0
  0
IMAGE
  5
1E2
100
AcDbEntity
  8
Step 04
 62
256
370
-1
 48
1.0
  6
BYLAYER
100
AcDbRasterImage
 90
0
 10
45.0
 20
145.5999999999999659
 30
0.0
 11
-0.2
 21
0.0
 31
0.0
 12
-0.0
 22
-0.2
 32
0.0
 13
4.0
 23
9.0
340
1E3
 70
15
280
0
281
50
282
50
283
0
  0
IMAGE
  5
1E4
100
AcDbEntity
  8
Step 04
 62
256
370
-1
 48
1.0
  6
BYLAYER
100
AcDbRasterImage
 90
0
 10
11.9719917833468212
 20
10.6557702088106936
 30
0.0
 11
-0.2
 21
0.0
 31
0.0
 12
-0.0
 22
0.2
 32
0.0
 13
4.0
 23
9.0
340
1E5
 70
15
280
0
281
50
282
50
283
0
  0
IMAGE
  5
1E6
100
AcDbEntity
  8
Step 04
 62
256
370
-1
 48
1.0
  6
BYLAYER
100
AcDbRasterImage
 90
0
 10
22.9719917833468052
 20
10.6557702088106829
 30
0.0
 11
-0.2
 21
0.0
 31
0.0
 12
-0.0
 22
0.2
 32
0.0
 13
4.0
 23
9.0
340
1E7
 70
15
280
0
281
50
282
50
283
0
  0
IMAGE
  5
1E8
100
AcDbEntity
  8
Step 04
 62
256
370
-1
 48
1.0
  6
BYLAYER
100
AcDbRasterImage
 90
0
 10
33.9719917833468372
 20
10.6557702088106847
 30
0.0
 11
-0.2
 21
0.0
 31
0.0
 12
-0.0
 22
0.2
 32
0.0
 13
4.0
 23
9.0
340
1E9
 70
15
280
0
281
50
282
50
283
0
  0
IMAGE
  5
1EA
100
AcDbEntity
  8
Step 04
 62
256
370
-1
 48
1.0
  6
BYLAYER
100
AcDbRasterImage
 90
0
 10
44.9719917833468088
 20
10.6557702088107273
 30
0.0
 11
-0.2
 21
0.0
 31
0.0
 12
-0.0
 22
0.2
 32
0.0
 13
4.0
 23
9.0
340
1EB
 70
15
280
0
281
50
282
50
283
0
  0
IMAGE
  5
1EC
100
AcDbEntity
  8
Step 04
 62
256
370
-1
 48
1.0
  6
BYLAYER
100
AcDbRasterImage
 90
0
 10
3.6169217913454967
 20
127.9571841226337057
 30
0.0
 11
-0.0
 21
-0.2
 31
0.0
 12
-0.2
 22
0.0
 32
0.0
 13
4.0
 23
9.0
340
1ED
 70
15
280
0
281
50
282
50
283
0
  0
IMAGE
  5
1EE
100
AcDbEntity
  8
Step 04
 62
256
370
-1
 48
1.0
  6
BYLAYER
100
AcDbRasterImage
 90
0
 10
3.6169217913454825
 20
103.9571841226337199
 30
0.0
 11
-0.0
 21
-0.2
 31
0.0
 12
-0.2
 22
0.0
 32
0.0
 13
4.0
 23
9.0
340
1EF
 70
15
280
0
281
50
282
50
283
0
  0
IMAGE
  5
1F0
100
AcDbEntity
  8
Step 04
 62
256
370
-1
 48
1.0
  6
BYLAYER
100
AcDbRasterImage
 90
0
 10
3.616921791345463
 20
79.9571841226337199
 30
0.0
 11
-0.0
 21
-0.2
 31
0.0
 12
-0.2
 22
0.0
 32
0.0
 13
4.0
 23
9.0
340
1F1
 70
15
280
0
281
50
282
50
283
0
  0
IMAGE
  5
1F2
100
AcDbEntity
  8
Step 04
 62
256
370
-1
 48
1.0
  6
BYLAYER
100
AcDbRasterImage
 90
0
 10
3.6169217913454541
 20
55.9571841226337199
 30
0.0
 11
-0.0
 21
-0.2
 31
0.0
 12
-0.2
 22
0.0
 32
0.0
 13
4.0
 23
9.0
340
1F3
 70
15
280
0
281
50
282
50
283
0
  0
IMAGE
  5
1F4
100
AcDbEntity
  8
Step 04
 62
256
370
-1
 48
1.0
  6
BYLAYER
100
AcDbRasterImage
 90
0
 10
3.6169217913454244
 20
31.9571841226337057
 30
0.0
 11
-0.0
 21
-0.2
 31
0.0
 12
-0.2
 22
0.0
 32
0.0
 13
4.0
 23
9.0
340
1F5
 70
15
280
0
281
50
282
50
283
0
  0
IMAGE
  5
1F6
100
AcDbEntity
  8
Step 04
 62
256
370
-1
 48
1.0
  6
BYLAYER
100
AcDbRasterImage
 90
0
 10
3.6169217913454119
 20
12.2071841226337341
 30
0.0
 11
-0.0
 21
-0.2
 31
0.0
 12
-0.2
 22
0.0
 32
0.0
 13
4.0
 23
9.0
340
1F7
 70
15
280
0
281
50
282
50
283
0
  0
IMAGE
  5
1F8
100
AcDbEntity
  8
Step 06
 62
256
370
-1
 48
1.0
  6
BYLAYER
100
AcDbRasterImage
 90
0
 10
62.293290677361469
 20
156.8681144490695374
 30
0.0
 11
-0.0
 21
-0.2
 31
0.0
 12
0.2
 22
0.0
 32
0.0
 13
4.0
 23
9.0
340
1F9
 70
15
280
0
281
50
282
50
283
0
  0
IMAGE
  5
1FA
100
AcDbEntity
  8
Step 05
 62
256
370
-1
 48
1.0
  6
BYLAYER
100
AcDbRasterImage
 90
0
 10
61.8724237195806879
 20
157.0796184659765515
 30
0.0
 11
-0.0
 21
-0.2
 31
0.0
 12
0.2
 22
0.0
 32
0.0
 13
4.0
 23
9.0
340
1FB
 70
15
280
0
281
50
282
50
283
0
  0
IMAGE
  5
1FC
100
AcDbEntity
  8
Step 06
 62
256
370
-1
 48
1.0
  6
BYLAYER
100
AcDbRasterImage
 90
0
 10
62.3405115770868719
 20
149.4008030070811515
 30
0.0
 11
-0.0
 21
-0.2
 31
0.0
 12
0.2
 22
0.0
 32
0.0
 13
4.0
 23
9.0
340
1FD
 70
15
280
0
281
50
282
50
283
0
  0
IMAGE
  5
1FE
100
AcDbEntity
  8
Step 05
 62
256
370
-1
 48
1.0
  6
BYLAYER
100
AcDbRasterImage
 90
0
 10
61.9196446193061334
 20
149.6123070239881372
 30
0.0
 11
-0.0
 21
-0.2
 31
0.0
 12
0.2
 22
0.0
 32
0.0
 13
4.0
 23
9.0
340
1FF
 70
15
280
0
281
50
282
50
283
0
  0
IMAGE
  5
200
100
AcDbEntity
  8
Step 06
 62
256
370
-1
 48
1.0
  6
BYLAYER
100
AcDbRasterImage
 90
0
 10
62.2379054327338608
 20
127.8254801751205036
 30
0.0
 11
-0.0
 21
-0.2
 31
0.0
 12
0.2
 22
0.0
 32
0.0
 13
4.0
 23
9.0
340
201
 70
15
280
0
281
50
282
50
283
0
  0
IMAGE
  5
202
100
AcDbEntity
  8
Step 05
 62
256
370
-1
 48
1.0
  6
BYLAYER
100
AcDbRasterImage
 90
0
 10
61.8170384749531294
 20
128.0369841920274609
 30
0.0
 11
-0.0
 21
-0.2
 31
0.0
 12
0.2
 22
0.0
 32
0.0
 13
4.0
 23
9.0
340
203
 70
15
280
0
281
50
282
50
283
0
  0
IMAGE
  5
204
100
AcDbEntity
  8
Step 06
 62
256
370
-1
 48
1.0
  6
BYLAYER
100
AcDbRasterImage
 90
0
 10
62.2379054327338537
 20
103.8254801751204894
 30
0.0
 11
-0.0
 21
-0.2
 31
0.0
 12
0.2
 22
0.0
 32
0.0
 13
4.0
 23
9.0
340
205
 70
15
280
0
281
50
282
50
283
0
  0
IMAGE
  5
206
100
AcDbEntity
  8
Step 05
 62
256
370
-1
 48
1.0
  6
BYLAYER
100
AcDbRasterImage
 90
0
 10
61.8170384749531081
 20
104.0369841920274609
 30
0.0
 11
-0.0
 21
-0.2
 31
0.0
 12
0.2
 22
0.0
 32
0.0
 13
4.0
 23
9.0
340
207
 70
15
280
0
281
50
282
50
283
0
  0
IMAGE
  5
208
100
AcDbEntity
  8
Step 06
 62
256
370
-1
 48
1.0
  6
BYLAYER
100
AcDbRasterImage
 90
0
 10
62.2379054327338537
 20
79.8254801751204894
 30
0.0
 11
-0.0
 21
-0.2
 31
0.0
 12
0.2
 22
0.0
 32
0.0
 13
4.0
 23
9.0
340
209
 70
15
280
0
281
50
282
50
283
0
  0
IMAGE
  5
20A
100
AcDbEntity
  8
Step 05
 62
256
370
-1
 48
1.0
  6
BYLAYER
100
AcDbRasterImage
 90
0
 10
61.8170384749531152
 20
80.0369841920274467
 30
0.0
 11
-0.0
 21
-0.2
 31
0.0
 12
0.2
 22
0.0
 32
0.0
 13
4.0
 23
9.0
340
20B
 70
15
280
0
281
50
282
50
283
0
  0
IMAGE
  5
20C
100
AcDbEntity
  8
Step 06
 62
256
370
-1
 48
1.0
  6
BYLAYER
100
AcDbRasterImage
 90
0
 10
62.2379054327338466
 20
55.8254801751204823
 30
0.0
 11
-0.0
 21
-0.2
 31
0.0
 12
0.2
 22
0.0
 32
0.0
 13
4.0
 23
9.0
340
20D
 70
15
280
0
281
50
282
50
283
0
  0
IMAGE
  5
20E
100
AcDbEntity
  8
Step 05
 62
256
370
-1
 48
1.0
  6
BYLAYER
100
AcDbRasterImage
 90
0
 10
61.817038474953101
 20
56.0369841920274823
 30
0.0
 11
-0.0
 21
-0.2
 31
0.0
 12
0.2
 22
0.0
 32
0.0
 13
4.0
 23
9.0
340
20F
 70
15
280
0
281
50
282
50
283
0
  0
IMAGE
  5
210
100
AcDbEntity
  8
Step 06
 62
256
370
-1
 48
1.0
  6
BYLAYER
100
AcDbRasterImage
 90
0
 10
62.2379054327338253
 20
31.8254801751204965
 30
0.0
 11
-0.0
 21
-0.2
 31
0.0
 12
0.2
 22
0.0
 32
0.0
 13
4.0
 23
9.0
340
211
 70
15
280
0
281
50
282
50
283
0
  0
IMAGE
  5
212
100
AcDbEntity
  8
Step 05
 62
256
370
-1
 48
1.0
  6
BYLAYER
100
AcDbRasterImage
 90
0
 10
61.8170384749530797
 20
32.0369841920274681
 30
0.0
 11
-0.0
 21
-0.2
 31
0.0
 12
0.2
 22
0.0
 32
0.0
 13
4.0
 23
9.0
340
213
 70
15
280
0
281
50
282
50
283
0
  0
IMAGE
  5
214
100
AcDbEntity
  8
Step 06
 62
256
370
-1
 48
1.0
  6
BYLAYER
100
AcDbRasterImage
 90
0
 10
62.237905432733811
 20
11.8254801751204557
 30
0.0
 11
-0.0
 21
-0.2
 31
0.0
 12
0.2
 22
0.0
 32
0.0
 13
4.0
 23
9.0
340
215
 70
15
280
0
281
50
282
50
283
0
  0
IMAGE
  5
216
100
AcDbEntity
  8
Step 05
 62
256
370
-1
 48
1.0
  6
BYLAYER
100
AcDbRasterImage
 90
0
 10
61.8170384749530655
 20
12.0369841920274467
 30
0.0
 11
-0.0
 21
-0.2
 31
0.0
 12
0.2
 22
0.0
 32
0.0
 13
4.0
 23
9.0
340
217
 70
15
280
0
281
50
282
50
283
0
  0
IMAGE
  5
218
100
AcDbEntity
  8
Step 06
 62
256
370
-1
 48
1.0
  6
BYLAYER
100
AcDbRasterImage
 90
0
 10
62.2379054327338537
 20
2.8254801751205378
 30
0.0
 11
-0.0
 21
-0.2
 31
0.0
 12
0.2
 22
0.0
 32
0.0
 13
4.0
 23
9.0
340
219
 70
15
280
0
281
50
282
50
283
0
  0
IMAGE
  5
21A
100
AcDbEntity
  8
Step 05
 62
256
370
-1
 48
1.0
  6
BYLAYER
100
AcDbRasterImage
 90
0
 10
61.8170384749531081
 20
3.0369841920273744
 30
0.0
 11
-0.0
 21
-0.2
 31
0.0
 12
0.2
 22
0.0
 32
0.0
 13
4.0
 23
9.0
340
21B
 70
15
280
0
281
50
282
50
283
0
  0
MTEXT
  5
21C
100
AcDbEntity
  8
Step 02
 62
256
370
-1
 48
1.0
  6
BYLAYER
100
AcDbMText
 10
-8.0
 20
157.0
 30
0.0
 40
1.0
 41
0.0
 71
3
 72
1
  1
\H3;x2
  7
textstyle2
 50
360.0
 73
2
 44
1.0
  0
MTEXT
  5
21D
100
AcDbEntity
  8
Step 03
 62
256
370
-1
 48
1.0
  6
BYLAYER
100
AcDbMText
 10
15.8501394097146964
 20
162.6855420076026917
 30
0.0
 40
1.0
 41
0.0
 71
3
 72
1
  1
\H3;x2
  7
textstyle3
 50
0.0
 73
2
 44
1.0
  0
MTEXT
  5
21E
100
AcDbEntity
  8
Step 03
 62
256
370
-1
 48
1.0
  6
BYLAYER
100
AcDbMText
 10
29.3016539092337496
 20
162.5851575710391046
 30
0.0
 40
1.0
 41
0.0
 71
3
 72
1
  1
\H3;x2
  7
textstyle4
 50
0.0
 73
2
 44
1.0
  0
MTEXT
  5
21F
100
AcDbEntity
  8
Step 03
 62
256
370
-1
 48
1.0
  6
BYLAYER
100
AcDbMText
 10
42.6527839721892406
 20
162.6520805287481437
 30
0.0
 40
1.0
 41
0.0
 71
3
 72
1
  1
\H3;x2
  7
textstyle5
 50
0.0
 73
2
 44
1.0
  0
MTEXT
  5
220
100
AcDbEntity
  8
Step 03
 62
256
370
-1
 48
1.0
  6
BYLAYER
100
AcDbMText
 10
29.3915041765283078
 20
139.9184686685723022
 30
0.0
 40
1.0
 41
0.0
 71
9
 72
1
  1
\H3;x2
  7
textstyle6
 50
0.0
 73
2
 44
1.0
  0
MTEXT
  5
221
100
AcDbEntity
  8
Step 03
 62
256
370
-1
 48
1.0
  6
BYLAYER
100
AcDbMText
 10
42.7426342394837988
 20
139.8515457108632631
 30
0.0
 40
1.0
 41
0.0
 71
9
 72
1
  1
\H3;x2
  7
textstyle7
 50
0.0
 73
2
 44
1.0
  0
MTEXT
  5
222
100
AcDbEntity
  8
Step 03
 62
256
370
-1
 48
1.0
  6
BYLAYER
100
AcDbMText
 10
15.9399896770092546
 20
139.8180842320087152
 30
0.0
 40
1.0
 41
0.0
 71
9
 72
1
  1
\H3;x2
  7
textstyle52
 50
0.0
 73
2
 44
1.0
  0
MTEXT
  5
223
100
AcDbEntity
  8
Step 03
 62
256
370
-1
 48
1.0
  6
BYLAYER
100
AcDbMText
 10
16.0765620832969773
 20
16.1755127386198865
 30
0.0
 40
1.0
 41
0.0
 71
3
 72
1
  1
\H3;x2
  7
textstyle53
 50
0.0
 73
2
 44
1.0
  0
MTEXT
  5
224
100
AcDbEntity
  8
Step 03
 62
256
370
-1
 48
1.0
  6
BYLAYER
100
AcDbMText
 10
29.5280765828160412
 20
16.075128302056271
 30
0.0
 40
1.0
 41
0.0
 71
3
 72
1
  1
\H3;x2
  7
textstyle54
 50
0.0
 73
2
 44
1.0
  0
MTEXT
  5
225
100
AcDbEntity
  8
Step 03
 62
256
370
-1
 48
1.0
  6
BYLAYER
100
AcDbMText
 10
42.8792066457715038
 20
16.1420512597653385
 30
0.0
 40
1.0
 41
0.0
 71
3
 72
1
  1
\H3;x2
  7
textstyle55
 50
0.0
 73
2
 44
1.0
  0
MTEXT
  5
226
100
AcDbEntity
  8
Step 03
 62
256
370
-1
 48
1.0
  6
BYLAYER
100
AcDbMText
 10
29.6179268501105781
 20
-6.591560600410503
 30
0.0
 40
1.0
 41
0.0
 71
9
 72
1
  1
\H3;x2
  7
textstyle56
 50
0.0
 73
2
 44
1.0
  0
MTEXT
  5
227
100
AcDbEntity
  8
Step 03
 62
256
370
-1
 48
1.0
  6
BYLAYER
100
AcDbMText
 10
42.9690569130660975
 20
-6.6584835581195421
 30
0.0
 40
1.0
 41
0.0
 71
9
 72
1
  1
\H3;x2
  7
textstyle57
 50
0.0
 73
2
 44
1.0
  0
MTEXT
  5
228
100
AcDbEntity
  8
Step 03
 62
256
370
-1
 48
1.0
  6
BYLAYER
100
AcDbMText
 10
16.166412350591532
 20
-6.69194503697409
 30
0.0
 40
1.0
 41
0.0
 71
9
 72
1
  1
\H3;x2
  7
textstyle58
 50
0.0
 73
2
 44
1.0
  0
MTEXT
  5
229
100
AcDbEntity
  8
Step 02
 62
256
370
-1
 48
1.0
  6
BYLAYER
100
AcDbMText
 10
-8.0000000000000213
 20
149.0000000000000568
 30
0.0
 40
1.0
 41
0.0
 71
3
 72
1
  1
\H3;x2
  7
textstyle59
 50
360.0
 73
2
 44
1.0
  0
MTEXT
  5
22A
100
AcDbEntity
  8
Step 02
 62
256
370
-1
 48
1.0
  6
BYLAYER
100
AcDbMText
 10
-7.9999999999999929
 20
10.5
 30
0.0
 40
1.0
 41
0.0
 71
3
 72
1
  1
\H3;x2
  7
textstyle44
 50
360.0
 73
2
 44
1.0
  0
MTEXT
  5
22B
100
AcDbEntity
  8
Step 02
 62
256
370
-1
 48
1.0
  6
BYLAYER
100
AcDbMText
 10
-8.0000000000000213
 20
2.4999999999999147
 30
0.0
 40
1.0
 41
0.0
 71
3
 72
1
  1
\H3;x2
  7
textstyle45
 50
360.0
 73
2
 44
1.0
  0
MTEXT
  5
22C
100
AcDbEntity
  8
Step 04
 62
256
370
-1
 48
1.0
  6
BYLAYER
100
AcDbMText
 10
-8.0
 20
147.3413844020010117
 30
0.0
 40
1.0
 41
0.0
 71
3
 72
1
  1
\H3;x2
  7
textstyle46
 50
360.0
 73
2
 44
1.0
  0
MTEXT
  5
22D
100
AcDbEntity
  8
Step 04
 62
256
370
-1
 48
1.0
  6
BYLAYER
100
AcDbMText
 10
-7.9999999999999787
 20
127.5913844020011254
 30
0.0
 40
1.0
 41
0.0
 71
3
 72
1
  1
\H3;x2
  7
textstyle47
 50
360.0
 73
2
 44
1.0
  0
MTEXT
  5
22E
100
AcDbEntity
  8
Step 04
 62
256
370
-1
 48
1.0
  6
BYLAYER
100
AcDbMText
 10
-7.9999999999999787
 20
103.5913844020011112
 30
0.0
 40
1.0
 41
0.0
 71
3
 72
1
  1
\H3;x2
  7
textstyle48
 50
360.0
 73
2
 44
1.0
  0
MTEXT
  5
22F
100
AcDbEntity
  8
Step 04
 62
256
370
-1
 48
1.0
  6
BYLAYER
100
AcDbMText
 10
-7.9999999999999858
 20
79.5913844020011254
 30
0.0
 40
1.0
 41
0.0
 71
3
 72
1
  1
\H3;x2
  7
textstyle49
 50
360.0
 73
2
 44
1.0
  0
MTEXT
  5
230
100
AcDbEntity
  8
Step 04
 62
256
370
-1
 48
1.0
  6
BYLAYER
100
AcDbMText
 10
-7.9999999999999503
 20
55.5913844020011254
 30
0.0
 40
1.0
 41
0.0
 71
3
 72
1
  1
\H3;x2
  7
textstyle50
 50
360.0
 73
2
 44
1.0
  0
MTEXT
  5
231
100
AcDbEntity
  8
Step 04
 62
256
370
-1
 48
1.0
  6
BYLAYER
100
AcDbMText
 10
-8.0000000000000071
 20
31.5913844020011112
 30
0.0
 40
1.0
 41
0.0
 71
3
 72
1
  1
\H3;x2
  7
textstyle51
 50
360.0
 73
2
 44
1.0
  0
MTEXT
  5
232
100
AcDbEntity
  8
Step 04
 62
256
370
-1
 48
1.0
  6
BYLAYER
100
AcDbMText
 10
-7.9999999999999503
 20
11.8413844020011254
 30
0.0
 40
1.0
 41
0.0
 71
3
 72
1
  1
\H3;x2
  7
textstyle39
 50
360.0
 73
2
 44
1.0
  0
MTEXT
  5
233
100
AcDbEntity
  8
Step 06
 62
256
370
-1
 48
1.0
  6
BYLAYER
100
AcDbMText
 10
77.0249024218728522
 20
149.3352410595135495
 30
0.0
 40
1.0
 41
0.0
 71
3
 72
1
  1
\H3;x2
  7
textstyle40
 50
0.0
 73
2
 44
1.0
  0
MTEXT
  5
234
100
AcDbEntity
  8
Step 05
 62
256
370
-1
 48
1.0
  6
BYLAYER
100
AcDbMText
 10
76.3169627134216739
 20
149.4957665533923432
 30
0.0
 40
1.0
 41
0.0
 71
3
 72
1
  1
\fDejaVu Sans|b0|i0|c0|p0;\H3;x2
  7
textstyle41
 50
360.0
 73
2
 44
1.0
  0
MTEXT
  5
235
100
AcDbEntity
  8
Step 06
 62
256
370
-1
 48
1.0
  6
BYLAYER
100
AcDbMText
 10
76.922296277519834
 20
11.759918227552884
 30
0.0
 40
1.0
 41
0.0
 71
3
 72
1
  1
\H3;x2
  7
textstyle42
 50
0.0
 73
2
 44
1.0
  0
MTEXT
  5
236
100
AcDbEntity
  8
Step 05
 62
256
370
-1
 48
1.0
  6
BYLAYER
100
AcDbMText
 10
76.5420504422347818
 20
11.9296496270962962
 30
0.0
 40
1.0
 41
0.0
 71
3
 72
1
  1
\H3;x2
  7
textstyle43
 50
360.0
 73
2
 44
1.0
  0
HATCH
  5
237
100
AcDbEntity
  8
Step 03
 62
256
370
-1
 48
1.0
  6
BYLAYER
100
AcDbHatch
 10
0.0
 20
0.0
 30
0.0
210
0.0
220
0.0
230
1.0
  2
SOLID
 70
1
 71
0
 91
1
 92
1
 93
4
 72
1
 10
18.6249999999999432
 20
1.5
 11
17.1250000000000213
 21
1.5
 72
1
 10
17.1250000000000213
 20
1.5
 11
17.1250000000000071
 21
8.0
 72
1
 10
17.1250000000000071
 20
8.0
 11
18.6250000000000142
 21
8.0
 72
1
 10
18.6250000000000142
 20
8.0
 11
18.6249999999999432
 21
1.5
 97
0
 75
0
 76
1
 98
0
1001
ACAD
1010
0.0
1020
0.0
1030
0
  0
HATCH
  5
238
100
AcDbEntity
  8
Step 03
 62
256
370
-1
 48
1.0
  6
BYLAYER
100
AcDbHatch
 10
0.0
 20
0.0
 30
0.0
210
0.0
220
0.0
230
1.0
  2
SOLID
 70
1
 71
0
 91
1
 92
1
 93
4
 72
1
 10
32.0000000000000213
 20
1.5
 11
30.5000000000000284
 21
1.5
 72
1
 10
30.5000000000000284
 20
1.5
 11
30.4999999999999787
 21
8.0
 72
1
 10
30.4999999999999787
 20
8.0
 11
32.0000000000000071
 21
8.0
 72
1
 10
32.0000000000000071
 20
8.0
 11
32.0000000000000213
 21
1.5
 97
0
 75
0
 76
1
 98
0
1001
ACAD
1010
0.0
1020
0.0
1030
0
  0
HATCH
  5
239
100
AcDbEntity
  8
Step 03
 62
256
370
-1
 48
1.0
  6
BYLAYER
100
AcDbHatch
 10
0.0
 20
0.0
 30
0.0
210
0.0
220
0.0
230
1.0
  2
SOLID
 70
1
 71
0
 91
1
 92
1
 93
4
 72
1
 10
45.3749999999999716
 20
1.5
 11
43.875
 21
1.5
 72
1
 10
43.875
 20
1.5
 11
43.8750000000000426
 21
8.0
 72
1
 10
43.8750000000000426
 20
8.0
 11
45.3749999999999716
 21
8.0
 72
1
 10
45.3749999999999716
 20
8.0
 11
45.3749999999999716
 21
1.5
 97
0
 75
0
 76
1
 98
0
1001
ACAD
1010
0.0
1020
0.0
1030
0
  0
HATCH
  5
23A
100
AcDbEntity
  8
Step 03
 62
256
370
-1
 48
1.0
  6
BYLAYER
100
AcDbHatch
 10
0.0
 20
0.0
 30
0.0
210
0.0
220
0.0
230
1.0
  2
SOLID
 70
1
 71
0
 91
1
 92
1
 93
4
 72
1
 10
18.6249999999999964
 20
148.0000000000000284
 11
17.1249999999999964
 21
148.0000000000000284
 72
1
 10
17.1249999999999964
 20
148.0000000000000284
 11
17.125
 21
154.5000000000000284
 72
1
 10
17.125
 20
154.5000000000000284
 11
18.625
 21
154.5000000000000284
 72
1
 10
18.625
 20
154.5000000000000284
 11
18.6249999999999964
 21
148.0000000000000284
 97
0
 75
0
 76
1
 98
0
1001
ACAD
1010
0.0
1020
0.0
1030
0
  0
HATCH
  5
23B
100
AcDbEntity
  8
Step 03
 62
256
370
-1
 48
1.0
  6
BYLAYER
100
AcDbHatch
 10
0.0
 20
0.0
 30
0.0
210
0.0
220
0.0
230
1.0
  2
SOLID
 70
1
 71
0
 91
1
 92
1
 93
4
 72
1
 10
31.9999999999999964
 20
148.0000000000000284
 11
30.5000000000000036
 21
148.0000000000000284
 72
1
 10
30.5000000000000036
 20
148.0000000000000284
 11
30.5
 21
154.5000000000000284
 72
1
 10
30.5
 20
154.5000000000000284
 11
32.0
 21
154.5000000000000284
 72
1
 10
32.0
 20
154.5000000000000284
 11
31.9999999999999964
 21
148.0000000000000284
 97
0
 75
0
 76
1
 98
0
1001
ACAD
1010
0.0
1020
0.0
1030
0
  0
HATCH
  5
23C
100
AcDbEntity
  8
Step 03
 62
256
370
-1
 48
1.0
  6
BYLAYER
100
AcDbHatch
 10
0.0
 20
0.0
 30
0.0
210
0.0
220
0.0
230
1.0
  2
SOLID
 70
1
 71
0
 91
1
 92
1
 93
4
 72
1
 10
45.375
 20
148.0000000000000284
 11
43.875
 21
148.0000000000000284
 72
1
 10
43.875
 20
148.0000000000000284
 11
43.875
 21
154.5000000000000284
 72
1
 10
43.875
 20
154.5000000000000284
 11
45.3750000000000071
 21
154.5000000000000284
 72
1
 10
45.3750000000000071
 20
154.5000000000000284
 11
45.375
 21
148.0000000000000284
 97
0
 75
0
 76
1
 98
0
1001
ACAD
1010
0.0
1020
0.0
1030
0
  0
HATCH
  5
23D
100
AcDbEntity
  8
Step 04
 62
252
420
10526884
370
-1
 48
1.0
  6
BYLAYER
100
AcDbHatch
 10
0.0
 20
0.0
 30
0.0
210
0.0
220
0.0
230
1.0
  2
SOLID
 70
1
 71
0
 91
1
 92
1
 93
4
 72
1
 10
18.6249999999999964
 20
148.0000000000000284
 11
17.1249999999999964
 21
148.0000000000000284
 72
1
 10
17.1249999999999964
 20
148.0000000000000284
 11
17.125
 21
154.5000000000000284
 72
1
 10
17.125
 20
154.5000000000000284
 11
18.625
 21
154.5000000000000284
 72
1
 10
18.625
 20
154.5000000000000284
 11
18.6249999999999964
 21
148.0000000000000284
 97
0
 75
0
 76
1
 98
0
1001
ACAD
1010
0.0
1020
0.0
1030
0
  0
HATCH
  5
23E
100
AcDbEntity
  8
Step 04
 62
252
420
10526884
370
-1
 48
1.0
  6
BYLAYER
100
AcDbHatch
 10
0.0
 20
0.0
 30
0.0
210
0.0
220
0.0
230
1.0
  2
SOLID
 70
1
 71
0
 91
1
 92
1
 93
4
 72
1
 10
31.9999999999999964
 20
148.0000000000000284
 11
30.5000000000000036
 21
148.0000000000000284
 72
1
 10
30.5000000000000036
 20
148.0000000000000284
 11
30.5
 21
154.5000000000000284
 72
1
 10
30.5
 20
154.5000000000000284
 11
32.0
 21
154.5000000000000284
 72
1
 10
32.0
 20
154.5000000000000284
 11
31.9999999999999964
 21
148.0000000000000284
 97
0
 75
0
 76
1
 98
0
1001
ACAD
1010
0.0
1020
0.0
1030
0
  0
HATCH
  5
23F
100
AcDbEntity
  8
Step 04
 62
252
420
10526884
370
-1
 48
1.0
  6
BYLAYER
100
AcDbHatch
 10
0.0
 20
0.0
 30
0.0
210
0.0
220
0.0
230
1.0
  2
SOLID
 70
1
 71
0
 91
1
 92
1
 93
4
 72
1
 10
45.375
 20
148.0000000000000284
 11
43.875
 21
148.0000000000000284
 72
1
 10
43.875
 20
148.0000000000000284
 11
43.875
 21
154.5000000000000284
 72
1
 10
43.875
 20
154.5000000000000284
 11
45.3750000000000071
 21
154.5000000000000284
 72
1
 10
45.3750000000000071
 20
154.5000000000000284
 11
45.375
 21
148.0000000000000284
 97
0
 75
0
 76
1
 98
0
1001
ACAD
1010
0.0
1020
0.0
1030
0
  0
HATCH
  5
240
100
AcDbEntity
  8
Step 04
 62
252
420
10526884
370
-1
 48
1.0
  6
BYLAYER
100
AcDbHatch
 10
0.0
 20
0.0
 30
0.0
210
0.0
220
0.0
230
1.0
  2
SOLID
 70
1
 71
0
 91
1
 92
1
 93
4
 72
1
 10
18.6249999999999432
 20
1.5
 11
17.1250000000000213
 21
1.5
 72
1
 10
17.1250000000000213
 20
1.5
 11
17.1250000000000071
 21
8.0
 72
1
 10
17.1250000000000071
 20
8.0
 11
18.6250000000000142
 21
8.0
 72
1
 10
18.6250000000000142
 20
8.0
 11
18.6249999999999432
 21
1.5
 97
0
 75
0
 76
1
 98
0
1001
ACAD
1010
0.0
1020
0.0
1030
0
  0
HATCH
  5
241
100
AcDbEntity
  8
Step 04
 62
252
420
10526884
370
-1
 48
1.0
  6
BYLAYER
100
AcDbHatch
 10
0.0
 20
0.0
 30
0.0
210
0.0
220
0.0
230
1.0
  2
SOLID
 70
1
 71
0
 91
1
 92
1
 93
4
 72
1
 10
32.0000000000000213
 20
1.5
 11
30.5000000000000284
 21
1.5
 72
1
 10
30.5000000000000284
 20
1.5
 11
30.4999999999999787
 21
8.0
 72
1
 10
30.4999999999999787
 20
8.0
 11
32.0000000000000071
 21
8.0
 72
1
 10
32.0000000000000071
 20
8.0
 11
32.0000000000000213
 21
1.5
 97
0
 75
0
 76
1
 98
0
1001
ACAD
1010
0.0
1020
0.0
1030
0
  0
HATCH
  5
242
100
AcDbEntity
  8
Step 04
 62
252
420
10526884
370
-1
 48
1.0
  6
BYLAYER
100
AcDbHatch
 10
0.0
 20
0.0
 30
0.0
210
0.0
220
0.0
230
1.0
  2
SOLID
 70
1
 71
0
 91
1
 92
1
 93
4
 72
1
 10
45.3749999999999716
 20
1.5
 11
43.875
 21
1.5
 72
1
 10
43.875
 20
1.5
 11
43.8750000000000426
 21
8.0
 72
1
 10
43.8750000000000426
 20
8.0
 11
45.3749999999999716
 21
8.0
 72
1
 10
45.3749999999999716
 20
8.0
 11
45.3749999999999716
 21
1.5
 97
0
 75
0
 76
1
 98
0
1001
ACAD
1010
0.0
1020
0.0
1030
0
  0
HATCH
  5
243
100
AcDbEntity
  8
Step 06
 62
252
420
10526884
370
-1
 48
1.0
  6
BYLAYER
100
AcDbHatch
 10
0.0
 20
0.0
 30
0.0
210
0.0
220
0.0
230
1.0
  2
SOLID
 70
1
 71
0
 91
1
 92
1
 93
4
 72
1
 10
18.6249999999999432
 20
1.5
 11
17.1250000000000213
 21
1.5
 72
1
 10
17.1250000000000213
 20
1.5
 11
17.1250000000000071
 21
8.0
 72
1
 10
17.1250000000000071
 20
8.0
 11
18.6250000000000142
 21
8.0
 72
1
 10
18.6250000000000142
 20
8.0
 11
18.6249999999999432
 21
1.5
 97
0
 75
0
 76
1
 98
0
1001
ACAD
1010
0.0
1020
0.0
1030
0
  0
HATCH
  5
244
100
AcDbEntity
  8
Step 05
 62
252
420
10526884
370
-1
 48
1.0
  6
BYLAYER
100
AcDbHatch
 10
0.0
 20
0.0
 30
0.0
210
0.0
220
0.0
230
1.0
  2
SOLID
 70
1
 71
0
 91
1
 92
1
 93
4
 72
1
 10
18.6249999999999432
 20
1.5
 11
17.1250000000000213
 21
1.5
 72
1
 10
17.1250000000000213
 20
1.5
 11
17.1250000000000071
 21
8.0
 72
1
 10
17.1250000000000071
 20
8.0
 11
18.6250000000000142
 21
8.0
 72
1
 10
18.6250000000000142
 20
8.0
 11
18.6249999999999432
 21
1.5
 97
0
 75
0
 76
1
 98
0
1001
ACAD
1010
0.0
1020
0.0
1030
0
  0
HATCH
  5
245
100
AcDbEntity
  8
Step 06
 62
252
420
10526884
370
-1
 48
1.0
  6
BYLAYER
100
AcDbHatch
 10
0.0
 20
0.0
 30
0.0
210
0.0
220
0.0
230
1.0
  2
SOLID
 70
1
 71
0
 91
1
 92
1
 93
4
 72
1
 10
32.0000000000000213
 20
1.5
 11
30.5000000000000284
 21
1.5
 72
1
 10
30.5000000000000284
 20
1.5
 11
30.4999999999999787
 21
8.0
 72
1
 10
30.4999999999999787
 20
8.0
 11
32.0000000000000071
 21
8.0
 72
1
 10
32.0000000000000071
 20
8.0
 11
32.0000000000000213
 21
1.5
 97
0
 75
0
 76
1
 98
0
1001
ACAD
1010
0.0
1020
0.0
1030
0
  0
HATCH
  5
246
100
AcDbEntity
  8
Step 05
 62
252
420
10526884
370
-1
 48
1.0
  6
BYLAYER
100
AcDbHatch
 10
0.0
 20
0.0
 30
0.0
210
0.0
220
0.0
230
1.0
  2
SOLID
 70
1
 71
0
 91
1
 92
1
 93
4
 72
1
 10
32.0000000000000213
 20
1.5
 11
30.5000000000000284
 21
1.5
 72
1
 10
30.5000000000000284
 20
1.5
 11
30.4999999999999787
 21
8.0
 72
1
 10
30.4999999999999787
 20
8.0
 11
32.0000000000000071
 21
8.0
 72
1
 10
32.0000000000000071
 20
8.0
 11
32.0000000000000213
 21
1.5
 97
0
 75
0
 76
1
 98
0
1001
ACAD
1010
0.0
1020
0.0
1030
0
  0
HATCH
  5
247
100
AcDbEntity
  8
Step 06
 62
252
420
10526884
370
-1
 48
1.0
  6
BYLAYER
100
AcDbHatch
 10
0.0
 20
0.0
 30
0.0
210
0.0
220
0.0
230
1.0
  2
SOLID
 70
1
 71
0
 91
1
 92
1
 93
4
 72
1
 10
45.3749999999999716
 20
1.5
 11
43.875
 21
1.5
 72
1
 10
43.875
 20
1.5
 11
43.8750000000000426
 21
8.0
 72
1
 10
43.8750000000000426
 20
8.0
 11
45.3749999999999716
 21
8.0
 72
1
 10
45.3749999999999716
 20
8.0
 11
45.3749999999999716
 21
1.5
 97
0
 75
0
 76
1
 98
0
1001
ACAD
1010
0.0
1020
0.0
1030
0
  0
HATCH
  5
248
100
AcDbEntity
  8
Step 05
 62
252
420
10526884
370
-1
 48
1.0
  6
BYLAYER
100
AcDbHatch
 10
0.0
 20
0.0
 30
0.0
210
0.0
220
0.0
230
1.0
  2
SOLID
 70
1
 71
0
 91
1
 92
1
 93
4
 72
1
 10
45.3749999999999716
 20
1.5
 11
43.875
 21
1.5
 72
1
 10
43.875
 20
1.5
 11
43.8750000000000426
 21
8.0
 72
1
 10
43.8750000000000426
 20
8.0
 11
45.3749999999999716
 21
8.0
 72
1
 10
45.3749999999999716
 20
8.0
 11
45.3749999999999716
 21
1.5
 97
0
 75
0
 76
1
 98
0
1001
ACAD
1010
0.0
1020
0.0
1030
0
  0
HATCH
  5
249
100
AcDbEntity
  8
Step 06
 62
252
420
10526884
370
-1
 48
1.0
  6
BYLAYER
100
AcDbHatch
 10
0.0
 20
0.0
 30
0.0
210
0.0
220
0.0
230
1.0
  2
SOLID
 70
1
 71
0
 91
1
 92
1
 93
4
 72
1
 10
18.6249999999999964
 20
148.0000000000000284
 11
17.1249999999999964
 21
148.0000000000000284
 72
1
 10
17.1249999999999964
 20
148.0000000000000284
 11
17.125
 21
154.5000000000000284
 72
1
 10
17.125
 20
154.5000000000000284
 11
18.625
 21
154.5000000000000284
 72
1
 10
18.625
 20
154.5000000000000284
 11
18.6249999999999964
 21
148.0000000000000284
 97
0
 75
0
 76
1
 98
0
1001
ACAD
1010
0.0
1020
0.0
1030
0
  0
HATCH
  5
24A
100
AcDbEntity
  8
Step 05
 62
252
420
10526884
370
-1
 48
1.0
  6
BYLAYER
100
AcDbHatch
 10
0.0
 20
0.0
 30
0.0
210
0.0
220
0.0
230
1.0
  2
SOLID
 70
1
 71
0
 91
1
 92
1
 93
4
 72
1
 10
18.6249999999999964
 20
148.0000000000000284
 11
17.1249999999999964
 21
148.0000000000000284
 72
1
 10
17.1249999999999964
 20
148.0000000000000284
 11
17.125
 21
154.5000000000000284
 72
1
 10
17.125
 20
154.5000000000000284
 11
18.625
 21
154.5000000000000284
 72
1
 10
18.625
 20
154.5000000000000284
 11
18.6249999999999964
 21
148.0000000000000284
 97
0
 75
0
 76
1
 98
0
1001
ACAD
1010
0.0
1020
0.0
1030
0
  0
HATCH
  5
24B
100
AcDbEntity
  8
Step 06
 62
252
420
10526884
370
-1
 48
1.0
  6
BYLAYER
100
AcDbHatch
 10
0.0
 20
0.0
 30
0.0
210
0.0
220
0.0
230
1.0
  2
SOLID
 70
1
 71
0
 91
1
 92
1
 93
4
 72
1
 10
31.9999999999999964
 20
148.0000000000000284
 11
30.5000000000000036
 21
148.0000000000000284
 72
1
 10
30.5000000000000036
 20
148.0000000000000284
 11
30.5
 21
154.5000000000000284
 72
1
 10
30.5
 20
154.5000000000000284
 11
32.0
 21
154.5000000000000284
 72
1
 10
32.0
 20
154.5000000000000284
 11
31.9999999999999964
 21
148.0000000000000284
 97
0
 75
0
 76
1
 98
0
1001
ACAD
1010
0.0
1020
0.0
1030
0
  0
HATCH
  5
24C
100
AcDbEntity
  8
Step 05
 62
252
420
10526884
370
-1
 48
1.0
  6
BYLAYER
100
AcDbHatch
 10
0.0
 20
0.0
 30
0.0
210
0.0
220
0.0
230
1.0
  2
SOLID
 70
1
 71
0
 91
1
 92
1
 93
4
 72
1
 10
31.9999999999999964
 20
148.0000000000000284
 11
30.5000000000000036
 21
148.0000000000000284
 72
1
 10
30.5000000000000036
 20
148.0000000000000284
 11
30.5
 21
154.5000000000000284
 72
1
 10
30.5
 20
154.5000000000000284
 11
32.0
 21
154.5000000000000284
 72
1
 10
32.0
 20
154.5000000000000284
 11
31.9999999999999964
 21
148.0000000000000284
 97
0
 75
0
 76
1
 98
0
1001
ACAD
1010
0.0
1020
0.0
1030
0
  0
HATCH
  5
24D
100
AcDbEntity
  8
Step 06
 62
252
420
10526884
370
-1
 48
1.0
  6
BYLAYER
100
AcDbHatch
 10
0.0
 20
0.0
 30
0.0
210
0.0
220
0.0
230
1.0
  2
SOLID
 70
1
 71
0
 91
1
 92
1
 93
4
 72
1
 10
45.375
 20
148.0000000000000284
 11
43.875
 21
148.0000000000000284
 72
1
 10
43.875
 20
148.0000000000000284
 11
43.875
 21
154.5000000000000284
 72
1
 10
43.875
 20
154.5000000000000284
 11
45.3750000000000071
 21
154.5000000000000284
 72
1
 10
45.3750000000000071
 20
154.5000000000000284
 11
45.375
 21
148.0000000000000284
 97
0
 75
0
 76
1
 98
0
1001
ACAD
1010
0.0
1020
0.0
1030
0
  0
HATCH
  5
24E
100
AcDbEntity
  8
Step 05
 62
252
420
10526884
370
-1
 48
1.0
  6
BYLAYER
100
AcDbHatch
 10
0.0
 20
0.0
 30
0.0
210
0.0
220
0.0
230
1.0
  2
SOLID
 70
1
 71
0
 91
1
 92
1
 93
4
 72
1
 10
45.375
 20
148.0000000000000284
 11
43.875
 21
148.0000000000000284
 72
1
 10
43.875
 20
148.0000000000000284
 11
43.875
 21
154.5000000000000284
 72
1
 10
43.875
 20
154.5000000000000284
 11
45.3750000000000071
 21
154.5000000000000284
 72
1
 10
45.3750000000000071
 20
154.5000000000000284
 11
45.375
 21
148.0000000000000284
 97
0
 75
0
 76
1
 98
0
1001
ACAD
1010
0.0
1020
0.0
1030
0
  0
HATCH
  5
24F
100
AcDbEntity
  8
Step 07
 62
252
420
10526884
370
-1
 48
1.0
  6
BYLAYER
100
AcDbHatch
 10
0.0
 20
0.0
 30
0.0
210
0.0
220
0.0
230
1.0
  2
SOLID
 70
1
 71
0
 91
1
 92
1
 93
4
 72
1
 10
45.375
 20
148.0000000000000284
 11
43.875
 21
148.0000000000000284
 72
1
 10
43.875
 20
148.0000000000000284
 11
43.875
 21
154.5000000000000284
 72
1
 10
43.875
 20
154.5000000000000284
 11
45.3750000000000071
 21
154.5000000000000284
 72
1
 10
45.3750000000000071
 20
154.5000000000000284
 11
45.375
 21
148.0000000000000284
 97
0
 75
0
 76
1
 98
0
1001
ACAD
1010
0.0
1020
0.0
1030
0
  0
HATCH
  5
250
100
AcDbEntity
  8
Step 07
 62
252
420
10526884
370
-1
 48
1.0
  6
BYLAYER
100
AcDbHatch
 10
0.0
 20
0.0
 30
0.0
210
0.0
220
0.0
230
1.0
  2
SOLID
 70
1
 71
0
 91
1
 92
1
 93
4
 72
1
 10
32.0000000000000213
 20
1.5
 11
30.5000000000000284
 21
1.5
 72
1
 10
30.5000000000000284
 20
1.5
 11
30.4999999999999787
 21
8.0
 72
1
 10
30.4999999999999787
 20
8.0
 11
32.0000000000000071
 21
8.0
 72
1
 10
32.0000000000000071
 20
8.0
 11
32.0000000000000213
 21
1.5
 97
0
 75
0
 76
1
 98
0
1001
ACAD
1010
0.0
1020
0.0
1030
0
  0
HATCH
  5
251
100
AcDbEntity
  8
Step 07
 62
252
420
10526884
370
-1
 48
1.0
  6
BYLAYER
100
AcDbHatch
 10
0.0
 20
0.0
 30
0.0
210
0.0
220
0.0
230
1.0
  2
SOLID
 70
1
 71
0
 91
1
 92
1
 93
4
 72
1
 10
45.3749999999999716
 20
1.5
 11
43.875
 21
1.5
 72
1
 10
43.875
 20
1.5
 11
43.8750000000000426
 21
8.0
 72
1
 10
43.8750000000000426
 20
8.0
 11
45.3749999999999716
 21
8.0
 72
1
 10
45.3749999999999716
 20
8.0
 11
45.3749999999999716
 21
1.5
 97
0
 75
0
 76
1
 98
0
1001
ACAD
1010
0.0
1020
0.0
1030
0
  0
HATCH
  5
252
100
AcDbEntity
  8
Step 07
 62
252
420
10526884
370
-1
 48
1.0
  6
BYLAYER
100
AcDbHatch
 10
0.0
 20
0.0
 30
0.0
210
0.0
220
0.0
230
1.0
  2
SOLID
 70
1
 71
0
 91
1
 92
1
 93
4
 72
1
 10
18.6249999999999964
 20
148.0000000000000284
 11
17.1249999999999964
 21
148.0000000000000284
 72
1
 10
17.1249999999999964
 20
148.0000000000000284
 11
17.125
 21
154.5000000000000284
 72
1
 10
17.125
 20
154.5000000000000284
 11
18.625
 21
154.5000000000000284
 72
1
 10
18.625
 20
154.5000000000000284
 11
18.6249999999999964
 21
148.0000000000000284
 97
0
 75
0
 76
1
 98
0
1001
ACAD
1010
0.0
1020
0.0
1030
0
  0
HATCH
  5
253
100
AcDbEntity
  8
Step 07
 62
252
420
10526884
370
-1
 48
1.0
  6
BYLAYER
100
AcDbHatch
 10
0.0
 20
0.0
 30
0.0
210
0.0
220
0.0
230
1.0
  2
SOLID
 70
1
 71
0
 91
1
 92
1
 93
4
 72
1
 10
31.9999999999999964
 20
148.0000000000000284
 11
30.5000000000000036
 21
148.0000000000000284
 72
1
 10
30.5000000000000036
 20
148.0000000000000284
 11
30.5
 21
154.5000000000000284
 72
1
 10
30.5
 20
154.5000000000000284
 11
32.0
 21
154.5000000000000284
 72
1
 10
32.0
 20
154.5000000000000284
 11
31.9999999999999964
 21
148.0000000000000284
 97
0
 75
0
 76
1
 98
0
1001
ACAD
1010
0.0
1020
0.0
1030
0
  0
HATCH
  5
254
100
AcDbEntity
  8
Step 07
 62
252
420
10526884
370
-1
 48
1.0
  6
BYLAYER
100
AcDbHatch
 10
0.0
 20
0.0
 30
0.0
210
0.0
220
0.0
230
1.0
  2
SOLID
 70
1
 71
0
 91
1
 92
1
 93
4
 72
1
 10
18.6249999999999432
 20
1.5
 11
17.1250000000000213
 21
1.5
 72
1
 10
17.1250000000000213
 20
1.5
 11
17.1250000000000071
 21
8.0
 72
1
 10
17.1250000000000071
 20
8.0
 11
18.6250000000000142
 21
8.0
 72
1
 10
18.6250000000000142
 20
8.0
 11
18.6249999999999432
 21
1.5
 97
0
 75
0
 76
1
 98
0
1001
ACAD
1010
0.0
1020
0.0
1030
0
  0
LEADER
  5
255
100
AcDbEntity
  8
Step 03
 62
256
370
-1
 48
1.0
  6
BYLAYER
100
AcDbLeader
  3
Standard
 71
1
 72
0
 73
3
 74
0
 75
0
 40
1.0
 41
10.0
 76
2
 10
37.3497270468180602
 20
-0.0785050784441079
 10
37.3497270468179963
 20
-5.0785050784441363
1001
ACAD
1000
DSTYLE
1002
{
1070
40
1040
1.0
1002
}
  0
LEADER
  5
256
100
AcDbEntity
  8
Step 03
 62
256
370
-1
 48
1.0
  6
BYLAYER
100
AcDbLeader
  3
Standard
 71
1
 72
0
 73
3
 74
0
 75
0
 40
1.0
 41
10.0
 76
3
 10
36.018494282940658
 20
146.4795504885187256
 10
36.0184942829406509
 20
131.9795504885187256
 10
33.0184942829406438
 20
131.9795504885187256
1001
ACAD
1000
DSTYLE
1002
{
1070
40
1040
1.0
1002
}
  0
LEADER
  5
257
100
AcDbEntity
  8
Step 03
 62
256
370
-1
 48
1.0
  6
BYLAYER
100
AcDbLeader
  3
Standard
 71
1
 72
0
 73
3
 74
0
 75
0
 40
1.0
 41
10.0
 76
3
 10
37.3058306261956005
 20
9.5000000000000728
 10
37.3058306261955153
 20
24.0000000000000426
 10
34.3058306261955366
 20
24.0000000000000711
1001
ACAD
1000
DSTYLE
1002
{
1070
40
1040
1.0
1002
}
  0
MTEXT
  5
258
100
AcDbEntity
  8
Step 03
 62
256
370
-1
 48
1.0
  6
BYLAYER
100
AcDbMText
 10
32.3203537995781645
 20
133.1966339448581493
 30
0.0
 40
1.0
 41
0.0
 71
3
 72
1
  1
\H2.5;CLAMP
  7
textstyle60
 50
0.0
 73
2
 44
1.0
  0
MTEXT
  5
259
100
AcDbEntity
  8
Step 03
 62
256
370
-1
 48
1.0
  6
BYLAYER
100
AcDbMText
 10
33.4903946060273583
 20
25.0625706960170618
 30
0.0
 40
1.0
 41
0.0
 71
3
 72
1
  1
\H2.5;CLAMP
  7
textstyle61
 50
0.0
 73
2
 44
1.0
  0
HATCH
  5
25A
100
AcDbEntity
  8
Step 07
 62
252
420
10526884
370
-1
 48
1.0
  6
BYLAYER
100
AcDbHatch
 10
0.0
 20
0.0
 30
0.0
210
0.0
220
0.0
230
1.0
  2
SOLID
 70
1
 71
0
 91
1
 92
1
 93
4
 72
1
 10
61.2899999999999849
 20
0.0
 11
53.7899999999999281
 21
0.0
 72
1
 10
53.7899999999999281
 20
0.0
 11
53.7899999999999991
 21
155.9999999999999716
 72
1
 10
53.7899999999999991
 20
155.9999999999999716
 11
61.2899999999999991
 21
156.0000000000000284
 72
1
 10
61.2899999999999991
 20
156.0000000000000284
 11
61.2899999999999849
 21
0.0
 97
0
 75
0
 76
1
 98
0
1001
ACAD
1010
0.0
1020
0.0
1030
0
  0
LINE
  5
25B
100
AcDbEntity
  8
Framing Layer
 62
256
370
-1
 48
1.0
  6
BYLAYER
100
AcDbLine
 10
61.2899999999999849
 20
0.0
 30
0.0
 11
4.5399999999999245
 21
0.0
 31
0.0
  0
LINE
  5
25C
100
AcDbEntity
  8
Framing Layer
 62
256
370
-1
 48
1.0
  6
BYLAYER
100
AcDbLine
 10
4.5399999999999245
 20
0.0
 30
0.0
 11
4.5400000000000063
 21
1.5
 31
0.0
  0
LINE
  5
25D
100
AcDbEntity
  8
Framing Layer
 62
256
370
-1
 48
1.0
  6
BYLAYER
100
AcDbLine
 10
4.5400000000000063
 20
1.5
 30
0.0
 11
61.2899999999999636
 21
1.5
 31
0.0
  0
LINE
  5
25E
100
AcDbEntity
  8
Framing Layer
 62
256
370
-1
 48
1.0
  6
BYLAYER
100
AcDbLine
 10
61.2899999999999636
 20
1.5
 30
0.0
 11
61.2899999999999849
 21
0.0
 31
0.0
  0
LINE
  5
25F
100
AcDbEntity
  8
Framing Layer
 62
256
370
-1
 48
1.0
  6
BYLAYER
100
AcDbLine
 10
61.2899999999999707
 20
8.0
 30
0.0
 11
4.5399999999999814
 21
8.0
 31
0.0
  0
LINE
  5
260
100
AcDbEntity
  8
Framing Layer
 62
256
370
-1
 48
1.0
  6
BYLAYER
100
AcDbLine
 10
4.5399999999999814
 20
8.0
 30
0.0
 11
4.540000000000056
 21
9.5
 31
0.0
  0
LINE
  5
261
100
AcDbEntity
  8
Framing Layer
 62
256
370
-1
 48
1.0
  6
BYLAYER
100
AcDbLine
 10
4.540000000000056
 20
9.5
 30
0.0
 11
61.2900000000000347
 21
9.5
 31
0.0
  0
LINE
  5
262
100
AcDbEntity
  8
Framing Layer
 62
256
370
-1
 48
1.0
  6
BYLAYER
100
AcDbLine
 10
61.2900000000000134
 20
9.5
 30
0.0
 11
61.2899999999999707
 21
8.0
 31
0.0
  0
LINE
  5
263
100
AcDbEntity
  8
Framing Layer
 62
256
370
-1
 48
1.0
  6
BYLAYER
100
AcDbLine
 10
61.2900000000000134
 20
9.5
 30
0.0
 11
4.540000000000056
 21
9.5
 31
0.0
  0
LINE
  5
264
100
AcDbEntity
  8
Framing Layer
 62
256
370
-1
 48
1.0
  6
BYLAYER
100
AcDbLine
 10
4.540000000000056
 20
9.5
 30
0.0
 11
4.5400000000000098
 21
11.0
 31
0.0
  0
LINE
  5
265
100
AcDbEntity
  8
Framing Layer
 62
256
370
-1
 48
1.0
  6
BYLAYER
100
AcDbLine
 10
4.5400000000000098
 20
11.0
 30
0.0
 11
61.2899999999999565
 21
10.9999999999999716
 31
0.0
  0
LINE
  5
266
100
AcDbEntity
  8
Framing Layer
 62
256
370
-1
 48
1.0
  6
BYLAYER
100
AcDbLine
 10
61.2899999999999565
 20
10.9999999999999716
 30
0.0
 11
61.2900000000000134
 21
9.5
 31
0.0
  0
LINE
  5
267
100
AcDbEntity
  8
Framing Layer
 62
256
370
-1
 48
1.0
  6
BYLAYER
100
AcDbLine
 10
61.2899999999999281
 20
29.2499999999999716
 30
0.0
 11
4.5399999999999672
 21
29.25
 31
0.0
  0
LINE
  5
268
100
AcDbEntity
  8
Framing Layer
 62
256
370
-1
 48
1.0
  6
BYLAYER
100
AcDbLine
 10
4.5399999999999672
 20
29.25
 30
0.0
 11
4.5399999999999494
 21
30.75
 31
0.0
  0
LINE
  5
269
100
AcDbEntity
  8
Framing Layer
 62
256
370
-1
 48
1.0
  6
BYLAYER
100
AcDbLine
 10
4.5399999999999494
 20
30.75
 30
0.0
 11
61.2900000000000276
 21
30.7499999999999858
 31
0.0
  0
LINE
  5
26A
100
AcDbEntity
  8
Framing Layer
 62
256
370
-1
 48
1.0
  6
BYLAYER
100
AcDbLine
 10
61.2900000000000276
 20
30.7499999999999858
 30
0.0
 11
61.2899999999999281
 21
29.2499999999999716
 31
0.0
  0
LINE
  5
26B
100
AcDbEntity
  8
Framing Layer
 62
256
370
-1
 48
1.0
  6
BYLAYER
100
AcDbLine
 10
61.2899999999999494
 20
53.25
 30
0.0
 11
4.5399999999999494
 21
53.2500000000000142
 31
0.0
  0
LINE
  5
26C
100
AcDbEntity
  8
Framing Layer
 62
256
370
-1
 48
1.0
  6
BYLAYER
100
AcDbLine
 10
4.5399999999999494
 20
53.2500000000000142
 30
0.0
 11
4.5399999999999316
 21
54.7500000000000142
 31
0.0
  0
LINE
  5
26D
100
AcDbEntity
  8
Framing Layer
 62
256
370
-1
 48
1.0
  6
BYLAYER
100
AcDbLine
 10
4.5399999999999316
 20
54.7500000000000142
 30
0.0
 11
61.2899999999999636
 21
54.7499999999999858
 31
0.0
  0
LINE
  5
26E
100
AcDbEntity
  8
Framing Layer
 62
256
370
-1
 48
1.0
  6
BYLAYER
100
AcDbLine
 10
61.2899999999999636
 20
54.7499999999999858
 30
0.0
 11
61.2899999999999494
 21
53.25
 31
0.0
  0
LINE
  5
26F
100
AcDbEntity
  8
Framing Layer
 62
256
370
-1
 48
1.0
  6
BYLAYER
100
AcDbLine
 10
61.2900000000000347
 20
77.25
 30
0.0
 11
4.5400000000000311
 21
77.2499999999999858
 31
0.0
  0
LINE
  5
270
100
AcDbEntity
  8
Framing Layer
 62
256
370
-1
 48
1.0
  6
BYLAYER
100
AcDbLine
 10
4.5400000000000311
 20
77.2499999999999858
 30
0.0
 11
4.5400000000000169
 21
78.75
 31
0.0
  0
LINE
  5
271
100
AcDbEntity
  8
Framing Layer
 62
256
370
-1
 48
1.0
  6
BYLAYER
100
AcDbLine
 10
4.5400000000000169
 20
78.75
 30
0.0
 11
61.2899999999999991
 21
78.75
 31
0.0
  0
LINE
  5
272
100
AcDbEntity
  8
Framing Layer
 62
256
370
-1
 48
1.0
  6
BYLAYER
100
AcDbLine
 10
61.2899999999999991
 20
78.75
 30
0.0
 11
61.2900000000000347
 21
77.25
 31
0.0
  0
LINE
  5
273
100
AcDbEntity
  8
Framing Layer
 62
256
370
-1
 48
1.0
  6
BYLAYER
100
AcDbLine
 10
61.2900000000000063
 20
101.25
 30
0.0
 11
4.5399999999999672
 21
101.2500000000000142
 31
0.0
  0
LINE
  5
274
100
AcDbEntity
  8
Framing Layer
 62
256
370
-1
 48
1.0
  6
BYLAYER
100
AcDbLine
 10
4.5399999999999672
 20
101.2500000000000142
 30
0.0
 11
4.5399999999999707
 21
102.75
 31
0.0
  0
LINE
  5
275
100
AcDbEntity
  8
Framing Layer
 62
256
370
-1
 48
1.0
  6
BYLAYER
100
AcDbLine
 10
4.5399999999999707
 20
102.75
 30
0.0
 11
61.2899999999999565
 21
102.7499999999999716
 31
0.0
  0
LINE
  5
276
100
AcDbEntity
  8
Framing Layer
 62
256
370
-1
 48
1.0
  6
BYLAYER
100
AcDbLine
 10
61.2899999999999565
 20
102.7499999999999716
 30
0.0
 11
61.2900000000000063
 21
101.25
 31
0.0
  0
LINE
  5
277
100
AcDbEntity
  8
Framing Layer
 62
256
370
-1
 48
1.0
  6
BYLAYER
100
AcDbLine
 10
61.2900000000000134
 20
125.2500000000000142
 30
0.0
 11
4.5399999999999956
 21
125.25
 31
0.0
  0
LINE
  5
278
100
AcDbEntity
  8
Framing Layer
 62
256
370
-1
 48
1.0
  6
BYLAYER
100
AcDbLine
 10
4.5399999999999956
 20
125.25
 30
0.0
 11
4.5400000000000027
 21
126.75
 31
0.0
  0
LINE
  5
279
100
AcDbEntity
  8
Framing Layer
 62
256
370
-1
 48
1.0
  6
BYLAYER
100
AcDbLine
 10
4.5400000000000027
 20
126.75
 30
0.0
 11
61.2899999999999991
 21
126.75
 31
0.0
  0
LINE
  5
27A
100
AcDbEntity
  8
Framing Layer
 62
256
370
-1
 48
1.0
  6
BYLAYER
100
AcDbLine
 10
61.2899999999999991
 20
126.75
 30
0.0
 11
61.2900000000000134
 21
125.2500000000000142
 31
0.0
  0
LINE
  5
27B
100
AcDbEntity
  8
Framing Layer
 62
256
370
-1
 48
1.0
  6
BYLAYER
100
AcDbLine
 10
61.2900000000000063
 20
145.0000000000000284
 30
0.0
 11
4.5399999999999991
 21
145.0
 31
0.0
  0
LINE
  5
27C
100
AcDbEntity
  8
Framing Layer
 62
256
370
-1
 48
1.0
  6
BYLAYER
100
AcDbLine
 10
61.2899999999999991
 20
146.5
 30
0.0
 11
4.5400000000000027
 21
146.5
 31
0.0
  0
LINE
  5
27D
100
AcDbEntity
  8
Framing Layer
 62
256
370
-1
 48
1.0
  6
BYLAYER
100
AcDbLine
 10
4.5399999999999991
 20
145.0
 30
0.0
 11
4.5400000000000027
 21
146.5
 31
0.0
  0
LINE
  5
27E
100
AcDbEntity
  8
Framing Layer
 62
256
370
-1
 48
1.0
  6
BYLAYER
100
AcDbLine
 10
4.5400000000000027
 20
146.5
 30
0.0
 11
4.539999999999992
 21
148.0
 31
0.0
  0
LINE
  5
27F
100
AcDbEntity
  8
Framing Layer
 62
256
370
-1
 48
1.0
  6
BYLAYER
100
AcDbLine
 10
4.5400000000000027
 20
146.5
 30
0.0
 11
61.2900000000000063
 21
146.5
 31
0.0
  0
LINE
  5
280
100
AcDbEntity
  8
Framing Layer
 62
256
370
-1
 48
1.0
  6
BYLAYER
100
AcDbLine
 10
4.539999999999992
 20
148.0
 30
0.0
 11
61.2899999999999991
 21
148.0
 31
0.0
  0
LINE
  5
281
100
AcDbEntity
  8
Framing Layer
 62
256
370
-1
 48
1.0
  6
BYLAYER
100
AcDbLine
 10
61.2899999999999991
 20
146.5
 30
0.0
 11
61.2900000000000063
 21
145.0000000000000284
 31
0.0
  0
LINE
  5
282
100
AcDbEntity
  8
Framing Layer
 62
256
370
-1
 48
1.0
  6
BYLAYER
100
AcDbLine
 10
61.2899999999999991
 20
148.0
 30
0.0
 11
61.2899999999999991
 21
146.5
 31
0.0
  0
LINE
  5
283
100
AcDbEntity
  8
Framing Layer
 62
256
370
-1
 48
1.0
  6
BYLAYER
100
AcDbLine
 10
61.2899999999999991
 20
154.5000000000000284
 30
0.0
 11
4.5399999999999991
 21
154.5
 31
0.0
  0
LINE
  5
284
100
AcDbEntity
  8
Framing Layer
 62
256
370
-1
 48
1.0
  6
BYLAYER
100
AcDbLine
 10
4.5399999999999991
 20
154.5
 30
0.0
 11
4.5399999999999991
 21
156.0
 31
0.0
  0
LINE
  5
285
100
AcDbEntity
  8
Framing Layer
 62
256
370
-1
 48
1.0
  6
BYLAYER
100
AcDbLine
 10
4.5400000000000063
 20
156.0
 30
0.0
 11
61.2899999999999991
 21
156.0000000000000284
 31
0.0
  0
LINE
  5
286
100
AcDbEntity
  8
Framing Layer
 62
256
370
-1
 48
1.0
  6
BYLAYER
100
AcDbLine
 10
61.2899999999999991
 20
156.0000000000000284
 30
0.0
 11
61.2899999999999991
 21
154.5000000000000284
 31
0.0
  0
LINE
  5
287
100
AcDbEntity
  8
Framing Layer
 62
256
370
-1
 48
1.0
  6
BYLAYER
100
AcDbLine
 10
4.5399999999999245
 20
0.0
 30
0.0
 11
3.7899999999999743
 21
0.0
 31
0.0
  0
LINE
  5
288
100
AcDbEntity
  8
Framing Layer
 62
256
370
-1
 48
1.0
  6
BYLAYER
100
AcDbLine
 10
3.7899999999999743
 20
0.0
 30
0.0
 11
3.789999999999992
 21
156.0000000000000568
 31
0.0
  0
LINE
  5
289
100
AcDbEntity
  8
Framing Layer
 62
256
370
-1
 48
1.0
  6
BYLAYER
100
AcDbLine
 10
3.789999999999992
 20
156.0000000000000568
 30
0.0
 11
4.539999999999992
 21
156.0
 31
0.0
  0
LINE
  5
28A
100
AcDbEntity
  8
Framing Layer
 62
256
370
-1
 48
1.0
  6
BYLAYER
100
AcDbLine
 10
4.539999999999992
 20
156.0
 30
0.0
 11
4.5399999999999245
 21
0.0
 31
0.0
  0
LINE
  5
28B
100
AcDbEntity
  8
Framing Layer
 62
256
370
-1
 48
1.0
  6
BYLAYER
100
AcDbLine
 10
61.2899999999999849
 20
0.0
 30
0.0
 11
53.7899999999999281
 21
0.0
 31
0.0
  0
LINE
  5
28C
100
AcDbEntity
  8
Framing Layer
 62
256
370
-1
 48
1.0
  6
BYLAYER
100
AcDbLine
 10
53.7899999999999281
 20
0.0
 30
0.0
 11
53.7899999999999991
 21
155.9999999999999716
 31
0.0
  0
LINE
  5
28D
100
AcDbEntity
  8
Framing Layer
 62
256
370
-1
 48
1.0
  6
BYLAYER
100
AcDbLine
 10
53.7899999999999991
 20
155.9999999999999716
 30
0.0
 11
61.2899999999999991
 21
156.0000000000000284
 31
0.0
  0
LINE
  5
28E
100
AcDbEntity
  8
Framing Layer
 62
256
370
-1
 48
1.0
  6
BYLAYER
100
AcDbLine
 10
61.2899999999999991
 20
156.0000000000000284
 30
0.0
 11
61.2899999999999849
 21
0.0
 31
0.0
  0
LINE
  5
28F
100
AcDbEntity
  8
Framing Layer
 62
256
370
-1
 48
1.0
  6
BYLAYER
100
AcDbLine
 10
45.3749999999999716
 20
1.5
 30
0.0
 11
43.875
 21
1.5
 31
0.0
  0
LINE
  5
290
100
AcDbEntity
  8
Framing Layer
 62
256
370
-1
 48
1.0
  6
BYLAYER
100
AcDbLine
 10
43.875
 20
1.5
 30
0.0
 11
43.8750000000000426
 21
8.0
 31
0.0
  0
LINE
  5
291
100
AcDbEntity
  8
Framing Layer
 62
256
370
-1
 48
1.0
  6
BYLAYER
100
AcDbLine
 10
43.8750000000000426
 20
8.0
 30
0.0
 11
45.3749999999999716
 21
8.0
 31
0.0
  0
LINE
  5
292
100
AcDbEntity
  8
Framing Layer
 62
256
370
-1
 48
1.0
  6
BYLAYER
100
AcDbLine
 10
45.3749999999999716
 20
8.0
 30
0.0
 11
45.3749999999999716
 21
1.5
 31
0.0
  0
LINE
  5
293
100
AcDbEntity
  8
Framing Layer
 62
256
370
-1
 48
1.0
  6
BYLAYER
100
AcDbLine
 10
32.0000000000000213
 20
1.5
 30
0.0
 11
30.5000000000000284
 21
1.5
 31
0.0
  0
LINE
  5
294
100
AcDbEntity
  8
Framing Layer
 62
256
370
-1
 48
1.0
  6
BYLAYER
100
AcDbLine
 10
30.5000000000000284
 20
1.5
 30
0.0
 11
30.4999999999999787
 21
8.0
 31
0.0
  0
LINE
  5
295
100
AcDbEntity
  8
Framing Layer
 62
256
370
-1
 48
1.0
  6
BYLAYER
100
AcDbLine
 10
30.4999999999999787
 20
8.0
 30
0.0
 11
32.0000000000000071
 21
8.0
 31
0.0
  0
LINE
  5
296
100
AcDbEntity
  8
Framing Layer
 62
256
370
-1
 48
1.0
  6
BYLAYER
100
AcDbLine
 10
32.0000000000000071
 20
8.0
 30
0.0
 11
32.0000000000000213
 21
1.5
 31
0.0
  0
LINE
  5
297
100
AcDbEntity
  8
Framing Layer
 62
256
370
-1
 48
1.0
  6
BYLAYER
100
AcDbLine
 10
18.6249999999999432
 20
1.5
 30
0.0
 11
17.1250000000000213
 21
1.5
 31
0.0
  0
LINE
  5
298
100
AcDbEntity
  8
Framing Layer
 62
256
370
-1
 48
1.0
  6
BYLAYER
100
AcDbLine
 10
17.1250000000000213
 20
1.5
 30
0.0
 11
17.1250000000000071
 21
8.0
 31
0.0
  0
LINE
  5
299
100
AcDbEntity
  8
Framing Layer
 62
256
370
-1
 48
1.0
  6
BYLAYER
100
AcDbLine
 10
17.1250000000000071
 20
8.0
 30
0.0
 11
18.6250000000000142
 21
8.0
 31
0.0
  0
LINE
  5
29A
100
AcDbEntity
  8
Framing Layer
 62
256
370
-1
 48
1.0
  6
BYLAYER
100
AcDbLine
 10
18.6250000000000142
 20
8.0
 30
0.0
 11
18.6249999999999432
 21
1.5
 31
0.0
  0
LINE
  5
29B
100
AcDbEntity
  8
Framing Layer
 62
256
370
-1
 48
1.0
  6
BYLAYER
100
AcDbLine
 10
45.375
 20
148.0
 30
0.0
 11
43.875
 21
148.0
 31
0.0
  0
LINE
  5
29C
100
AcDbEntity
  8
Framing Layer
 62
256
370
-1
 48
1.0
  6
BYLAYER
100
AcDbLine
 10
32.0
 20
148.0
 30
0.0
 11
30.5
 21
148.0
 31
0.0
  0
LINE
  5
29D
100
AcDbEntity
  8
Framing Layer
 62
256
370
-1
 48
1.0
  6
BYLAYER
100
AcDbLine
 10
18.625
 20
148.0
 30
0.0
 11
17.125
 21
148.0
 31
0.0
  0
LINE
  5
29E
100
AcDbEntity
  8
Framing Layer
 62
256
370
-1
 48
1.0
  6
BYLAYER
100
AcDbLine
 10
43.875
 20
148.0
 30
0.0
 11
43.875
 21
154.5
 31
0.0
  0
LINE
  5
29F
100
AcDbEntity
  8
Framing Layer
 62
256
370
-1
 48
1.0
  6
BYLAYER
100
AcDbLine
 10
30.5
 20
148.0
 30
0.0
 11
30.5
 21
154.5
 31
0.0
  0
LINE
  5
2A0
100
AcDbEntity
  8
Framing Layer
 62
256
370
-1
 48
1.0
  6
BYLAYER
100
AcDbLine
 10
17.125
 20
148.0
 30
0.0
 11
17.125
 21
154.5
 31
0.0
  0
LINE
  5
2A1
100
AcDbEntity
  8
Framing Layer
 62
256
370
-1
 48
1.0
  6
BYLAYER
100
AcDbLine
 10
43.875
 20
154.5
 30
0.0
 11
45.375
 21
154.5
 31
0.0
  0
LINE
  5
2A2
100
AcDbEntity
  8
Framing Layer
 62
256
370
-1
 48
1.0
  6
BYLAYER
100
AcDbLine
 10
30.5
 20
154.5
 30
0.0
 11
32.0
 21
154.5
 31
0.0
  0
LINE
  5
2A3
100
AcDbEntity
  8
Framing Layer
 62
256
370
-1
 48
1.0
  6
BYLAYER
100
AcDbLine
 10
17.125
 20
154.5
 30
0.0
 11
18.625
 21
154.5
 31
0.0
  0
LINE
  5
2A4
100
AcDbEntity
  8
Framing Layer
 62
256
370
-1
 48
1.0
  6
BYLAYER
100
AcDbLine
 10
45.375
 20
154.5
 30
0.0
 11
45.375
 21
148.0
 31
0.0
  0
LINE
  5
2A5
100
AcDbEntity
  8
Framing Layer
 62
256
370
-1
 48
1.0
  6
BYLAYER
100
AcDbLine
 10
32.0
 20
154.5
 30
0.0
 11
32.0
 21
148.0
 31
0.0
  0
LINE
  5
2A6
100
AcDbEntity
  8
Framing Layer
 62
256
370
-1
 48
1.0
  6
BYLAYER
100
AcDbLine
 10
18.625
 20
154.5
 30
0.0
 11
18.625
 21
148.0
 31
0.0
  0
MTEXT
  5
2A7
100
AcDbEntity
  8
Framing Layer
 62
256
370
-1
 48
1.0
  6
BYLAYER
100
AcDbMText
 10
96.0
 20
56.9999999999999787
 30
0.0
 40
1.0
 41
0.0
 71
1
 72
1
  1
\H4;Half Roof Assembly
  7
textstyle10
 50
90.0
 73
2
 44
1.0
  0
INSERT
  5
2A8
100
AcDbEntity
  8
Step 07
 62
7
420
16053492
370
-1
 48
1.0
  6
BYLAYER
100
AcDbBlockReference
  2
WhiteBore
 10
8.0133432085769094
 20
147.2480981157178803
 30
0.0
 41
1.0
 42
-1.0
 43
1.0
 50
180.0
  0
INSERT
  5
2A9
100
AcDbEntity
  8
Step 07
 62
256
370
-1
 48
1.0
  6
BYLAYER
100
AcDbBlockReference
  2
WhiteBore
 10
49.4312228252898649
 20
145.7557314577712759
 30
0.0
 41
1.0
 42
-1.0
 43
1.0
 50
180.0
  0
INSERT
  5
2AA
100
AcDbEntity
  8
Step 07
 62
256
370
-1
 48
1.0
  6
BYLAYER
100
AcDbBlockReference
  2
WhiteBore
 10
49.565982527076109
 20
125.9925221790482226
 30
0.0
 41
1.0
 42
-1.0
 43
1.0
 50
180.0
  0
INSERT
  5
2AB
100
AcDbEntity
  8
Step 07
 62
256
370
-1
 48
1.0
  6
BYLAYER
100
AcDbBlockReference
  2
WhiteBore
 10
49.5659825270760876
 20
101.9925221790482226
 30
0.0
 41
1.0
 42
-1.0
 43
1.0
 50
180.0
  0
INSERT
  5
2AC
100
AcDbEntity
  8
Step 07
 62
256
370
-1
 48
1.0
  6
BYLAYER
100
AcDbBlockReference
  2
WhiteBore
 10
49.5659825270760734
 20
77.9925221790482226
 30
0.0
 41
1.0
 42
-1.0
 43
1.0
 50
180.0
  0
INSERT
  5
2AD
100
AcDbEntity
  8
Step 07
 62
256
370
-1
 48
1.0
  6
BYLAYER
100
AcDbBlockReference
  2
WhiteBore
 10
49.5659825270761303
 20
53.9925221790482226
 30
0.0
 41
1.0
 42
-1.0
 43
1.0
 50
180.0
  0
INSERT
  5
2AE
100
AcDbEntity
  8
Step 07
 62
256
370
-1
 48
1.0
  6
BYLAYER
100
AcDbBlockReference
  2
WhiteBore
 10
49.5659825270760734
 20
29.9925221790482226
 30
0.0
 41
1.0
 42
-1.0
 43
1.0
 50
180.0
  0
INSERT
  5
2AF
100
AcDbEntity
  8
Step 07
 62
256
370
-1
 48
1.0
  6
BYLAYER
100
AcDbBlockReference
  2
WhiteBore
 10
49.6261934983693536
 20
10.2425307196510005
 30
0.0
 41
1.0
 42
-1.0
 43
1.0
 50
180.0
  0
INSERT
  5
2B0
100
AcDbEntity
  8
Step 07
 62
256
370
-1
 48
1.0
  6
BYLAYER
100
AcDbBlockReference
  2
WhiteBore
 10
8.0210218334434806
 20
8.7652775640150935
 30
0.0
 41
1.0
 42
-1.0
 43
1.0
 50
180.0
  0
LEADER
  5
2B1
100
AcDbEntity
  8
Step 07
 62
256
370
-1
 48
1.0
  6
BYLAYER
100
AcDbLeader
  3
Standard
 71
1
 72
0
 73
3
 74
0
 75
0
 40
1.0
 41
10.0
 76
2
 10
53.1168711761164971
 20
143.6367149757694506
 10
49.9967334043179719
 20
140.2194212257043944
1001
ACAD
1000
DSTYLE
1002
{
1070
40
1040
1.0
1002
}
  0
LEADER
  5
2B2
100
AcDbEntity
  8
Step 07
 62
256
370
-1
 48
1.0
  6
BYLAYER
100
AcDbLeader
  3
Standard
 71
1
 72
0
 73
3
 74
0
 75
0
 40
1.0
 41
10.0
 76
2
 10
53.0136920169961385
 20
123.7272644319121895
 10
49.8935542451976133
 20
120.3099706818471333
1001
ACAD
1000
DSTYLE
1002
{
1070
40
1040
1.0
1002
}
  0
LEADER
  5
2B3
100
AcDbEntity
  8
Step 07
 62
256
370
-1
 48
1.0
  6
BYLAYER
100
AcDbLeader
  3
Standard
 71
1
 72
0
 73
3
 74
0
 75
0
 40
1.0
 41
10.0
 76
2
 10
52.8814104418953619
 20
99.7382259233028634
 10
49.7612726700968651
 20
96.3209321732378214
1001
ACAD
1000
DSTYLE
1002
{
1070
40
1040
1.0
1002
}
  0
LEADER
  5
2B4
100
AcDbEntity
  8
Step 07
 62
256
370
-1
 48
1.0
  6
BYLAYER
100
AcDbLeader
  3
Standard
 71
1
 72
0
 73
3
 74
0
 75
0
 40
1.0
 41
10.0
 76
2
 10
52.8814104418953761
 20
75.7382259233028776
 10
49.7612726700968864
 20
72.3209321732378214
1001
ACAD
1000
DSTYLE
1002
{
1070
40
1040
1.0
1002
}
  0
LEADER
  5
2B5
100
AcDbEntity
  8
Step 07
 62
256
370
-1
 48
1.0
  6
BYLAYER
100
AcDbLeader
  3
Standard
 71
1
 72
0
 73
3
 74
0
 75
0
 40
1.0
 41
10.0
 76
2
 10
52.8814104418953406
 20
51.7382259233028705
 10
49.7612726700968366
 20
48.3209321732378143
1001
ACAD
1000
DSTYLE
1002
{
1070
40
1040
1.0
1002
}
  0
LEADER
  5
2B6
100
AcDbEntity
  8
Step 07
 62
256
370
-1
 48
1.0
  6
BYLAYER
100
AcDbLeader
  3
Standard
 71
1
 72
0
 73
3
 74
0
 75
0
 40
1.0
 41
10.0
 76
2
 10
52.8814104418953903
 20
27.7382259233028989
 10
49.7612726700967798
 20
24.3209321732378143
1001
ACAD
1000
DSTYLE
1002
{
1070
40
1040
1.0
1002
}
  0
INSERT
  5
2B7
100
AcDbEntity
  8
Step 06
 62
256
370
-1
 48
1.0
  6
BYLAYER
100
AcDbBlockReference
  2
WhiteBore
 10
54.6343945961000372
 20
0.7931905918595135
 30
0.0
 41
1.0
 42
-1.0
 43
1.0
 50
180.0
  0
INSERT
  5
2B8
100
AcDbEntity
  8
Step 06
 62
256
370
-1
 48
1.0
  6
BYLAYER
100
AcDbBlockReference
  2
WhiteBore
 10
54.6415934485219168
 20
10.4151397094641425
 30
0.0
 41
1.0
 42
-1.0
 43
1.0
 50
180.0
  0
INSERT
  5
2B9
100
AcDbEntity
  8
Step 06
 62
256
370
-1
 48
1.0
  6
BYLAYER
100
AcDbBlockReference
  2
WhiteBore
 10
54.6555161956125488
 20
8.7526925157870323
 30
0.0
 41
1.0
 42
-1.0
 43
1.0
 50
180.0
  0
INSERT
  5
2BA
100
AcDbEntity
  8
Step 06
 62
256
370
-1
 48
1.0
  6
BYLAYER
100
AcDbBlockReference
  2
WhiteBore
 10
54.7108893730502288
 20
30.0199968122829688
 30
0.0
 41
1.0
 42
-1.0
 43
1.0
 50
180.0
  0
INSERT
  5
2BB
100
AcDbEntity
  8
Step 06
 62
256
370
-1
 48
1.0
  6
BYLAYER
100
AcDbBlockReference
  2
WhiteBore
 10
54.7108893730502999
 20
54.019996812282983
 30
0.0
 41
1.0
 42
-1.0
 43
1.0
 50
180.0
  0
INSERT
  5
2BC
100
AcDbEntity
  8
Step 06
 62
256
370
-1
 48
1.0
  6
BYLAYER
100
AcDbBlockReference
  2
WhiteBore
 10
54.7108893730502359
 20
78.0199968122829688
 30
0.0
 41
1.0
 42
-1.0
 43
1.0
 50
180.0
  0
INSERT
  5
2BD
100
AcDbEntity
  8
Step 06
 62
256
370
-1
 48
1.0
  6
BYLAYER
100
AcDbBlockReference
  2
WhiteBore
 10
54.7108893730502643
 20
102.0199968122829688
 30
0.0
 41
1.0
 42
-1.0
 43
1.0
 50
180.0
  0
INSERT
  5
2BE
100
AcDbEntity
  8
Step 06
 62
256
370
-1
 48
1.0
  6
BYLAYER
100
AcDbBlockReference
  2
WhiteBore
 10
54.7108893730502501
 20
126.0199968122829546
 30
0.0
 41
1.0
 42
-1.0
 43
1.0
 50
180.0
  0
INSERT
  5
2BF
100
AcDbEntity
  8
Step 06
 62
256
370
-1
 48
1.0
  6
BYLAYER
100
AcDbBlockReference
  2
WhiteBore
 10
54.6149274240414826
 20
145.8424891515595618
 30
0.0
 41
1.0
 42
-1.0
 43
1.0
 50
180.0
  0
INSERT
  5
2C0
100
AcDbEntity
  8
Step 06
 62
256
370
-1
 48
1.0
  6
BYLAYER
100
AcDbBlockReference
  2
WhiteBore
 10
54.6163950625688841
 20
147.3141065401453318
 30
0.0
 41
1.0
 42
-1.0
 43
1.0
 50
180.0
  0
INSERT
  5
2C1
100
AcDbEntity
  8
Step 06
 62
256
370
-1
 48
1.0
  6
BYLAYER
100
AcDbBlockReference
  2
WhiteBore
 10
54.7540726837574852
 20
155.2172032968396707
 30
0.0
 41
1.0
 42
-1.0
 43
1.0
 50
180.0
  0
INSERT
  5
2C2
100
AcDbEntity
  8
Step 05
 62
256
370
-1
 48
1.0
  6
BYLAYER
100
AcDbBlockReference
  2
WhiteBore
 10
59.8296276620706422
 20
0.7052861984776371
 30
0.0
 41
1.0
 42
-1.0
 43
1.0
 50
180.0
  0
MTEXT
  5
2C3
100
AcDbEntity
  8
Framing Layer
 62
256
370
-1
 48
1.0
  6
BYLAYER
100
AcDbMText
 10
-8.9094050822766917
 20
84.448870607137124
 30
0.0
 40
3.0
 41
0.0
 71
1
 72
1
  1
\H4.00001;TOP
  7
textstyle26
 50
90.0
 73
2
 44
1.0
  0
MTEXT
  5
2C4
100
AcDbEntity
  8
Framing Layer
 62
256
370
-1
 48
1.0
  6
BYLAYER
100
AcDbMText
 10
75.5535674738583509
 20
80.0549131873473812
 30
0.0
 40
3.0
 41
0.0
 71
1
 72
1
  1
\H4.00001;BOTTOM
  7
textstyle27
 50
90.0
 73
2
 44
1.0
  0
INSERT
  5
2C5
100
AcDbEntity
  8
Step 07
 62
256
370
-1
 48
1.0
  6
BYLAYER
100
AcDbBlockReference
  2
CounterSink
 10
101.6306951967682153
 20
3.1150553899973801
 30
0.0
 41
3.5
 42
3.5
 43
1.0
 50
104.9999999999999858
  0
LEADER
  5
2C6
100
AcDbEntity
  8
Step 03
 62
256
370
-1
 48
1.0
  6
BYLAYER
100
AcDbLeader
  3
Standard
 71
1
 72
0
 73
3
 74
0
 75
0
 40
1.0
 41
10.0
 76
2
 10
36.0
 20
156.0000000000000284
 10
36.0
 20
160.5
1001
ACAD
1000
DSTYLE
1002
{
1070
40
1040
1.0
1002
}
  0
MTEXT
  5
2C7
100
AcDbEntity
  8
Step 07
 62
256
370
-1
 48
1.0
  6
BYLAYER
100
AcDbMText
 10
69.3553383601922633
 20
34.711233032159015
 30
0.0
 40
3.0
 41
0.0
 71
1
 72
1
  1
\fDejaVu Sans|b0|i0|c0|p0;Edge of bored hole \Pshould be 1/2"\Pabove white board
  7
textstyle19
 50
90.0
 73
2
 44
1.0
  0
MTEXT
  5
2C8
100
AcDbEntity
  8
Step 07
 62
256
370
-1
 48
1.0
  6
BYLAYER
100
AcDbMText
 10
45.4427915760489967
 20
137.4054362610683597
 30
0.0
 40
3.0
 41
0.0
 71
1
 72
1
  1
\H4.00001;1
  7
textstyle20
 50
90.0
 73
2
 44
1.0
  0
MTEXT
  5
2C9
100
AcDbEntity
  8
Step 07
 62
256
370
-1
 48
1.0
  6
BYLAYER
100
AcDbMText
 10
45.482116878767151
 20
117.5213582349607151
 30
0.0
 40
3.0
 41
0.0
 71
1
 72
1
  1
\H4.00001;1
  7
textstyle21
 50
90.0
 73
2
 44
1.0
  0
MTEXT
  5
2CA
100
AcDbEntity
  8
Step 07
 62
256
370
-1
 48
1.0
  6
BYLAYER
100
AcDbMText
 10
64.3610042113529914
 20
112.0123729389652567
 30
0.0
 40
3.0
 41
0.0
 71
1
 72
1
  1
\H4.00001;1
  7
textstyle22
 50
90.0
 73
2
 44
1.0
  0
MTEXT
  5
2CB
100
AcDbEntity
  8
Step 07
 62
256
370
-1
 48
1.0
  6
BYLAYER
100
AcDbMText
 10
45.1870832428235545
 20
93.4912963850893703
 30
0.0
 40
3.0
 41
0.0
 71
1
 72
1
  1
\H4.00001;1
  7
textstyle23
 50
90.0
 73
2
 44
1.0
  0
MTEXT
  5
2CC
100
AcDbEntity
  8
Step 07
 62
256
370
-1
 48
1.0
  6
BYLAYER
100
AcDbMText
 10
45.0245161741797943
 20
69.4499898780234162
 30
0.0
 40
3.0
 41
0.0
 71
1
 72
1
  1
\H4.00001;1
  7
textstyle24
 50
90.0
 73
2
 44
1.0
  0
MTEXT
  5
2CD
100
AcDbEntity
  8
Step 07
 62
256
370
-1
 48
1.0
  6
BYLAYER
100
AcDbMText
 10
44.927863228827384
 20
45.4504640377410212
 30
0.0
 40
3.0
 41
0.0
 71
1
 72
1
  1
\H4.00001;1
  7
textstyle25
 50
90.0
 73
2
 44
1.0
  0
MTEXT
  5
2CE
100
AcDbEntity
  8
Step 07
 62
256
370
-1
 48
1.0
  6
BYLAYER
100
AcDbMText
 10
44.8199345537247069
 20
21.5962371277325929
 30
0.0
 40
3.0
 41
0.0
 71
1
 72
1
  1
\H4.00001;1
  7
textstyle11
 50
90.0
 73
2
 44
1.0
  0
MTEXT
  5
2CF
100
AcDbEntity
  8
Step 07
 62
256
370
-1
 48
1.0
  6
BYLAYER
100
AcDbMText
 10
39.8570044734918696
 20
14.0990448788702096
 30
0.0
 40
3.0
 41
0.0
 71
1
 72
1
  1
\H4.00001;1
  7
textstyle12
 50
90.0
 73
2
 44
1.0
  0
MTEXT
  5
2D0
100
AcDbEntity
  8
Step 07
 62
256
370
-1
 48
1.0
  6
BYLAYER
100
AcDbMText
 10
38.8516278918829343
 20
136.8340685493123488
 30
0.0
 40
3.0
 41
0.0
 71
1
 72
1
  1
\H4.00001;2
  7
textstyle13
 50
90.0
 73
2
 44
1.0
  0
MTEXT
  5
2D1
100
AcDbEntity
  8
Step 07
 62
256
370
-1
 48
1.0
  6
BYLAYER
100
AcDbMText
 10
38.8358042957399547
 20
117.265491397145766
 30
0.0
 40
3.0
 41
0.0
 71
1
 72
1
  1
\H4.00001;2
  7
textstyle14
 50
90.0
 73
2
 44
1.0
  0
MTEXT
  5
2D2
100
AcDbEntity
  8
Step 07
 62
256
370
-1
 48
1.0
  6
BYLAYER
100
AcDbMText
 10
38.8358042957399618
 20
93.265491397145766
 30
0.0
 40
3.0
 41
0.0
 71
1
 72
1
  1
\H4.00001;2
  7
textstyle15
 50
90.0
 73
2
 44
1.0
  0
MTEXT
  5
2D3
100
AcDbEntity
  8
Step 07
 62
256
370
-1
 48
1.0
  6
BYLAYER
100
AcDbMText
 10
38.8358042957399618
 20
69.2654913971457802
 30
0.0
 40
3.0
 41
0.0
 71
1
 72
1
  1
\H4.00001;2
  7
textstyle16
 50
90.0
 73
2
 44
1.0
  0
MTEXT
  5
2D4
100
AcDbEntity
  8
Step 07
 62
256
370
-1
 48
1.0
  6
BYLAYER
100
AcDbMText
 10
38.8358042957399547
 20
45.2654913971457802
 30
0.0
 40
3.0
 41
0.0
 71
1
 72
1
  1
\H4.00001;2
  7
textstyle17
 50
90.0
 73
2
 44
1.0
  0
MTEXT
  5
2D5
100
AcDbEntity
  8
Step 07
 62
256
370
-1
 48
1.0
  6
BYLAYER
100
AcDbMText
 10
38.4342349250138184
 20
21.2560854745792724
 30
0.0
 40
3.0
 41
0.0
 71
1
 72
1
  1
\H4.00001;2
  7
textstyle18
 50
90.0
 73
2
 44
1.0
  0
MTEXT
  5
2D6
100
AcDbEntity
  8
Step 07
 62
256
370
-1
 48
1.0
  6
BYLAYER
100
AcDbMText
 10
33.3476606507885904
 20
13.8392087003395332
 30
0.0
 40
3.0
 41
0.0
 71
1
 72
1
  1
\H4.00001;2
  7
textstyle31
 50
90.0
 73
2
 44
1.0
  0
MTEXT
  5
2D7
100
AcDbEntity
  8
Step 07
 62
256
370
-1
 48
1.0
  6
BYLAYER
100
AcDbMText
 10
-4.997144973892226
 20
136.4767902151756687
 30
0.0
 40
3.0
 41
0.0
 71
1
 72
1
  1
\H4.00001;3
  7
textstyle32
 50
90.0
 73
2
 44
1.0
  0
MTEXT
  5
2D8
100
AcDbEntity
  8
Step 07
 62
256
370
-1
 48
1.0
  6
BYLAYER
100
AcDbMText
 10
-7.1069151789806391
 20
21.5775095610353418
 30
0.0
 40
3.0
 41
0.0
 71
1
 72
1
  1
\H4.00001;3
  7
textstyle33
 50
90.0
 73
2
 44
1.0
  0
MTEXT
  5
2D9
100
AcDbEntity
  8
Step 07
 62
256
370
-1
 48
1.0
  6
BYLAYER
100
AcDbMText
 10
76.981604018300942
 20
111.8003614524421039
 30
0.0
 40
3.0
 41
0.0
 71
1
 72
1
  1
\H4.00001;2
  7
textstyle34
 50
90.0
 73
2
 44
1.0
  0
MTEXT
  5
2DA
100
AcDbEntity
  8
Step 07
 62
256
370
-1
 48
1.0
  6
BYLAYER
100
AcDbMText
 10
89.3525831373019344
 20
112.0673064420765286
 30
0.0
 40
3.0
 41
0.0
 71
1
 72
1
  1
\H4.00001;3
  7
textstyle35
 50
90.0
 73
2
 44
1.0
  0
CIRCLE
  5
2DB
100
AcDbEntity
  8
Step 07
 62
256
370
-1
 48
1.0
  6
BYLAYER
100
AcDbCircle
 10
47.4738816501618075
 20
138.5039134829327736
 30
0.0
 40
3.0508601719774404
  0
CIRCLE
  5
2DC
100
AcDbEntity
  8
Step 07
 62
256
370
-1
 48
1.0
  6
BYLAYER
100
AcDbCircle
 10
47.3707024910414489
 20
118.5944629390755125
 30
0.0
 40
3.0508601719774404
  0
CIRCLE
  5
2DD
100
AcDbEntity
  8
Step 07
 62
256
370
-1
 48
1.0
  6
BYLAYER
100
AcDbCircle
 10
66.5
 20
113.0
 30
0.0
 40
3.0508601719774404
  0
CIRCLE
  5
2DE
100
AcDbEntity
  8
Step 07
 62
256
370
-1
 48
1.0
  6
BYLAYER
100
AcDbCircle
 10
47.2384209159407007
 20
94.6054244304662006
 30
0.0
 40
3.0508601719774404
  0
CIRCLE
  5
2DF
100
AcDbEntity
  8
Step 07
 62
256
370
-1
 48
1.0
  6
BYLAYER
100
AcDbCircle
 10
47.1061393408399525
 20
70.6163859218568888
 30
0.0
 40
3.0508601719774404
  0
CIRCLE
  5
2E0
100
AcDbEntity
  8
Step 07
 62
256
370
-1
 48
1.0
  6
BYLAYER
100
AcDbCircle
 10
46.9738577657392042
 20
46.627347413247584
 30
0.0
 40
3.0508601719774404
  0
CIRCLE
  5
2E1
100
AcDbEntity
  8
Step 07
 62
256
370
-1
 48
1.0
  6
BYLAYER
100
AcDbCircle
 10
46.841576190638456
 20
22.6383089046382722
 30
0.0
 40
3.0508601719774404
  0
CIRCLE
  5
2E2
100
AcDbEntity
  8
Step 07
 62
256
370
-1
 48
1.0
  6
BYLAYER
100
AcDbCircle
 10
41.9278284369987873
 20
15.284403770543852
 30
0.0
 40
3.0508601719774404
  0
CIRCLE
  5
2E3
100
AcDbEntity
  8
Step 07
 62
256
370
-1
 48
1.0
  6
BYLAYER
100
AcDbCircle
 10
40.897234038038377
 20
138.3068030754694178
 30
0.0
 40
3.0508601719774404
  0
CIRCLE
  5
2E4
100
AcDbEntity
  8
Step 07
 62
256
370
-1
 48
1.0
  6
BYLAYER
100
AcDbCircle
 10
40.8814104418953903
 20
118.738225923302835
 30
0.0
 40
3.0508601719774404
  0
CIRCLE
  5
2E5
100
AcDbEntity
  8
Step 07
 62
256
370
-1
 48
1.0
  6
BYLAYER
100
AcDbCircle
 10
40.8814104418953903
 20
94.738225923302835
 30
0.0
 40
3.0508601719774404
  0
CIRCLE
  5
2E6
100
AcDbEntity
  8
Step 07
 62
256
370
-1
 48
1.0
  6
BYLAYER
100
AcDbCircle
 10
40.8814104418953903
 20
70.738225923302835
 30
0.0
 40
3.0508601719774404
  0
CIRCLE
  5
2E7
100
AcDbEntity
  8
Step 07
 62
256
370
-1
 48
1.0
  6
BYLAYER
100
AcDbCircle
 10
40.8814104418953903
 20
46.7382259233028421
 30
0.0
 40
3.0508601719774404
  0
CIRCLE
  5
2E8
100
AcDbEntity
  8
Step 07
 62
256
370
-1
 48
1.0
  6
BYLAYER
100
AcDbCircle
 10
40.479841071169254
 20
22.7288200007363344
 30
0.0
 40
3.0508601719774404
  0
CIRCLE
  5
2E9
100
AcDbEntity
  8
Step 07
 62
256
370
-1
 48
1.0
  6
BYLAYER
100
AcDbCircle
 10
35.393266796944026
 20
15.3119432264965951
 30
0.0
 40
3.0508601719774404
  0
CIRCLE
  5
2EA
100
AcDbEntity
  8
Step 07
 62
256
370
-1
 48
1.0
  6
BYLAYER
100
AcDbCircle
 10
-2.9515388277367833
 20
137.9495247413327377
 30
0.0
 40
3.0508601719774404
  0
CIRCLE
  5
2EB
100
AcDbEntity
  8
Step 07
 62
256
370
-1
 48
1.0
  6
BYLAYER
100
AcDbCircle
 10
-5.0613090328252035
 20
23.0502440871924108
 30
0.0
 40
3.0508601719774404
  0
CIRCLE
  5
2EC
100
AcDbEntity
  8
Step 07
 62
256
370
-1
 48
1.0
  6
BYLAYER
100
AcDbCircle
 10
79.0342561493455094
 20
113.0
 30
0.0
 40
3.0508601719774404
  0
CIRCLE
  5
2ED
100
AcDbEntity
  8
Step 07
 62
256
370
-1
 48
1.0
  6
BYLAYER
100
AcDbCircle
 10
91.4052352683465017
 20
113.2669449896344247
 30
0.0
 40
3.0508601719774404
  0
LEADER
  5
2EE
100
AcDbEntity
  8
Step 07
 62
256
370
-1
 48
1.0
  6
BYLAYER
100
AcDbLeader
  3
Standard
 71
1
 72
0
 73
3
 74
0
 75
0
 40
1.0
 41
10.0
 76
3
 10
52.0000000000000213
 20
11.9999999999999769
 10
47.8397552239777681
 20
15.7223242732830411
 10
44.97035290986814
 20
15.5097759537193607
1001
ACAD
1000
DSTYLE
1002
{
1070
40
1040
1.0
1002
}
  0
DIMENSION
  5
2EF
100
AcDbEntity
  8
Step 07
 62
256
370
-1
 48
1.0
  6
BYLAYER
100
AcDbDimension
 10
-0.518498966497035
 20
0.0884064405027161
 30
0.0
 11
-1.4559989664970348
 21
3.2134064405027161
 31
0.0
 70
0
 71
8
 72
2
 74
0
 75
0
 41
1.0
 42
0.0
  1

  3
Standard
100
AcDbAlignedDimension
 13
2.4982373552427362
 23
0.0884064405027161
 33
0.0
 14
2.4982373552427362
 24
6.3384064405027161
 34
0.0
 50
90.0
100
AcDbRotatedDimension
1001
ACAD
1000
DSTYLE
1002
{
1070
144
1040
1.0
1070
40
1040
1.0
1002
}
  0
DIMENSION
  5
2F0
100
AcDbEntity
  8
Step 07
 62
256
370
-1
 48
1.0
  6
BYLAYER
100
AcDbDimension
 10
1.0
 20
156.0
 30
0.0
 11
0.0625
 21
152.875
 31
0.0
 70
0
 71
8
 72
2
 74
0
 75
0
 41
1.0
 42
0.0
  1

  3
Standard
100
AcDbAlignedDimension
 13
3.0
 23
156.0
 33
0.0
 14
3.0
 24
149.75
 34
0.0
 50
90.0
100
AcDbRotatedDimension
1001
ACAD
1000
DSTYLE
1002
{
1070
144
1040
1.0
1070
40
1040
1.0
1002
}
  0
LEADER
  5
2F1
100
AcDbEntity
  8
Step 07
 62
256
370
-1
 48
1.0
  6
BYLAYER
100
AcDbLeader
  3
Standard
 71
1
 72
0
 73
3
 74
0
 75
0
 40
1.0
 41
10.0
 76
3
 10
3.464350575295029
 20
149.5834772016068541
 10
-3.0
 20
143.0
 10
-3.0
 20
141.0
1001
ACAD
1000
DSTYLE
1002
{
1070
40
1040
1.0
1002
}
  0
LEADER
  5
2F2
100
AcDbEntity
  8
Step 07
 62
256
370
-1
 48
1.0
  6
BYLAYER
100
AcDbLeader
  3
Standard
 71
1
 72
0
 73
3
 74
0
 75
0
 40
1.0
 41
10.0
 76
3
 10
3.75
 20
6.3757281513522823
 10
-5.0
 20
14.0
 10
-5.0
 20
20.0
1001
ACAD
1000
DSTYLE
1002
{
1070
40
1040
1.0
1002
}
  0
MTEXT
  5
2F3
100
AcDbEntity
  8
Step 07
 62
256
370
-1
 48
1.0
  6
BYLAYER
100
AcDbMText
 10
64.1977075811113878
 20
118.128604042343909
 30
0.0
 40
3.0
 41
0.0
 71
1
 72
1
  1
Spade bit,\Pperpendicular to floor
  7
textstyle28
 50
90.0
 73
2
 44
1.0
  0
MTEXT
  5
2F4
100
AcDbEntity
  8
Step 07
 62
256
370
-1
 48
1.0
  6
BYLAYER
100
AcDbMText
 10
77.3961694262187052
 20
118.196671066557542
 30
0.0
 40
3.0
 41
0.0
 71
1
 72
1
  1
Straight bit,\Pperpendicular to floor
  7
textstyle29
 50
90.0
 73
2
 44
1.0
  0
MTEXT
  5
2F5
100
AcDbEntity
  8
Step 07
 62
256
370
-1
 48
1.0
  6
BYLAYER
100
AcDbMText
 10
89.4052352683465017
 20
118.2160848176570056
 30
0.0
 40
3.0
 41
0.0
 71
1
 72
1
  1
Pencil mark at bottom\Pof white board
  7
textstyle30
 50
90.0
 73
2
 44
1.0
  0
MTEXT
  5
2F6
100
AcDbEntity
  8
Step 05
 62
256
370
-1
 48
1.0
  6
BYLAYER
100
AcDbMText
 10
77.2548282501430776
 20
140.8674036155554177
 30
0.0
 40
3.0
 41
0.0
 71
1
 72
1
  1
\fDejaVu Sans|b0|i0|c0|p0;Flush\Pthis end
  7
textstyle36
 50
90.0
 73
2
 44
1.0
  0
MTEXT
  5
2F7
100
AcDbEntity
  8
Step 05
 62
256
370
-1
 48
1.0
  6
BYLAYER
100
AcDbMText
 10
79.018015459179324
 20
2.2508772881313774
 30
0.0
 40
3.0
 41
0.0
 71
1
 72
1
  1
Rout off if board\Phangs over rafter
  7
textstyle37
 50
90.0
 73
2
 44
1.0
  0
MTEXT
  5
2F8
100
AcDbEntity
  8
0
 62
256
370
-1
 48
1.0
  6
BYLAYER
100
AcDbMText
 10
-27.3484336735446902
 20
-17.5463226411100379
 30
0.0
 40
3.0
 41
0.0
 71
1
 72
1
  1
Revised 2024-07-25
  7
textstyle38
 50
90.0
 73
2
 44
1.0
  0
LINE
  5
2F9
100
AcDbEntity
  8
Framing Layer
 62
256
370
-1
 48
1.0
  6
BYLAYER
100
AcDbLine
 10
9.0
 20
149.75
 30
0.0
 11
9.0
 21
148.0000000000000284
 31
0.0
  0
LINE
  5
2FA
100
AcDbEntity
  8
Framing Layer
 62
256
370
-1
 48
1.0
  6
BYLAYER
100
AcDbLine
 10
9.0000000000000071
 20
8.0
 30
0.0
 11
9.0000000000000071
 21
6.2500000000000284
 31
0.0
  0
LINE
  5
2FB
100
AcDbEntity
  8
Step 02
 62
256
370
-1
 48
1.0
  6
BYLAYER
100
AcDbLine
 10
82.9518472098516924
 20
17.2731327729230593
 30
0.0
 11
82.9518472098516924
 21
20.7731327729230024
 31
0.0
  0
LINE
  5
2FC
100
AcDbEntity
  8
Framing Layer
 62
256
370
-1
 48
1.0
  6
BYLAYER
100
AcDbLine
 10
9.0
 20
149.75
 30
0.0
 11
12.5
 21
149.75
 31
0.0
  0
LINE
  5
2FD
100
AcDbEntity
  8
Framing Layer
 62
256
370
-1
 48
1.0
  6
BYLAYER
100
AcDbLine
 10
9.0000000000000071
 20
8.0
 30
0.0
 11
12.5000000000000071
 21
8.0
 31
0.0
  0
LINE
  5
2FE
100
AcDbEntity
  8
Step 02
 62
256
370
-1
 48
1.0
  6
BYLAYER
100
AcDbLine
 10
82.9518472098516924
 20
17.2731327729230593
 30
0.0
 11
89.9518472098516924
 21
17.2731327729230593
 31
0.0
  0
LINE
  5
2FF
100
AcDbEntity
  8
Framing Layer
 62
256
370
-1
 48
1.0
  6
BYLAYER
100
AcDbLine
 10
12.5
 20
149.75
 30
0.0
 11
12.5
 21
148.0
 31
0.0
  0
LINE
  5
300
100
AcDbEntity
  8
Framing Layer
 62
256
370
-1
 48
1.0
  6
BYLAYER
100
AcDbLine
 10
12.5000000000000071
 20
8.0
 30
0.0
 11
12.5000000000000071
 21
6.25
 31
0.0
  0
LINE
  5
301
100
AcDbEntity
  8
Step 02
 62
256
370
-1
 48
1.0
  6
BYLAYER
100
AcDbLine
 10
89.9518472098516924
 20
17.2731327729230593
 30
0.0
 11
89.9518472098516924
 21
20.7731327729230593
 31
0.0
  0
LINE
  5
302
100
AcDbEntity
  8
Framing Layer
 62
256
370
-1
 48
1.0
  6
BYLAYER
100
AcDbLine
 10
12.5
 20
148.0
 30
0.0
 11
9.0
 21
148.0
 31
0.0
  0
LINE
  5
303
100
AcDbEntity
  8
Framing Layer
 62
256
370
-1
 48
1.0
  6
BYLAYER
100
AcDbLine
 10
12.5000000000000071
 20
6.25
 30
0.0
 11
9.0000000000000071
 21
6.25
 31
0.0
  0
LINE
  5
304
100
AcDbEntity
  8
Step 02
 62
256
370
-1
 48
1.0
  6
BYLAYER
100
AcDbLine
 10
89.9518472098516924
 20
20.7731327729230593
 30
0.0
 11
82.9518472098516924
 21
20.7731327729230593
 31
0.0
  0
CIRCLE
  5
305
100
AcDbEntity
  8
Framing Layer
 62
256
370
-1
 48
1.0
  6
BYLAYER
100
AcDbCircle
 10
9.5532277511573831
 20
6.6238565788615329
 30
0.0
 40
0.1945216647575966
  0
CIRCLE
  5
306
100
AcDbEntity
  8
Framing Layer
 62
256
370
-1
 48
1.0
  6
BYLAYER
100
AcDbCircle
 10
10.8032277511573831
 20
6.6238565788615329
 30
0.0
 40
0.1945216647575966
  0
CIRCLE
  5
307
100
AcDbEntity
  8
Framing Layer
 62
256
370
-1
 48
1.0
  6
BYLAYER
100
AcDbCircle
 10
12.0532277511573831
 20
6.6238565788615329
 30
0.0
 40
0.1945216647575966
  0
CIRCLE
  5
308
100
AcDbEntity
  8
Framing Layer
 62
256
370
-1
 48
1.0
  6
BYLAYER
100
AcDbCircle
 10
9.5117890692640046
 20
149.3456169621528318
 30
0.0
 40
0.1945216647575966
  0
CIRCLE
  5
309
100
AcDbEntity
  8
Framing Layer
 62
256
370
-1
 48
1.0
  6
BYLAYER
100
AcDbCircle
 10
10.7617890692640046
 20
149.3456169621528318
 30
0.0
 40
0.1945216647575966
  0
CIRCLE
  5
30A
100
AcDbEntity
  8
Framing Layer
 62
256
370
-1
 48
1.0
  6
BYLAYER
100
AcDbCircle
 10
12.0117890692640046
 20
149.3456169621528318
 30
0.0
 40
0.1945216647575966
  0
CIRCLE
  5
30B
100
AcDbEntity
  8
Step 02
 62
256
370
-1
 48
1.0
  6
BYLAYER
100
AcDbCircle
 10
84.0583027121664514
 20
20.0254196151999899
 30
0.0
 40
0.3890433295151931
  0
CIRCLE
  5
30C
100
AcDbEntity
  8
Step 02
 62
256
370
-1
 48
1.0
  6
BYLAYER
100
AcDbCircle
 10
86.5583027121664514
 20
20.0254196151999899
 30
0.0
 40
0.3890433295151931
  0
CIRCLE
  5
30D
100
AcDbEntity
  8
Step 02
 62
256
370
-1
 48
1.0
  6
BYLAYER
100
AcDbCircle
 10
89.0583027121664514
 20
20.0254196151999899
 30
0.0
 40
0.3890433295151931
  0
CIRCLE
  5
30E
100
AcDbEntity
  8
Step 02
 62
256
370
-1
 48
1.0
  6
BYLAYER
100
AcDbCircle
 10
10.7784713140180557
 20
7.4570576972296241
 30
0.0
 40
4.271382915543728
  0
LINE
  5
30F
100
AcDbEntity
  8
Step 02
 62
256
370
-1
 48
1.0
  6
BYLAYER
100
AcDbLine
 10
70.6729585963912115
 20
24.3342919334714161
 30
0.0
 11
95.929272246505576
 21
24.3342919334714161
 31
0.0
  0
LINE
  5
310
100
AcDbEntity
  8
Step 02
 62
256
370
-1
 48
1.0
  6
BYLAYER
100
AcDbLine
 10
73.0166537120422419
 20
17.3297255840712019
 30
0.0
 11
96.1845722402847088
 21
17.3297255840712019
 31
0.0
  0
LINE
  5
311
100
AcDbEntity
  8
Step 02
 62
256
370
-1
 48
1.0
  6
BYLAYER
100
AcDbLine
 10
73.0166537120422419
 20
17.3297255840711983
 30
0.0
 11
70.673003985559717
 21
24.3341562795460078
 31
0.0
  0
LINE
  5
312
100
AcDbEntity
  8
Step 02
 62
256
370
-1
 48
1.0
  6
BYLAYER
100
AcDbLine
 10
95.929272246505576
 20
24.3647222748287717
 30
0.0
 11
95.929272246505576
 21
24.2675000517570965
 31
0.0
  0
LINE
  5
313
100
AcDbEntity
  8
Step 02
 62
256
370
-1
 48
1.0
  6
BYLAYER
100
AcDbLine
 10
95.929272246505576
 20
24.2675000517570965
 30
0.0
 11
95.8320500234339079
 21
24.073055605613753
 31
0.0
  0
LINE
  5
314
100
AcDbEntity
  8
Step 02
 62
256
370
-1
 48
1.0
  6
BYLAYER
100
AcDbLine
 10
95.8320500234339079
 20
24.073055605613753
 30
0.0
 11
95.7348278003622397
 21
24.073055605613753
 31
0.0
  0
LINE
  5
315
100
AcDbEntity
  8
Step 02
 62
256
370
-1
 48
1.0
  6
BYLAYER
100
AcDbLine
 10
95.7348278003622397
 20
24.073055605613753
 30
0.0
 11
95.6376055772905715
 21
24.073055605613753
 31
0.0
  0
LINE
  5
316
100
AcDbEntity
  8
Step 02
 62
256
370
-1
 48
1.0
  6
BYLAYER
100
AcDbLine
 10
95.6376055772905715
 20
24.073055605613753
 30
0.0
 11
95.6376055772905715
 21
23.9758333825420848
 31
0.0
  0
LINE
  5
317
100
AcDbEntity
  8
Step 02
 62
256
370
-1
 48
1.0
  6
BYLAYER
100
AcDbLine
 10
95.6376055772905715
 20
23.9758333825420848
 30
0.0
 11
95.5403833542189034
 21
23.9758333825420848
 31
0.0
  0
LINE
  5
318
100
AcDbEntity
  8
Step 02
 62
256
370
-1
 48
1.0
  6
BYLAYER
100
AcDbLine
 10
95.5403833542189034
 20
23.9758333825420848
 30
0.0
 11
95.443161131147221
 21
23.9758333825420848
 31
0.0
  0
LINE
  5
319
100
AcDbEntity
  8
Step 02
 62
256
370
-1
 48
1.0
  6
BYLAYER
100
AcDbLine
 10
95.443161131147221
 20
23.9758333825420848
 30
0.0
 11
95.443161131147221
 21
23.8786111594704167
 31
0.0
  0
LINE
  5
31A
100
AcDbEntity
  8
Step 02
 62
256
370
-1
 48
1.0
  6
BYLAYER
100
AcDbLine
 10
95.443161131147221
 20
23.8786111594704167
 30
0.0
 11
95.1514944619322165
 21
23.7813889363987414
 31
0.0
  0
LINE
  5
31B
100
AcDbEntity
  8
Step 02
 62
256
370
-1
 48
1.0
  6
BYLAYER
100
AcDbLine
 10
95.1514944619322165
 20
23.7813889363987414
 30
0.0
 11
95.0542722388605483
 21
23.6841667133270732
 31
0.0
  0
LINE
  5
31C
100
AcDbEntity
  8
Step 02
 62
256
370
-1
 48
1.0
  6
BYLAYER
100
AcDbLine
 10
95.0542722388605483
 20
23.6841667133270732
 30
0.0
 11
94.8598277927171978
 21
23.586944490255398
 31
0.0
  0
LINE
  5
31D
100
AcDbEntity
  8
Step 02
 62
256
370
-1
 48
1.0
  6
BYLAYER
100
AcDbLine
 10
94.8598277927171978
 20
23.586944490255398
 30
0.0
 11
94.7626055696455296
 21
23.586944490255398
 31
0.0
  0
LINE
  5
31E
100
AcDbEntity
  8
Step 02
 62
256
370
-1
 48
1.0
  6
BYLAYER
100
AcDbLine
 10
94.7626055696455296
 20
23.586944490255398
 30
0.0
 11
94.5681611235021933
 21
23.3925000441120616
 31
0.0
  0
LINE
  5
31F
100
AcDbEntity
  8
Step 02
 62
256
370
-1
 48
1.0
  6
BYLAYER
100
AcDbLine
 10
94.5681611235021933
 20
23.3925000441120616
 30
0.0
 11
94.3737166773588427
 21
23.2952778210403864
 31
0.0
  0
LINE
  5
320
100
AcDbEntity
  8
Step 02
 62
256
370
-1
 48
1.0
  6
BYLAYER
100
AcDbLine
 10
94.3737166773588427
 20
23.2952778210403864
 30
0.0
 11
94.1792722312155064
 21
23.2952778210403864
 31
0.0
  0
LINE
  5
321
100
AcDbEntity
  8
Step 02
 62
256
370
-1
 48
1.0
  6
BYLAYER
100
AcDbLine
 10
94.1792722312155064
 20
23.2952778210403864
 30
0.0
 11
94.0820500081438382
 21
23.1008333748970429
 31
0.0
  0
LINE
  5
322
100
AcDbEntity
  8
Step 02
 62
256
370
-1
 48
1.0
  6
BYLAYER
100
AcDbLine
 10
94.0820500081438382
 20
23.1008333748970429
 30
0.0
 11
93.7903833389288195
 21
23.1008333748970429
 31
0.0
  0
LINE
  5
323
100
AcDbEntity
  8
Step 02
 62
256
370
-1
 48
1.0
  6
BYLAYER
100
AcDbLine
 10
93.7903833389288195
 20
23.1008333748970429
 30
0.0
 11
93.7903833389288195
 21
23.0036111518253747
 31
0.0
  0
LINE
  5
324
100
AcDbEntity
  8
Step 02
 62
256
370
-1
 48
1.0
  6
BYLAYER
100
AcDbLine
 10
93.7903833389288195
 20
23.0036111518253747
 30
0.0
 11
93.7903833389288195
 21
22.8091667056820313
 31
0.0
  0
LINE
  5
325
100
AcDbEntity
  8
Step 02
 62
256
370
-1
 48
1.0
  6
BYLAYER
100
AcDbLine
 10
93.7903833389288195
 20
22.8091667056820313
 30
0.0
 11
93.7903833389288195
 21
22.7119444826103631
 31
0.0
  0
LINE
  5
326
100
AcDbEntity
  8
Step 02
 62
256
370
-1
 48
1.0
  6
BYLAYER
100
AcDbLine
 10
93.7903833389288195
 20
22.7119444826103631
 30
0.0
 11
93.7903833389288195
 21
22.6147222595386879
 31
0.0
  0
LINE
  5
327
100
AcDbEntity
  8
Step 02
 62
256
370
-1
 48
1.0
  6
BYLAYER
100
AcDbLine
 10
93.7903833389288195
 20
22.6147222595386879
 30
0.0
 11
93.8876055620004877
 21
22.5175000364670197
 31
0.0
  0
LINE
  5
328
100
AcDbEntity
  8
Step 02
 62
256
370
-1
 48
1.0
  6
BYLAYER
100
AcDbLine
 10
93.8876055620004877
 20
22.5175000364670197
 30
0.0
 11
93.8876055620004877
 21
22.4202778133953515
 31
0.0
  0
LINE
  5
329
100
AcDbEntity
  8
Step 02
 62
256
370
-1
 48
1.0
  6
BYLAYER
100
AcDbLine
 10
93.8876055620004877
 20
22.4202778133953515
 30
0.0
 11
94.0820500081438382
 21
22.3230555903236763
 31
0.0
  0
LINE
  5
32A
100
AcDbEntity
  8
Step 02
 62
256
370
-1
 48
1.0
  6
BYLAYER
100
AcDbLine
 10
94.0820500081438382
 20
22.3230555903236763
 30
0.0
 11
94.2764944542871746
 21
22.0313889211086646
 31
0.0
  0
LINE
  5
32B
100
AcDbEntity
  8
Step 02
 62
256
370
-1
 48
1.0
  6
BYLAYER
100
AcDbLine
 10
94.2764944542871746
 20
22.0313889211086646
 30
0.0
 11
94.2764944542871746
 21
21.8369444749653212
 31
0.0
  0
LINE
  5
32C
100
AcDbEntity
  8
Step 02
 62
256
370
-1
 48
1.0
  6
BYLAYER
100
AcDbLine
 10
94.2764944542871746
 20
21.8369444749653212
 30
0.0
 11
94.3737166773588427
 21
21.739722251893653
 31
0.0
  0
LINE
  5
32D
100
AcDbEntity
  8
Step 02
 62
256
370
-1
 48
1.0
  6
BYLAYER
100
AcDbLine
 10
94.3737166773588427
 20
21.739722251893653
 30
0.0
 11
94.4709389004305109
 21
21.5452778057503096
 31
0.0
  0
LINE
  5
32E
100
AcDbEntity
  8
Step 02
 62
256
370
-1
 48
1.0
  6
BYLAYER
100
AcDbLine
 10
94.4709389004305109
 20
21.5452778057503096
 30
0.0
 11
94.5681611235021933
 21
21.4480555826786414
 31
0.0
  0
LINE
  5
32F
100
AcDbEntity
  8
Step 02
 62
256
370
-1
 48
1.0
  6
BYLAYER
100
AcDbLine
 10
94.5681611235021933
 20
21.4480555826786414
 30
0.0
 11
94.6653833465738614
 21
21.3508333596069662
 31
0.0
  0
LINE
  5
330
100
AcDbEntity
  8
Step 02
 62
256
370
-1
 48
1.0
  6
BYLAYER
100
AcDbLine
 10
94.6653833465738614
 20
21.3508333596069662
 30
0.0
 11
94.7626055696455296
 21
21.3508333596069662
 31
0.0
  0
LINE
  5
331
100
AcDbEntity
  8
Step 02
 62
256
370
-1
 48
1.0
  6
BYLAYER
100
AcDbLine
 10
94.7626055696455296
 20
21.3508333596069662
 30
0.0
 11
94.8598277927171978
 21
21.3508333596069662
 31
0.0
  0
LINE
  5
332
100
AcDbEntity
  8
Step 02
 62
256
370
-1
 48
1.0
  6
BYLAYER
100
AcDbLine
 10
94.8598277927171978
 20
21.3508333596069662
 30
0.0
 11
94.8598277927171978
 21
21.253611136535298
 31
0.0
  0
LINE
  5
333
100
AcDbEntity
  8
Step 02
 62
256
370
-1
 48
1.0
  6
BYLAYER
100
AcDbLine
 10
94.8598277927171978
 20
21.253611136535298
 30
0.0
 11
94.8598277927171978
 21
21.1563889134636227
 31
0.0
  0
LINE
  5
334
100
AcDbEntity
  8
Step 02
 62
256
370
-1
 48
1.0
  6
BYLAYER
100
AcDbLine
 10
94.8598277927171978
 20
21.1563889134636227
 30
0.0
 11
94.9570500157888659
 21
21.0591666903919545
 31
0.0
  0
LINE
  5
335
100
AcDbEntity
  8
Step 02
 62
256
370
-1
 48
1.0
  6
BYLAYER
100
AcDbLine
 10
94.9570500157888659
 20
21.0591666903919545
 30
0.0
 11
95.1514944619322165
 21
20.9619444673202864
 31
0.0
  0
LINE
  5
336
100
AcDbEntity
  8
Step 02
 62
256
370
-1
 48
1.0
  6
BYLAYER
100
AcDbLine
 10
95.1514944619322165
 20
20.9619444673202864
 30
0.0
 11
95.3459389080755528
 21
20.9619444673202864
 31
0.0
  0
LINE
  5
337
100
AcDbEntity
  8
Step 02
 62
256
370
-1
 48
1.0
  6
BYLAYER
100
AcDbLine
 10
95.3459389080755528
 20
20.9619444673202864
 30
0.0
 11
95.443161131147221
 21
20.8647222442486111
 31
0.0
  0
LINE
  5
338
100
AcDbEntity
  8
Step 02
 62
256
370
-1
 48
1.0
  6
BYLAYER
100
AcDbLine
 10
95.443161131147221
 20
20.8647222442486111
 30
0.0
 11
95.5403833542189034
 21
20.8647222442486111
 31
0.0
  0
LINE
  5
339
100
AcDbEntity
  8
Step 02
 62
256
370
-1
 48
1.0
  6
BYLAYER
100
AcDbLine
 10
95.5403833542189034
 20
20.8647222442486111
 30
0.0
 11
95.6376055772905715
 21
20.8647222442486111
 31
0.0
  0
LINE
  5
33A
100
AcDbEntity
  8
Step 02
 62
256
370
-1
 48
1.0
  6
BYLAYER
100
AcDbLine
 10
95.6376055772905715
 20
20.8647222442486111
 30
0.0
 11
95.6376055772905715
 21
20.7675000211769429
 31
0.0
  0
LINE
  5
33B
100
AcDbEntity
  8
Step 02
 62
256
370
-1
 48
1.0
  6
BYLAYER
100
AcDbLine
 10
95.6376055772905715
 20
20.7675000211769429
 30
0.0
 11
95.7348278003622397
 21
20.7675000211769429
 31
0.0
  0
LINE
  5
33C
100
AcDbEntity
  8
Step 02
 62
256
370
-1
 48
1.0
  6
BYLAYER
100
AcDbLine
 10
95.7348278003622397
 20
20.7675000211769429
 30
0.0
 11
95.7348278003622397
 21
20.6702777981052677
 31
0.0
  0
LINE
  5
33D
100
AcDbEntity
  8
Step 02
 62
256
370
-1
 48
1.0
  6
BYLAYER
100
AcDbLine
 10
95.7348278003622397
 20
20.6702777981052677
 30
0.0
 11
95.7348278003622397
 21
20.5730555750335995
 31
0.0
  0
LINE
  5
33E
100
AcDbEntity
  8
Step 02
 62
256
370
-1
 48
1.0
  6
BYLAYER
100
AcDbLine
 10
95.7348278003622397
 20
20.5730555750335995
 30
0.0
 11
95.8320500234339079
 21
20.4758333519619313
 31
0.0
  0
LINE
  5
33F
100
AcDbEntity
  8
Step 02
 62
256
370
-1
 48
1.0
  6
BYLAYER
100
AcDbLine
 10
95.8320500234339079
 20
20.4758333519619313
 30
0.0
 11
95.8320500234339079
 21
20.2813889058185879
 31
0.0
  0
LINE
  5
340
100
AcDbEntity
  8
Step 02
 62
256
370
-1
 48
1.0
  6
BYLAYER
100
AcDbLine
 10
95.8320500234339079
 20
20.2813889058185879
 30
0.0
 11
95.8320500234339079
 21
20.1841666827469126
 31
0.0
  0
LINE
  5
341
100
AcDbEntity
  8
Step 02
 62
256
370
-1
 48
1.0
  6
BYLAYER
100
AcDbLine
 10
95.8320500234339079
 20
20.1841666827469126
 30
0.0
 11
95.8320500234339079
 21
20.0869444596752444
 31
0.0
  0
LINE
  5
342
100
AcDbEntity
  8
Step 02
 62
256
370
-1
 48
1.0
  6
BYLAYER
100
AcDbLine
 10
95.8320500234339079
 20
20.0869444596752444
 30
0.0
 11
95.8320500234339079
 21
19.9897222366035763
 31
0.0
  0
LINE
  5
343
100
AcDbEntity
  8
Step 02
 62
256
370
-1
 48
1.0
  6
BYLAYER
100
AcDbLine
 10
95.8320500234339079
 20
19.9897222366035763
 30
0.0
 11
95.8320500234339079
 21
19.892500013531901
 31
0.0
  0
LINE
  5
344
100
AcDbEntity
  8
Step 02
 62
256
370
-1
 48
1.0
  6
BYLAYER
100
AcDbLine
 10
95.8320500234339079
 20
19.892500013531901
 30
0.0
 11
95.8320500234339079
 21
19.7952777904602328
 31
0.0
  0
LINE
  5
345
100
AcDbEntity
  8
Step 02
 62
256
370
-1
 48
1.0
  6
BYLAYER
100
AcDbLine
 10
95.8320500234339079
 20
19.7952777904602328
 30
0.0
 11
95.8320500234339079
 21
19.6980555673885576
 31
0.0
  0
LINE
  5
346
100
AcDbEntity
  8
Step 02
 62
256
370
-1
 48
1.0
  6
BYLAYER
100
AcDbLine
 10
95.8320500234339079
 20
19.6980555673885576
 30
0.0
 11
95.8320500234339079
 21
19.6008333443168894
 31
0.0
  0
LINE
  5
347
100
AcDbEntity
  8
Step 02
 62
256
370
-1
 48
1.0
  6
BYLAYER
100
AcDbLine
 10
95.8320500234339079
 20
19.6008333443168894
 30
0.0
 11
95.8320500234339079
 21
19.406388898173546
 31
0.0
  0
LINE
  5
348
100
AcDbEntity
  8
Step 02
 62
256
370
-1
 48
1.0
  6
BYLAYER
100
AcDbLine
 10
95.8320500234339079
 20
19.406388898173546
 30
0.0
 11
95.8320500234339079
 21
19.3091666751018778
 31
0.0
  0
LINE
  5
349
100
AcDbEntity
  8
Step 02
 62
256
370
-1
 48
1.0
  6
BYLAYER
100
AcDbLine
 10
95.8320500234339079
 20
19.3091666751018778
 30
0.0
 11
95.8320500234339079
 21
19.2119444520302025
 31
0.0
  0
LINE
  5
34A
100
AcDbEntity
  8
Step 02
 62
256
370
-1
 48
1.0
  6
BYLAYER
100
AcDbLine
 10
95.8320500234339079
 20
19.2119444520302025
 30
0.0
 11
95.8320500234339079
 21
19.0175000058868662
 31
0.0
  0
LINE
  5
34B
100
AcDbEntity
  8
Step 02
 62
256
370
-1
 48
1.0
  6
BYLAYER
100
AcDbLine
 10
95.8320500234339079
 20
19.0175000058868662
 30
0.0
 11
95.8320500234339079
 21
18.9202777828151909
 31
0.0
  0
LINE
  5
34C
100
AcDbEntity
  8
Step 02
 62
256
370
-1
 48
1.0
  6
BYLAYER
100
AcDbLine
 10
95.8320500234339079
 20
18.9202777828151909
 30
0.0
 11
95.8320500234339079
 21
18.8230555597435227
 31
0.0
  0
LINE
  5
34D
100
AcDbEntity
  8
Step 02
 62
256
370
-1
 48
1.0
  6
BYLAYER
100
AcDbLine
 10
95.8320500234339079
 20
18.8230555597435227
 30
0.0
 11
95.8320500234339079
 21
18.7258333366718475
 31
0.0
  0
LINE
  5
34E
100
AcDbEntity
  8
Step 02
 62
256
370
-1
 48
1.0
  6
BYLAYER
100
AcDbLine
 10
95.8320500234339079
 20
18.7258333366718475
 30
0.0
 11
95.8320500234339079
 21
18.6286111136001793
 31
0.0
  0
LINE
  5
34F
100
AcDbEntity
  8
Step 02
 62
256
370
-1
 48
1.0
  6
BYLAYER
100
AcDbLine
 10
95.8320500234339079
 20
18.6286111136001793
 30
0.0
 11
95.8320500234339079
 21
18.5313888905285111
 31
0.0
  0
LINE
  5
350
100
AcDbEntity
  8
Step 02
 62
256
370
-1
 48
1.0
  6
BYLAYER
100
AcDbLine
 10
95.8320500234339079
 20
18.5313888905285111
 30
0.0
 11
95.7348278003622397
 21
18.4341666674568359
 31
0.0
  0
LINE
  5
351
100
AcDbEntity
  8
Step 02
 62
256
370
-1
 48
1.0
  6
BYLAYER
100
AcDbLine
 10
95.7348278003622397
 20
18.4341666674568359
 30
0.0
 11
95.6376055772905715
 21
18.4341666674568359
 31
0.0
  0
LINE
  5
352
100
AcDbEntity
  8
Step 02
 62
256
370
-1
 48
1.0
  6
BYLAYER
100
AcDbLine
 10
95.6376055772905715
 20
18.4341666674568359
 30
0.0
 11
95.5403833542189034
 21
18.4341666674568359
 31
0.0
  0
LINE
  5
353
100
AcDbEntity
  8
Step 02
 62
256
370
-1
 48
1.0
  6
BYLAYER
100
AcDbLine
 10
95.5403833542189034
 20
18.4341666674568359
 30
0.0
 11
95.5403833542189034
 21
18.3369444443851677
 31
0.0
  0
LINE
  5
354
100
AcDbEntity
  8
Step 02
 62
256
370
-1
 48
1.0
  6
BYLAYER
100
AcDbLine
 10
95.5403833542189034
 20
18.3369444443851677
 30
0.0
 11
95.5403833542189034
 21
18.2397222213134924
 31
0.0
  0
LINE
  5
355
100
AcDbEntity
  8
Step 02
 62
256
370
-1
 48
1.0
  6
BYLAYER
100
AcDbLine
 10
95.5403833542189034
 20
18.2397222213134924
 30
0.0
 11
95.6376055772905715
 21
18.2397222213134924
 31
0.0
  0
LINE
  5
356
100
AcDbEntity
  8
Step 02
 62
256
370
-1
 48
1.0
  6
BYLAYER
100
AcDbLine
 10
95.6376055772905715
 20
18.2397222213134924
 30
0.0
 11
95.7348278003622397
 21
18.2397222213134924
 31
0.0
  0
LINE
  5
357
100
AcDbEntity
  8
Step 02
 62
256
370
-1
 48
1.0
  6
BYLAYER
100
AcDbLine
 10
95.7348278003622397
 20
18.2397222213134924
 30
0.0
 11
95.8320500234339079
 21
18.2397222213134924
 31
0.0
  0
LINE
  5
358
100
AcDbEntity
  8
Step 02
 62
256
370
-1
 48
1.0
  6
BYLAYER
100
AcDbLine
 10
95.8320500234339079
 20
18.2397222213134924
 30
0.0
 11
95.8320500234339079
 21
18.1424999982418242
 31
0.0
  0
LINE
  5
359
100
AcDbEntity
  8
Step 02
 62
256
370
-1
 48
1.0
  6
BYLAYER
100
AcDbLine
 10
95.8320500234339079
 20
18.1424999982418242
 30
0.0
 11
95.929272246505576
 21
18.1424999982418242
 31
0.0
  0
LINE
  5
35A
100
AcDbEntity
  8
Step 02
 62
256
370
-1
 48
1.0
  6
BYLAYER
100
AcDbLine
 10
95.929272246505576
 20
18.1424999982418242
 30
0.0
 11
96.0264944695772584
 21
18.1424999982418242
 31
0.0
  0
LINE
  5
35B
100
AcDbEntity
  8
Step 02
 62
256
370
-1
 48
1.0
  6
BYLAYER
100
AcDbLine
 10
96.0264944695772584
 20
18.1424999982418242
 30
0.0
 11
96.1237166926489266
 21
18.1424999982418242
 31
0.0
  0
LINE
  5
35C
100
AcDbEntity
  8
Step 02
 62
256
370
-1
 48
1.0
  6
BYLAYER
100
AcDbLine
 10
96.1237166926489266
 20
18.1424999982418242
 30
0.0
 11
96.1237166926489266
 21
18.0452777751701561
 31
0.0
  0
LINE
  5
35D
100
AcDbEntity
  8
Step 02
 62
256
370
-1
 48
1.0
  6
BYLAYER
100
AcDbLine
 10
96.1237166926489266
 20
18.0452777751701561
 30
0.0
 11
96.2209389157205948
 21
18.0452777751701561
 31
0.0
  0
LINE
  5
35E
100
AcDbEntity
  8
Step 02
 62
256
370
-1
 48
1.0
  6
BYLAYER
100
AcDbLine
 10
96.2209389157205948
 20
18.0452777751701561
 30
0.0
 11
96.3181611387922629
 21
18.0452777751701561
 31
0.0
  0
LINE
  5
35F
100
AcDbEntity
  8
Step 02
 62
256
370
-1
 48
1.0
  6
BYLAYER
100
AcDbLine
 10
96.3181611387922629
 20
18.0452777751701561
 30
0.0
 11
96.5126055849356135
 21
18.0452777751701561
 31
0.0
  0
LINE
  5
360
100
AcDbEntity
  8
Step 02
 62
256
370
-1
 48
1.0
  6
BYLAYER
100
AcDbLine
 10
96.5126055849356135
 20
18.0452777751701561
 30
0.0
 11
96.5126055849356135
 21
17.9480555520984808
 31
0.0
  0
LINE
  5
361
100
AcDbEntity
  8
Step 02
 62
256
370
-1
 48
1.0
  6
BYLAYER
100
AcDbLine
 10
96.5126055849356135
 20
17.9480555520984808
 30
0.0
 11
96.5126055849356135
 21
17.7536111059551374
 31
0.0
  0
LINE
  5
362
100
AcDbEntity
  8
Step 02
 62
256
370
-1
 48
1.0
  6
BYLAYER
100
AcDbLine
 10
96.5126055849356135
 20
17.7536111059551374
 30
0.0
 11
96.5126055849356135
 21
17.6563888828834692
 31
0.0
  0
LINE
  5
363
100
AcDbEntity
  8
Step 02
 62
256
370
-1
 48
1.0
  6
BYLAYER
100
AcDbLine
 10
96.5126055849356135
 20
17.6563888828834692
 30
0.0
 11
96.3181611387922629
 21
17.6563888828834692
 31
0.0
  0
LINE
  5
364
100
AcDbEntity
  8
Step 02
 62
256
370
-1
 48
1.0
  6
BYLAYER
100
AcDbLine
 10
96.3181611387922629
 20
17.6563888828834692
 30
0.0
 11
96.3181611387922629
 21
17.559166659811801
 31
0.0
  0
LINE
  5
365
100
AcDbEntity
  8
Step 02
 62
256
370
-1
 48
1.0
  6
BYLAYER
100
AcDbLine
 10
96.3181611387922629
 20
17.559166659811801
 30
0.0
 11
96.2209389157205948
 21
17.559166659811801
 31
0.0
  0
CIRCLE
  5
366
100
AcDbEntity
  8
Step 02
 62
256
370
-1
 48
1.0
  6
BYLAYER
100
AcDbCircle
 10
82.7029591645705153
 20
22.0431807499193262
 30
0.0
 40
15.0
  0
LINE
  5
367
100
AcDbEntity
  8
Step 02
 62
256
370
-1
 48
1.0
  6
BYLAYER
100
AcDbLine
 10
96.2209389157205948
 20
17.559166659811801
 30
0.0
 11
96.1845722402847088
 21
17.3297255840712019
 31
0.0
  0
MTEXT
  5
368
100
AcDbEntity
  8
Step 02
 62
256
370
-1
 48
1.0
  6
BYLAYER
100
AcDbMText
 10
82.8994913974987497
 20
39.5907094099411552
 30
0.0
 40
3.0
 41
0.0
 71
1
 72
1
  1
\H2.50001;Note: \fDejaVu Sans|b0|i0|c0|p0;Rafter bracket at other end\P  is on outside of rafter
  7
textstyle8
 50
90.0
 73
2
 44
1.0
  0
LINE
  5
369
100
AcDbEntity
  8
Step 02
 62
256
370
-1
 48
1.0
  6
BYLAYER
100
AcDbLine
 10
73.102959164570521
 20
16.6431807499193241
 30
0.0
 11
73.102959164570521
 21
12.6431807499193258
 31
0.0
  0
LINE
  5
36A
100
AcDbEntity
  8
Step 02
 62
256
370
-1
 48
1.0
  6
BYLAYER
100
AcDbLine
 10
82.9529591645705153
 20
16.6431807499193241
 30
0.0
 11
82.9529591645705153
 21
12.6431807499193258
 31
0.0
  0
LEADER
  5
36B
100
AcDbEntity
  8
Step 02
 62
256
370
-1
 48
1.0
  6
BYLAYER
100
AcDbLeader
  3
Standard
 71
1
 72
0
 73
3
 74
0
 75
0
 40
1.0
 41
10.0
 76
2
 10
73.1633599637565055
 20
13.3218877731888803
 10
76.7029591645705153
 20
13.3218877731888803
1001
ACAD
1000
DSTYLE
1002
{
1070
40
1040
1.0
1002
}
  0
LEADER
  5
36C
100
AcDbEntity
  8
Step 02
 62
256
370
-1
 48
1.0
  6
BYLAYER
100
AcDbLeader
  3
Standard
 71
1
 72
0
 73
3
 74
0
 75
0
 40
1.0
 41
10.0
 76
2
 10
82.9529591645705153
 20
13.3218877699193268
 10
79.7029591645705153
 20
13.3218877699193268
1001
ACAD
1000
DSTYLE
1002
{
1070
40
1040
1.0
1002
}
  0
MTEXT
  5
36D
100
AcDbEntity
  8
Step 02
 62
256
370
-1
 48
1.0
  6
BYLAYER
100
AcDbMText
 10
77.3005044281396891
 20
14.1367798646583029
 30
0.0
 40
2.5
 41
0.0
 71
1
 72
1
  1
\fDejaVu Sans|b0|i0|c0|p0;\H1.5;6"
  7
textstyle9
 50
0.0
 73
2
 44
1.0
  0
LINE
  5
36E
100
AcDbEntity
  8
Step 02
 62
256
370
-1
 48
1.0
  6
BYLAYER
100
AcDbLine
 10
67.9738065918730996
 20
19.2055647628271586
 30
0.0
 11
15.0
 21
9.0
 31
0.0
  0
HATCH
  5
36F
100
AcDbEntity
  8
Step 05
 62
256
370
-1
 48
1.0
  6
BYLAYER
100
AcDbHatch
 10
0.0
 20
0.0
 30
0.0
210
0.0
220
0.0
230
1.0
  2
SOLID
 70
1
 71
0
 91
1
 92
1
 93
4
 72
1
 10
61.289999999999992
 20
0.0
 11
53.7899999999999352
 21
0.0
 72
1
 10
53.7899999999999352
 20
0.0
 11
53.7900000000000063
 21
155.9999999999999716
 72
1
 10
53.7900000000000063
 20
155.9999999999999716
 11
61.2900000000000063
 21
156.0000000000000284
 72
1
 10
61.2900000000000063
 20
156.0000000000000284
 11
61.289999999999992
 21
0.0
 97
0
 75
0
 76
1
 98
0
1001
ACAD
1010
0.0
1020
0.0
1030
0
  0
INSERT
  5
370
100
AcDbEntity
  8
Step 05
 62
256
370
-1
 48
1.0
  6
BYLAYER
100
AcDbBlockReference
  2
WhiteBore
 10
59.8368265144925573
 20
10.3272353160823229
 30
0.0
 41
1.0
 42
-1.0
 43
1.0
 50
180.0
  0
INSERT
  5
371
100
AcDbEntity
  8
Step 05
 62
256
370
-1
 48
1.0
  6
BYLAYER
100
AcDbBlockReference
  2
WhiteBore
 10
59.8507492615830756
 20
8.6647881224051559
 30
0.0
 41
1.0
 42
-1.0
 43
1.0
 50
180.0
  0
INSERT
  5
372
100
AcDbEntity
  8
Step 05
 62
256
370
-1
 48
1.0
  6
BYLAYER
100
AcDbBlockReference
  2
WhiteBore
 10
59.9061224390208338
 20
29.9320924189011208
 30
0.0
 41
1.0
 42
-1.0
 43
1.0
 50
180.0
  0
INSERT
  5
373
100
AcDbEntity
  8
Step 05
 62
256
370
-1
 48
1.0
  6
BYLAYER
100
AcDbBlockReference
  2
WhiteBore
 10
59.9061224390208693
 20
53.932092418901135
 30
0.0
 41
1.0
 42
-1.0
 43
1.0
 50
180.0
  0
INSERT
  5
374
100
AcDbEntity
  8
Step 05
 62
256
370
-1
 48
1.0
  6
BYLAYER
100
AcDbBlockReference
  2
WhiteBore
 10
59.9061224390208764
 20
77.9320924189011492
 30
0.0
 41
1.0
 42
-1.0
 43
1.0
 50
180.0
  0
INSERT
  5
375
100
AcDbEntity
  8
Step 05
 62
256
370
-1
 48
1.0
  6
BYLAYER
100
AcDbBlockReference
  2
WhiteBore
 10
59.9061224390208622
 20
101.932092418901135
 30
0.0
 41
1.0
 42
-1.0
 43
1.0
 50
180.0
  0
INSERT
  5
376
100
AcDbEntity
  8
Step 05
 62
256
370
-1
 48
1.0
  6
BYLAYER
100
AcDbBlockReference
  2
WhiteBore
 10
59.9061224390208409
 20
125.932092418901135
 30
0.0
 41
1.0
 42
-1.0
 43
1.0
 50
180.0
  0
INSERT
  5
377
100
AcDbEntity
  8
Step 05
 62
256
370
-1
 48
1.0
  6
BYLAYER
100
AcDbBlockReference
  2
WhiteBore
 10
59.8101604900120662
 20
145.7545847581777139
 30
0.0
 41
1.0
 42
-1.0
 43
1.0
 50
180.0
  0
INSERT
  5
378
100
AcDbEntity
  8
Step 05
 62
256
370
-1
 48
1.0
  6
BYLAYER
100
AcDbBlockReference
  2
WhiteBore
 10
59.8116281285394749
 20
147.2262021467634838
 30
0.0
 41
1.0
 42
-1.0
 43
1.0
 50
180.0
  0
INSERT
  5
379
100
AcDbEntity
  8
Step 05
 62
256
370
-1
 48
1.0
  6
BYLAYER
100
AcDbBlockReference
  2
WhiteBore
 10
59.9493057497280759
 20
155.1292989034578795
 30
0.0
 41
1.0
 42
-1.0
 43
1.0
 50
180.0
  0
ENDSEC
  0
SECTION
  2
OBJECTS
  0
DICTIONARY
  5
C
100
AcDbDictionary
280
0
281
1
  3
ACAD_GROUP
350
D
  3
ACAD_LAYOUT
350
1A
  3
ACAD_MLINESTYLE
350
17
  3
ACAD_PLOTSETTINGS
350
19
  3
ACAD_PLOTSTYLENAME
350
E
  3
AcDbVariableDictionary
350
37A
  3
QCAD_OBJECTS
350
37B
  0
DICTIONARY
  5
D
100
AcDbDictionary
280
0
281
1
  0
ACDBDICTIONARYWDFLT
  5
E
100
AcDbDictionary
281
1
  3
Normal
350
F
100
AcDbDictionaryWithDefault
340
F
  0
ACDBPLACEHOLDER
  5
F
  0
DICTIONARY
  5
17
100
AcDbDictionary
280
0
281
1
  3
Standard
350
18
  0
MLINESTYLE
  5
18
100
AcDbMlineStyle
  2
STANDARD
 70
0
  3

 62
256
 51
90.0
 52
90.0
 71
2
 49
0.5
 62
256
  6
BYLAYER
 49
-0.5
 62
256
  6
BYLAYER
  0
DICTIONARY
  5
19
100
AcDbDictionary
280
0
281
1
  0
DICTIONARY
  5
1A
100
AcDbDictionary
281
1
  3
Layout1
350
1E
  3
Layout2
350
26
  3
Model
350
22
  0
LAYOUT
  5
1E
100
AcDbPlotSettings
  1

  2
none_device
  4

  6

 40
0.0
 41
0.0
 42
0.0
 43
0.0
 44
0.0
 45
0.0
 46
0.0
 47
0.0
 48
0.0
 49
0.0
140
0.0
141
0.0
142
1.0
143
1.0
 70
688
 72
0
 73
0
 74
5
  7

 75
16
147
1.0
148
0.0
149
0.0
100
AcDbLayout
  1
Layout1
 70
1
 71
1
 10
0.0
 20
0.0
 11
420.0
 21
297.0
 12
0.0
 22
0.0
 32
0.0
 14
100000000000000000000.0
 24
100000000000000000000.0
 34
100000000000000000000.0
 15
-100000000000000000000.0
 25
-100000000000000000000.0
 35
-100000000000000000000.0
146
0.0
 13
0.0
 23
0.0
 33
0.0
 16
1.0
 26
0.0
 36
0.0
 17
0.0
 27
1.0
 37
0.0
 76
0
330
1B
  0
LAYOUT
  5
22
100
AcDbPlotSettings
  1

  2
none_device
  4

  6

 40
0.0
 41
0.0
 42
0.0
 43
0.0
 44
0.0
 45
0.0
 46
0.0
 47
0.0
 48
0.0
 49
0.0
140
0.0
141
0.0
142
1.0
143
1.0
 70
1712
 72
0
 73
0
 74
0
  7

 75
0
147
1.0
148
0.0
149
0.0
100
AcDbLayout
  1
Model
 70
1
 71
0
 10
0.0
 20
0.0
 11
12.0
 21
9.0
 12
0.0
 22
0.0
 32
0.0
 14
0.0
 24
0.0
 34
0.0
 15
0.0
 25
0.0
 35
0.0
146
0.0
 13
0.0
 23
0.0
 33
0.0
 16
1.0
 26
0.0
 36
0.0
 17
0.0
 27
1.0
 37
0.0
 76
0
330
1F
  0
LAYOUT
  5
26
100
AcDbPlotSettings
  1

  2
none_device
  4

  6

 40
0.0
 41
0.0
 42
0.0
 43
0.0
 44
0.0
 45
0.0
 46
0.0
 47
0.0
 48
0.0
 49
0.0
140
0.0
141
0.0
142
1.0
143
1.0
 70
688
 72
0
 73
0
 74
5
  7

 75
16
147
1.0
148
0.0
149
0.0
100
AcDbLayout
  1
Layout2
 70
1
 71
2
 10
0.0
 20
0.0
 11
12.0
 21
9.0
 12
0.0
 22
0.0
 32
0.0
 14
0.0
 24
0.0
 34
0.0
 15
0.0
 25
0.0
 35
0.0
146
0.0
 13
0.0
 23
0.0
 33
0.0
 16
1.0
 26
0.0
 36
0.0
 17
0.0
 27
1.0
 37
0.0
 76
0
330
23
  0
DICTIONARY
  5
37A
100
AcDbDictionary
281
1
  3
DIMASSOC
350
37D
  3
HIDETEXT
350
37C
  0
DICTIONARYVAR
  5
37C
100
DictionaryVariables
280
0
  1
2
  0
DICTIONARYVAR
  5
37D
100
DictionaryVariables
280
0
  1
1
  0
DICTIONARY
  5
37B
100
AcDbDictionary
281
1
  3
ColorSettings/BackgroundColor
350
37E
  3
ColorSettings/ColorMode
350
37F
  3
DimensionSettings/AngularFormat
350
380
  3
DimensionSettings/AngularPrecision
350
381
  3
DimensionSettings/DecimalPoint
350
382
  3
DimensionSettings/DimensionFont
350
383
  3
DimensionSettings/DimensionTextColor
350
384
  3
DimensionSettings/KeepProportions
350
385
  3
DimensionSettings/LinearFormat
350
386
  3
DimensionSettings/LinearPrecision
350
387
  3
Grid/DisplayGrid00
350
388
  3
Grid/DisplayGrid01
350
389
  3
Grid/DisplayGrid02
350
38A
  3
Grid/DisplayGrid03
350
38B
  3
Grid/GridSpacingX00
350
38C
  3
Grid/GridSpacingX01
350
38D
  3
Grid/GridSpacingX02
350
38E
  3
Grid/GridSpacingX03
350
38F
  3
Grid/GridSpacingY00
350
390
  3
Grid/GridSpacingY01
350
391
  3
Grid/GridSpacingY02
350
392
  3
Grid/GridSpacingY03
350
393
  3
Grid/IsometricGrid00
350
394
  3
Grid/IsometricGrid01
350
395
  3
Grid/IsometricGrid02
350
396
  3
Grid/IsometricGrid03
350
397
  3
Grid/IsometricProjection00
350
398
  3
Grid/IsometricProjection01
350
399
  3
Grid/IsometricProjection02
350
39A
  3
Grid/IsometricProjection03
350
39B
  3
Grid/MetaGridSpacingX00
350
39C
  3
Grid/MetaGridSpacingX01
350
39D
  3
Grid/MetaGridSpacingX02
350
39E
  3
Grid/MetaGridSpacingX03
350
39F
  3
Grid/MetaGridSpacingY00
350
3A0
  3
Grid/MetaGridSpacingY01
350
3A1
  3
Grid/MetaGridSpacingY02
350
3A2
  3
Grid/MetaGridSpacingY03
350
3A3
  3
MultiPageSettings/Columns
350
3A4
  3
MultiPageSettings/GlueMarginsBottom
350
3A5
  3
MultiPageSettings/GlueMarginsLeft
350
3A6
  3
MultiPageSettings/GlueMarginsRight
350
3A7
  3
MultiPageSettings/GlueMarginsTop
350
3A8
  3
MultiPageSettings/PrintCropMarks
350
3A9
  3
MultiPageSettings/Rows
350
3AA
  3
PageSettings/OffsetX
350
3AB
  3
PageSettings/OffsetY
350
3AC
  3
PageSettings/PageOrientation
350
3AD
  3
PageSettings/PaperHeight
350
3AE
  3
PageSettings/PaperSizeAccepted
350
3AF
  3
PageSettings/PaperSizeName
350
3B0
  3
PageSettings/PaperWidth
350
3B1
  3
PageSettings/PointSize
350
3B2
  3
PageSettings/Scale
350
3B3
  3
PageSettings/ShowPaperBorders
350
3B4
  3
PageTagSettings/EnablePageTags
350
3B5
  3
PageTagSettings/TagAlignment
350
3B6
  3
PageTagSettings/TagFont
350
3B7
  3
PageTagSettings/TagPosition
350
3B8
  3
QCADVersion
350
3B9
  3
UnitSettings/PaperUnit
350
3BA
  3
ViewportCenter
350
3BB
  3
ViewportHeight
350
3BC
  3
ViewportWidth
350
3BD
  0
XRECORD
  5
37E
330
37B
100
AcDbXrecord
280
1
1000
White
  0
XRECORD
  5
37F
330
37B
100
AcDbXrecord
280
1
1000
FullColor
  0
XRECORD
  5
380
330
37B
100
AcDbXrecord
280
1
 90
0
  0
XRECORD
  5
381
330
37B
100
AcDbXrecord
280
1
 90
0
  0
XRECORD
  5
382
330
37B
100
AcDbXrecord
280
1
 90
44
  0
XRECORD
  5
383
330
37B
100
AcDbXrecord
280
1
1000
DejaVu Sans
  0
XRECORD
  5
384
330
37B
100
AcDbXrecord
280
1
1000
By Layer
  0
XRECORD
  5
385
330
37B
100
AcDbXrecord
280
1
290
0
  0
XRECORD
  5
386
330
37B
100
AcDbXrecord
280
1
 90
3
  0
XRECORD
  5
387
330
37B
100
AcDbXrecord
280
1
 90
2
  0
XRECORD
  5
388
330
37B
100
AcDbXrecord
280
1
290
1
  0
XRECORD
  5
389
330
37B
100
AcDbXrecord
280
1
290
1
  0
XRECORD
  5
38A
330
37B
100
AcDbXrecord
280
1
290
1
  0
XRECORD
  5
38B
330
37B
100
AcDbXrecord
280
1
290
1
  0
XRECORD
  5
38C
330
37B
100
AcDbXrecord
280
1
1000
auto
  0
XRECORD
  5
38D
330
37B
100
AcDbXrecord
280
1
1000
auto
  0
XRECORD
  5
38E
330
37B
100
AcDbXrecord
280
1
1000
auto
  0
XRECORD
  5
38F
330
37B
100
AcDbXrecord
280
1
1000
auto
  0
XRECORD
  5
390
330
37B
100
AcDbXrecord
280
1
1000
auto
  0
XRECORD
  5
391
330
37B
100
AcDbXrecord
280
1
1000
auto
  0
XRECORD
  5
392
330
37B
100
AcDbXrecord
280
1
1000
auto
  0
XRECORD
  5
393
330
37B
100
AcDbXrecord
280
1
1000
auto
  0
XRECORD
  5
394
330
37B
100
AcDbXrecord
280
1
290
0
  0
XRECORD
  5
395
330
37B
100
AcDbXrecord
280
1
290
0
  0
XRECORD
  5
396
330
37B
100
AcDbXrecord
280
1
290
0
  0
XRECORD
  5
397
330
37B
100
AcDbXrecord
280
1
290
0
  0
XRECORD
  5
398
330
37B
100
AcDbXrecord
280
1
 90
65537
  0
XRECORD
  5
399
330
37B
100
AcDbXrecord
280
1
 90
65537
  0
XRECORD
  5
39A
330
37B
100
AcDbXrecord
280
1
 90
65537
  0
XRECORD
  5
39B
330
37B
100
AcDbXrecord
280
1
 90
65537
  0
XRECORD
  5
39C
330
37B
100
AcDbXrecord
280
1
1000
auto
  0
XRECORD
  5
39D
330
37B
100
AcDbXrecord
280
1
1000
auto
  0
XRECORD
  5
39E
330
37B
100
AcDbXrecord
280
1
1000
auto
  0
XRECORD
  5
39F
330
37B
100
AcDbXrecord
280
1
1000
auto
  0
XRECORD
  5
3A0
330
37B
100
AcDbXrecord
280
1
1000
auto
  0
XRECORD
  5
3A1
330
37B
100
AcDbXrecord
280
1
1000
auto
  0
XRECORD
  5
3A2
330
37B
100
AcDbXrecord
280
1
1000
auto
  0
XRECORD
  5
3A3
330
37B
100
AcDbXrecord
280
1
1000
auto
  0
XRECORD
  5
3A4
330
37B
100
AcDbXrecord
280
1
 90
1
  0
XRECORD
  5
3A5
330
37B
100
AcDbXrecord
280
1
 40
0.5
  0
XRECORD
  5
3A6
330
37B
100
AcDbXrecord
280
1
 40
0.5
  0
XRECORD
  5
3A7
330
37B
100
AcDbXrecord
280
1
 40
0.5
  0
XRECORD
  5
3A8
330
37B
100
AcDbXrecord
280
1
 40
0.5
  0
XRECORD
  5
3A9
330
37B
100
AcDbXrecord
280
1
290
0
  0
XRECORD
  5
3AA
330
37B
100
AcDbXrecord
280
1
 90
1
  0
XRECORD
  5
3AB
330
37B
100
AcDbXrecord
280
1
 40
-17.2280894406462117
  0
XRECORD
  5
3AC
330
37B
100
AcDbXrecord
280
1
 40
-11.0190285353381192
  0
XRECORD
  5
3AD
330
37B
100
AcDbXrecord
280
1
1000
Portrait
  0
XRECORD
  5
3AE
330
37B
100
AcDbXrecord
280
1
1000
9
  0
XRECORD
  5
3AF
330
37B
100
AcDbXrecord
280
1
290
1
  0
XRECORD
  5
3B0
330
37B
100
AcDbXrecord
280
1
1000
Custom
  0
XRECORD
  5
3B1
330
37B
100
AcDbXrecord
280
1
1000
6.5
  0
XRECORD
  5
3B2
330
37B
100
AcDbXrecord
280
1
1000
0.5
  0
XRECORD
  5
3B3
330
37B
100
AcDbXrecord
280
1
1000
1" = 20"
  0
XRECORD
  5
3B4
330
37B
100
AcDbXrecord
280
1
290
1
  0
XRECORD
  5
3B5
330
37B
100
AcDbXrecord
280
1
290
0
  0
XRECORD
  5
3B6
330
37B
100
AcDbXrecord
280
1
1000
Inside
  0
XRECORD
  5
3B7
330
37B
100
AcDbXrecord
280
1
1000
Arial,10,-1,5,50,0,0,0,0,0
  0
XRECORD
  5
3B8
330
37B
100
AcDbXrecord
280
1
1000
TopLeft
  0
XRECORD
  5
3B9
330
37B
100
AcDbXrecord
280
1
1000
3.32.6
  0
XRECORD
  5
3BA
330
37B
100
AcDbXrecord
280
1
 90
1
  0
XRECORD
  5
3BC
330
37B
100
AcDbXrecord
280
1
 40
142.0303568810899435
  0
XRECORD
  5
3BD
330
37B
100
AcDbXrecord
280
1
 40
177.5942180335657099
  0
IMAGEDEF
  5
18E
100
AcDbRasterImageDef
 90
0
  1
/home/means/Documents/TinyHomes/icons/mallet.png
 10
7.0
 20
7.0
 11
1.0
 21
1.0
280
1
281
0
  0
IMAGEDEF
  5
190
100
AcDbRasterImageDef
 90
0
  1
/home/means/Documents/TinyHomes/icons/mallet.png
 10
7.0
 20
7.0
 11
1.0
 21
1.0
280
1
281
0
  0
IMAGEDEF
  5
1BB
100
AcDbRasterImageDef
 90
0
  1
/home/means/Documents/TinyHomes/icons/Screw.png
 10
4.0
 20
9.0
 11
1.0
 21
1.0
280
1
281
0
  0
IMAGEDEF
  5
1BD
100
AcDbRasterImageDef
 90
0
  1
/home/means/Documents/TinyHomes/icons/Screw.png
 10
4.0
 20
9.0
 11
1.0
 21
1.0
280
1
281
0
  0
IMAGEDEF
  5
1BF
100
AcDbRasterImageDef
 90
0
  1
/home/means/Documents/TinyHomes/icons/Screw.png
 10
4.0
 20
9.0
 11
1.0
 21
1.0
280
1
281
0
  0
IMAGEDEF
  5
1C1
100
AcDbRasterImageDef
 90
0
  1
/home/means/Documents/TinyHomes/icons/Screw.png
 10
4.0
 20
9.0
 11
1.0
 21
1.0
280
1
281
0
  0
IMAGEDEF
  5
1C3
100
AcDbRasterImageDef
 90
0
  1
/home/means/Documents/TinyHomes/icons/Screw.png
 10
4.0
 20
9.0
 11
1.0
 21
1.0
280
1
281
0
  0
IMAGEDEF
  5
1C5
100
AcDbRasterImageDef
 90
0
  1
/home/means/Documents/TinyHomes/icons/Screw.png
 10
4.0
 20
9.0
 11
1.0
 21
1.0
280
1
281
0
  0
IMAGEDEF
  5
1C7
100
AcDbRasterImageDef
 90
0
  1
/home/means/Documents/TinyHomes/icons/Screw.png
 10
4.0
 20
9.0
 11
1.0
 21
1.0
280
1
281
0
  0
IMAGEDEF
  5
1C9
100
AcDbRasterImageDef
 90
0
  1
/home/means/Documents/TinyHomes/icons/Screw.png
 10
4.0
 20
9.0
 11
1.0
 21
1.0
280
1
281
0
  0
IMAGEDEF
  5
1CB
100
AcDbRasterImageDef
 90
0
  1
/home/means/Documents/TinyHomes/icons/Screw.png
 10
4.0
 20
9.0
 11
1.0
 21
1.0
280
1
281
0
  0
IMAGEDEF
  5
1CD
100
AcDbRasterImageDef
 90
0
  1
/home/means/Documents/TinyHomes/icons/Screw.png
 10
4.0
 20
9.0
 11
1.0
 21
1.0
280
1
281
0
  0
IMAGEDEF
  5
1CF
100
AcDbRasterImageDef
 90
0
  1
/home/means/Documents/TinyHomes/icons/Screw.png
 10
4.0
 20
9.0
 11
1.0
 21
1.0
280
1
281
0
  0
IMAGEDEF
  5
1D1
100
AcDbRasterImageDef
 90
0
  1
/home/means/Documents/TinyHomes/icons/Screw.png
 10
4.0
 20
9.0
 11
1.0
 21
1.0
280
1
281
0
  0
IMAGEDEF
  5
1D3
100
AcDbRasterImageDef
 90
0
  1
/home/means/Documents/TinyHomes/icons/Screw.png
 10
4.0
 20
9.0
 11
1.0
 21
1.0
280
1
281
0
  0
IMAGEDEF
  5
1D5
100
AcDbRasterImageDef
 90
0
  1
/home/means/Documents/TinyHomes/icons/Screw.png
 10
4.0
 20
9.0
 11
1.0
 21
1.0
280
1
281
0
  0
IMAGEDEF
  5
1D7
100
AcDbRasterImageDef
 90
0
  1
/home/means/Documents/TinyHomes/icons/Screw.png
 10
4.0
 20
9.0
 11
1.0
 21
1.0
280
1
281
0
  0
IMAGEDEF
  5
1D9
100
AcDbRasterImageDef
 90
0
  1
/home/means/Documents/TinyHomes/icons/Screw.png
 10
4.0
 20
9.0
 11
1.0
 21
1.0
280
1
281
0
  0
IMAGEDEF
  5
1DB
100
AcDbRasterImageDef
 90
0
  1
/home/means/Documents/TinyHomes/icons/Screw.png
 10
4.0
 20
9.0
 11
1.0
 21
1.0
280
1
281
0
  0
IMAGEDEF
  5
1DD
100
AcDbRasterImageDef
 90
0
  1
/home/means/Documents/TinyHomes/icons/Screw.png
 10
4.0
 20
9.0
 11
1.0
 21
1.0
280
1
281
0
  0
IMAGEDEF
  5
1DF
100
AcDbRasterImageDef
 90
0
  1
/home/means/Documents/TinyHomes/icons/Screw.png
 10
4.0
 20
9.0
 11
1.0
 21
1.0
280
1
281
0
  0
IMAGEDEF
  5
1E1
100
AcDbRasterImageDef
 90
0
  1
/home/means/Documents/TinyHomes/icons/Screw.png
 10
4.0
 20
9.0
 11
1.0
 21
1.0
280
1
281
0
  0
IMAGEDEF
  5
1E3
100
AcDbRasterImageDef
 90
0
  1
/home/means/Documents/TinyHomes/icons/Screw.png
 10
4.0
 20
9.0
 11
1.0
 21
1.0
280
1
281
0
  0
IMAGEDEF
  5
1E5
100
AcDbRasterImageDef
 90
0
  1
/home/means/Documents/TinyHomes/icons/Screw.png
 10
4.0
 20
9.0
 11
1.0
 21
1.0
280
1
281
0
  0
IMAGEDEF
  5
1E7
100
AcDbRasterImageDef
 90
0
  1
/home/means/Documents/TinyHomes/icons/Screw.png
 10
4.0
 20
9.0
 11
1.0
 21
1.0
280
1
281
0
  0
IMAGEDEF
  5
1E9
100
AcDbRasterImageDef
 90
0
  1
/home/means/Documents/TinyHomes/icons/Screw.png
 10
4.0
 20
9.0
 11
1.0
 21
1.0
280
1
281
0
  0
IMAGEDEF
  5
1EB
100
AcDbRasterImageDef
 90
0
  1
/home/means/Documents/TinyHomes/icons/Screw.png
 10
4.0
 20
9.0
 11
1.0
 21
1.0
280
1
281
0
  0
IMAGEDEF
  5
1ED
100
AcDbRasterImageDef
 90
0
  1
/home/means/Documents/TinyHomes/icons/Screw.png
 10
4.0
 20
9.0
 11
1.0
 21
1.0
280
1
281
0
  0
IMAGEDEF
  5
1EF
100
AcDbRasterImageDef
 90
0
  1
/home/means/Documents/TinyHomes/icons/Screw.png
 10
4.0
 20
9.0
 11
1.0
 21
1.0
280
1
281
0
  0
IMAGEDEF
  5
1F1
100
AcDbRasterImageDef
 90
0
  1
/home/means/Documents/TinyHomes/icons/Screw.png
 10
4.0
 20
9.0
 11
1.0
 21
1.0
280
1
281
0
  0
IMAGEDEF
  5
1F3
100
AcDbRasterImageDef
 90
0
  1
/home/means/Documents/TinyHomes/icons/Screw.png
 10
4.0
 20
9.0
 11
1.0
 21
1.0
280
1
281
0
  0
IMAGEDEF
  5
1F5
100
AcDbRasterImageDef
 90
0
  1
/home/means/Documents/TinyHomes/icons/Screw.png
 10
4.0
 20
9.0
 11
1.0
 21
1.0
280
1
281
0
  0
IMAGEDEF
  5
1F7
100
AcDbRasterImageDef
 90
0
  1
/home/means/Documents/TinyHomes/icons/Screw.png
 10
4.0
 20
9.0
 11
1.0
 21
1.0
280
1
281
0
  0
IMAGEDEF
  5
1F9
100
AcDbRasterImageDef
 90
0
  1
/home/means/Documents/TinyHomes/icons/Screw.png
 10
4.0
 20
9.0
 11
1.0
 21
1.0
280
1
281
0
  0
IMAGEDEF
  5
1FB
100
AcDbRasterImageDef
 90
0
  1
/home/means/Documents/TinyHomes/icons/Screw.png
 10
4.0
 20
9.0
 11
1.0
 21
1.0
280
1
281
0
  0
IMAGEDEF
  5
1FD
100
AcDbRasterImageDef
 90
0
  1
/home/means/Documents/TinyHomes/icons/Screw.png
 10
4.0
 20
9.0
 11
1.0
 21
1.0
280
1
281
0
  0
IMAGEDEF
  5
1FF
100
AcDbRasterImageDef
 90
0
  1
/home/means/Documents/TinyHomes/icons/Screw.png
 10
4.0
 20
9.0
 11
1.0
 21
1.0
280
1
281
0
  0
IMAGEDEF
  5
201
100
AcDbRasterImageDef
 90
0
  1
/home/means/Documents/TinyHomes/icons/Screw.png
 10
4.0
 20
9.0
 11
1.0
 21
1.0
280
1
281
0
  0
IMAGEDEF
  5
203
100
AcDbRasterImageDef
 90
0
  1
/home/means/Documents/TinyHomes/icons/Screw.png
 10
4.0
 20
9.0
 11
1.0
 21
1.0
280
1
281
0
  0
IMAGEDEF
  5
205
100
AcDbRasterImageDef
 90
0
  1
/home/means/Documents/TinyHomes/icons/Screw.png
 10
4.0
 20
9.0
 11
1.0
 21
1.0
280
1
281
0
  0
IMAGEDEF
  5
207
100
AcDbRasterImageDef
 90
0
  1
/home/means/Documents/TinyHomes/icons/Screw.png
 10
4.0
 20
9.0
 11
1.0
 21
1.0
280
1
281
0
  0
IMAGEDEF
  5
209
100
AcDbRasterImageDef
 90
0
  1
/home/means/Documents/TinyHomes/icons/Screw.png
 10
4.0
 20
9.0
 11
1.0
 21
1.0
280
1
281
0
  0
IMAGEDEF
  5
20B
100
AcDbRasterImageDef
 90
0
  1
/home/means/Documents/TinyHomes/icons/Screw.png
 10
4.0
 20
9.0
 11
1.0
 21
1.0
280
1
281
0
  0
IMAGEDEF
  5
20D
100
AcDbRasterImageDef
 90
0
  1
/home/means/Documents/TinyHomes/icons/Screw.png
 10
4.0
 20
9.0
 11
1.0
 21
1.0
280
1
281
0
  0
IMAGEDEF
  5
20F
100
AcDbRasterImageDef
 90
0
  1
/home/means/Documents/TinyHomes/icons/Screw.png
 10
4.0
 20
9.0
 11
1.0
 21
1.0
280
1
281
0
  0
IMAGEDEF
  5
211
100
AcDbRasterImageDef
 90
0
  1
/home/means/Documents/TinyHomes/icons/Screw.png
 10
4.0
 20
9.0
 11
1.0
 21
1.0
280
1
281
0
  0
IMAGEDEF
  5
213
100
AcDbRasterImageDef
 90
0
  1
/home/means/Documents/TinyHomes/icons/Screw.png
 10
4.0
 20
9.0
 11
1.0
 21
1.0
280
1
281
0
  0
IMAGEDEF
  5
215
100
AcDbRasterImageDef
 90
0
  1
/home/means/Documents/TinyHomes/icons/Screw.png
 10
4.0
 20
9.0
 11
1.0
 21
1.0
280
1
281
0
  0
IMAGEDEF
  5
217
100
AcDbRasterImageDef
 90
0
  1
/home/means/Documents/TinyHomes/icons/Screw.png
 10
4.0
 20
9.0
 11
1.0
 21
1.0
280
1
281
0
  0
IMAGEDEF
  5
219
100
AcDbRasterImageDef
 90
0
  1
/home/means/Documents/TinyHomes/icons/Screw.png
 10
4.0
 20
9.0
 11
1.0
 21
1.0
280
1
281
0
  0
IMAGEDEF
  5
21B
100
AcDbRasterImageDef
 90
0
  1
/home/means/Documents/TinyHomes/icons/Screw.png
 10
4.0
 20
9.0
 11
1.0
 21
1.0
280
1
281
0
  0
ENDSEC
  0
EOF
